amount,distance_km,new_device,new_payee,velocity_5min,hour,account_age_days,is_fraud,risk_score
240.03943777197486,0.6161164051018013,0,0,1,12,229.32092667195747,0,20.9
337.52790920997603,1.9243493610543136,0,0,0,21,1540.4097481357478,0,18.1
289.0716068870362,2.4443900085940644,0,0,1,22,329.4680359739441,0,20.1
303.76964734197645,4.250969265643051,0,0,0,17,1187.8486519981889,0,20.8
192.05224793888334,32.00214627006849,0,0,0,17,1347.8840636471152,0,13.9
36.173306062447494,0.4125840220363324,0,0,1,7,793.0547938571881,0,23.7
1933.1615670914982,267.7047856528048,0,1,1,2,179.02028595116485,1,99.6
194.61033053828086,8.116162304461515,0,0,1,10,59.91418716261445,0,25.4
113.18783271758201,5.282773858523605,0,0,0,4,1159.9117781971638,0,18.3
252.46368354752033,12.374808777571305,0,0,1,19,838.6405067287886,0,19.9
136.2836196345171,4.633995551074681,0,0,2,13,711.0613392185189,0,20.4
11136.230104930795,351.8153152884584,1,0,4,16,344.0696546450699,1,99.1
176.01045613820418,29.239797441771064,0,0,0,18,112.85278600394099,0,12.3
178.16162739410677,22.97048329877258,0,0,0,3,245.81621962620628,0,14.8
442.3487051010063,7.882895576206362,0,0,0,22,97.08994727893564,0,15.9
350.68237449783743,5.032285974646925,0,0,0,21,217.4922738053488,0,16.3
2182.4397403017197,229.71016218080192,1,0,4,0,314.1440520084255,1,99.1
120.42476808997245,7.3371791580169,0,0,1,22,788.872173163037,0,17.9
321.46572374610236,13.422687768350867,0,0,0,14,835.6953534999703,0,18.0
337.5774275848317,25.019338459890918,0,0,0,5,1555.0851791170232,0,16.4
228.79784636611015,9.81393691629337,0,0,0,16,387.4589788282966,0,17.4
223.72893207304276,2.0672312599816567,0,0,1,10,1292.6031567984928,0,23.4
297.2225225701644,0.8401009407016894,0,0,0,21,1531.7845984485148,0,20.8
668.6490449858649,8.756739329458284,0,0,1,16,402.7341447767208,0,23.6
21.18748649350116,17.061820940973465,0,0,0,14,4504.469389503605,0,17.1
237.94747832248072,4.684602816874822,0,0,0,23,768.2954628695948,0,15.2
114.06797841001807,8.319013262079395,0,0,1,0,1005.1769008701992,0,19.5
426.4432271417111,9.391945528929146,0,0,1,13,306.4919026895029,0,22.4
146.62423682712577,10.9526749087415,0,0,0,5,112.14596095648409,0,16.7
91.46087674314494,22.187599965835577,0,0,0,13,1127.3631246388452,0,14.4
211.31542881489406,17.760103185233856,0,0,0,18,1156.6852371748798,0,15.8
98.53363400366932,7.858723824979838,0,0,0,0,1328.3410872002391,0,16.3
245.05915921856462,5.095678695375049,0,0,1,18,180.0370802189536,0,21.4
78.21225550712616,5.699780320567842,0,1,1,21,166.1092296225649,0,14.6
182.59463999056933,3.1030065605284896,0,1,0,14,1178.7874601207984,0,15.4
20.71570032812143,14.517591005379325,0,0,2,1,1018.4729264885897,0,18.1
126.81128001075726,4.839893822524213,0,1,0,7,1274.0410944781745,0,15.6
218.82012054832703,11.852810060870414,0,0,1,19,151.31379488552335,0,17.0
135.5608336570538,4.041569435430805,0,0,1,0,1842.4902245540811,0,20.8
488.18640360405095,31.832191930371636,0,0,1,9,1234.9514832116445,0,22.9
189.86867898136495,19.529226125207163,0,0,0,15,187.17889042397152,0,14.2
278.00171183817224,1.9135153322803233,0,0,0,21,1496.4527351243655,0,17.8
323.1875379995034,14.034990982024079,1,0,0,21,34.34572502759979,0,25.1
302.99621349841476,6.163879943375624,0,0,0,16,289.70580592430935,0,19.3
677.1082299085683,1.427279628787285,0,0,1,23,1375.922953113668,0,16.7
567.1834479663618,5.479426570823683,1,0,1,22,194.66292737048732,0,24.5
482.38485271582334,3.8526451036073457,0,1,0,18,41.35037665409257,0,18.0
55.10140423629811,6.4879844365307795,0,0,0,5,100.01325318843885,0,19.3
205.65806940515415,1.3911987613566912,0,0,0,21,309.93620481300775,0,17.0
173.1789349117263,9.687939513498899,0,0,0,15,125.56897255002258,0,15.4
272.1720441089803,11.076417685553333,0,0,0,14,368.8620165891697,0,18.7
138.83328693167303,3.541045450921829,0,0,1,7,1662.413130897102,0,24.3
61.819401983974764,35.76272882684726,0,1,0,4,147.4280207604378,0,14.6
84.08891267108248,14.02637116023625,1,0,1,10,37.14883760266463,0,22.8
100.44046832263405,8.244585584235816,0,0,0,6,31.017453762795668,0,22.4
363.15192648449795,1.2037564877244549,0,0,0,18,327.34286871618957,0,18.4
165.00744263159402,13.154983038874375,0,0,3,0,1382.4830446454034,0,17.2
175.4634924069531,17.841147095177604,0,1,0,20,107.51659426589451,0,12.8
507.2094707562755,12.297429960323802,0,0,2,18,1468.285410027397,0,22.9
279.5826979195781,8.727067041291413,0,0,0,15,131.15314683740527,0,16.6
167.9745814429154,1.6496785667584553,0,1,1,0,1511.1558555868519,0,22.2
230.33260903074998,1.3729227927911698,1,1,0,4,327.55200780810395,0,19.0
33.118479571097744,1.7799516639468786,0,0,2,10,504.9857794246064,0,19.3
231.70680960845795,3.1078162807144656,0,0,0,6,466.62453799354716,0,20.6
229.8248825481164,2.1038379777676117,0,0,2,2,409.28011850841375,0,16.5
18.528288959505034,12.880813336314217,0,0,1,17,888.3579101499221,0,23.3
572.074955996875,22.375687586089462,0,0,0,13,261.8825537727048,0,14.9
219.67166116996344,10.168807438078066,0,0,1,9,501.06614502103633,0,19.6
158.6436991763703,3.6719281308962275,0,0,0,19,79.69222742973918,0,22.0
73.29522970046864,1.2962951566541492,0,0,0,11,548.5488478718046,0,19.3
154.53251123127203,0.19841999447692563,0,0,0,20,803.7686329167575,0,20.3
397.98080027009377,37.85866898530606,0,0,0,3,238.79812198962045,0,15.4
163.03862691815263,14.223772362655389,0,1,0,12,52.76188729824899,0,17.4
62.18858524455189,9.873755460884759,0,0,1,18,293.9024236766491,0,19.8
275.98960527336067,1.8281226199533647,0,0,0,1,748.6585027314248,0,19.6
243.76412483691809,6.802107522671099,0,0,0,5,1739.3528976164969,0,19.2
316.26860931814815,20.87333066464423,0,0,0,21,143.36290770472874,0,12.8
469.6023041275131,2.901446406951962,0,0,2,12,2791.5343349585564,0,18.7
182.5825516963243,17.540595303271086,0,0,1,7,446.63863729511246,0,22.2
458.01642430694557,9.284044075538088,0,0,0,19,884.127047262531,0,24.3
154.14071737367462,15.460389951376747,0,0,1,2,704.6810265246917,0,22.8
67.0910179433225,13.563994095739925,0,1,1,0,371.05918929210605,0,22.5
120.56326452646624,12.061838372427005,0,0,1,9,62.956180504721075,1,23.9
114.61401314579949,4.179026871907074,0,0,0,13,2886.062524682358,1,16.1
169.4299667607019,8.186057497090024,0,0,0,18,622.7645272332776,0,17.5
124.95530868202049,33.97781947923679,0,0,0,4,1095.2383718917552,0,13.5
580.2248733811582,14.367986275839778,0,0,2,10,222.50540877614296,0,20.0
189.11720720991732,6.243652871392956,0,0,0,18,291.1503490857896,0,17.8
184.52672376467044,3.8824085362138296,0,0,1,20,674.3971813519664,0,23.0
151.8150532846412,9.15669697379894,0,0,1,16,32.29226558156459,0,32.2
233.53638282125718,0.9405599699378411,1,0,1,2,837.0496219390377,0,15.7
459.0954023303298,11.460925799813275,0,0,0,6,1375.8916994039307,0,18.5
362.4197259335667,0.42057489568806444,0,0,0,14,1171.5091882264244,0,18.6
90.54973997080268,10.131606999542347,0,0,1,3,68.5605857681638,0,21.4
56.22601073242512,7.990213816538018,0,0,0,16,430.7678250093818,0,18.0
199.38325726614397,6.683623178107407,0,0,0,1,671.9724884911428,0,19.8
242.3083400623923,6.999754432303052,0,0,1,23,1139.7225905247296,0,16.8
134.10873285740968,2.3986442639709598,0,0,1,13,360.6727075572074,0,22.4
511.7205464947989,1.3600232963693668,0,1,0,8,56.33380585867383,0,24.7
160.65672140352095,13.652144757752026,0,0,1,21,87.31816412133512,0,18.3
282.49867153837624,14.596566418655419,0,1,0,1,485.70580425096074,0,22.3
318.29523535420003,8.201551248264078,1,0,0,9,262.4822652323543,0,21.3
309.921616199563,2.7959519643182285,0,1,0,7,283.3722619780622,0,16.0
133.92606380967067,31.421461885872287,0,0,2,16,1082.0921060141666,0,16.9
223.7358991335469,6.2581662345466915,0,0,1,16,1132.3230537151633,0,23.0
30.65254737227593,2.6565289908730816,0,0,1,5,1524.4263866173192,0,25.1
741.5294099876796,11.938297701778112,0,0,1,15,1905.0048100723186,0,19.8
87.00592519777834,2.0333191741695,0,0,0,20,550.4834061740161,0,16.2
101.59378392586025,4.1486172116825,0,0,1,8,144.53920908198273,0,24.6
187.50901761643055,18.116635069125724,0,0,1,17,230.28931509521973,0,19.7
51.10292568542432,21.706887240684846,0,0,1,1,460.0721086581528,0,22.6
42.343359683645396,4.172283497356708,0,0,0,4,450.45754470338323,0,23.6
249.60315883219766,10.763679443494151,0,0,0,21,148.33791185363856,0,12.2
239.5014836316874,3.848803196932127,0,0,1,0,1222.8517836914511,0,23.6
335.10680663123486,0.8182141319158857,0,0,0,11,347.0919532294498,0,21.7
201.6135251260947,7.064388305975896,0,0,0,22,1478.0471588064638,0,14.8
220.76837509423765,9.099217202544047,0,1,0,10,728.4404690677794,0,19.6
165.57998815999778,3.524885350556711,0,0,1,10,353.3943201596944,0,25.5
53.379740642394204,10.740467341015114,0,0,0,14,460.11333739530147,0,17.3
490.5647210831542,35.21574007850127,0,0,1,23,157.5791336052721,0,13.7
369.8462836830644,6.383568542469159,0,0,0,9,251.3123521170937,0,19.8
115.78045893464197,9.914416156441417,0,1,0,9,760.08018280166,0,16.5
397.6189459112699,13.083031009626628,0,0,0,10,234.66649766684793,0,16.2
306.6880368342594,9.582498082966197,0,0,1,0,147.76354674810582,0,23.3
602.1302592610424,13.57689097340216,0,0,0,15,424.5610239389498,0,15.5
9269.791337560277,770.303929437987,1,0,3,5,202.77673429435822,1,99.9
149.147952487403,5.051478921242566,0,0,0,1,2918.9414466323683,0,14.4
271.104576134321,11.052700411809827,0,0,1,17,85.78561597161568,0,19.6
116.20023894806556,7.755650679991271,0,0,2,2,1626.667937711085,0,16.6
231.31562342152162,11.024597371276183,0,0,1,1,317.67052772832915,0,23.6
207.35387244488686,1.2161280185368042,1,0,2,6,870.8126703996221,0,15.5
107.34600142993523,6.986247027008277,0,0,0,3,1160.136732304541,0,18.5
669.3659538061657,14.255724343616885,0,0,0,5,572.8820183936068,0,16.5
136.27844357808837,2.2806874193433586,0,0,0,6,429.46330493840253,0,19.7
391.31782096992833,0.645911672265546,0,0,0,21,2002.210275209259,0,19.9
437.8342555320963,7.294312481584371,0,0,0,10,918.0868873728332,0,23.3
100.87843905642389,13.0319107230318,1,0,2,2,1091.2380432978887,0,13.5
238.11357925630293,17.871644713835387,0,0,0,11,722.0711373497961,0,16.2
304.9644501553901,3.6482648581659567,0,0,0,21,91.44874451175454,0,18.4
580.077369208339,13.097205747530843,0,0,1,5,614.7089864778014,0,20.6
207.54085167872378,14.422043826132413,0,0,1,17,823.8871627332816,0,20.0
167.41194136955238,6.275978329268564,1,1,0,16,725.0076525814387,0,18.5
518.4076133888417,6.7807671183194715,0,0,0,15,639.4136046541649,0,25.1
223.71948106243462,18.365648832475333,0,0,0,11,1526.7123689496875,0,13.9
218.11460318338086,6.172586163031305,0,0,1,18,231.07455373444017,0,20.8
670.9483942730604,3.2421737471696144,0,0,1,15,586.8937073262244,0,23.9
392.7228818194951,11.667919579076958,0,0,0,11,834.9520820982822,0,20.8
129.20976026032153,1.8354863041412068,0,0,1,4,920.8707230652032,0,21.8
133.88876347267924,1.6136969788024575,1,0,1,9,266.17883495603127,0,21.7
61.22266514371667,7.787569138415978,0,1,0,7,877.7249608510946,0,13.7
92.90721737763594,2.191116931465722,1,0,0,0,220.29825681361953,0,16.8
107.88873956495003,4.677737087557605,0,0,0,5,1867.4992561818342,0,16.5
619.8089318903583,18.304941550118475,0,0,1,2,1062.3328952865627,0,23.1
473.6596128374702,1.4119892018375342,0,0,2,22,39.720128236130236,0,25.5
117.44085093767053,3.514929998371336,0,0,1,2,282.2597271767636,0,22.4
112.87436653040659,6.121631211126474,0,0,0,1,109.79586282800805,1,16.2
37.79598236647944,5.041304987456327,0,0,2,10,135.61325505282963,0,22.8
175.57929017135822,7.525340214271209,0,0,0,5,660.5064387058607,0,17.5
178.86236932375144,11.118970436513747,0,0,1,21,687.9092273010688,0,17.0
50.837791769299095,25.95078714910271,0,1,0,16,432.77711850311755,0,15.5
101.67695150144937,18.455306149782295,0,0,0,4,1030.400909367669,0,14.9
380.33319129268676,0.2932822079804851,0,0,0,7,30.20821803409141,0,27.6
163.79976903770458,9.31033983991322,0,0,0,17,242.65401675974996,0,16.3
207.90412123308343,16.49336236616595,0,1,0,16,273.36282878344156,0,14.8
124.8892148606624,1.9362967736780716,0,1,1,7,1452.3470043010655,0,18.0
793.5785732458518,4.442687630981687,0,1,1,18,757.5636209304536,0,17.8
190.78697262469717,1.7510244995347681,0,0,0,22,1334.1983747658464,0,17.2
44.884068266443045,26.834963647539066,0,0,1,17,106.84972128597933,0,23.4
202.7733086149936,12.136524650980336,0,1,0,13,530.2088165503324,0,16.4
152.6837972684006,0.5967180424582714,0,0,0,12,169.25346202031963,0,21.1
106.36268608742463,6.068173027953268,0,1,0,5,488.2549824254049,0,14.1
54.42050349138909,42.32232701377292,1,1,0,7,753.3657776995744,0,23.5
274.91011743978396,6.1722947891476,0,0,0,12,344.14975490481936,0,20.8
26.220018097088822,0.566922035711277,0,0,0,7,158.2704175622443,0,18.1
86.81738102512375,16.281444626694512,0,0,0,8,244.6174661574808,0,13.9
174.47550652223984,12.222076348747178,0,0,0,7,1191.2202178728235,0,14.8
176.28785069067058,12.100279741954804,0,0,0,13,632.2894687771645,0,15.7
163.68251100977503,20.026653854085144,1,0,0,4,903.5253323735113,0,18.8
258.04808453091357,10.942548357663147,0,0,0,15,261.3162699204355,0,15.8
101.71364348883588,42.71835718491674,0,0,0,5,1416.851123939088,0,12.7
87.9750582301878,3.1523336747288595,0,0,0,19,673.4245691957436,0,17.5
491.7608492420998,11.402149162480043,0,1,1,18,84.13565715982509,0,21.0
39.806388806307226,1.2877721792295465,0,1,0,1,1234.474923321593,0,16.5
305.46008926000064,5.537253263009657,0,0,1,19,287.5555247224535,0,23.1
559.0364970159978,4.885613057270879,1,0,0,10,971.526234926331,0,29.8
226.27131645547504,3.3730925580166033,0,0,0,23,327.6139577173913,0,15.2
365.42215612051945,4.892182998900646,0,0,1,6,622.5029202100941,0,25.5
308.0892492776369,1.4991273173782023,0,0,1,20,341.5200342936714,0,21.7
298.71421988667174,7.16023022672863,0,0,0,10,609.8385903289781,0,20.3
829.0487448206655,26.04235059550586,0,0,0,20,782.1629353611332,0,31.6
336.1295502718805,5.209590613638227,0,0,3,15,350.55698147502636,0,16.7
85.79404075659659,2.0651130974619134,0,0,0,10,1018.4527528388056,0,20.5
139.834479919434,1.9463815855186293,0,0,0,23,631.8320433577281,0,14.3
156.4119452122831,1.9711861941675932,0,0,0,1,795.0927920827296,0,19.9
103.81097639884314,6.488424838321883,0,0,1,11,1227.9279656308022,0,21.2
193.93345963572764,1.1567669339990072,0,0,0,17,57.05508317160006,0,19.3
37.705165459368814,40.06710072226911,0,0,0,16,525.2077768775664,0,18.0
104.10668559980013,1.3669319714463397,0,1,1,8,295.8109907500394,0,19.1
210.99740861808326,2.824607845959729,0,0,0,7,1079.6122293041753,0,20.8
103.61485020573991,0.5112135230073216,0,1,0,12,2762.661259382159,0,14.2
92.8716411254827,1.873255574987356,0,1,2,17,65.96919380701132,0,21.7
426.509406550147,6.78553795861747,0,0,0,18,109.5382860530712,0,21.0
92.7936706523055,2.864640647211164,0,0,1,4,1526.3239579890674,0,22.5
524.3036029074714,8.969831491003477,0,0,0,3,308.6621501972299,0,21.5
95.4362768931776,2.6822483860219886,0,0,0,0,4040.5418283704034,0,14.7
372.0325386874466,12.237329198250102,0,0,1,9,1278.1013898325564,0,24.0
119.6070127754302,7.138811090218481,0,0,1,18,2559.3755218912715,0,17.5
2331.7598178792828,384.62945678913957,1,0,4,0,355.619283017672,1,99.4
63.88143805174606,20.298661158742128,0,0,1,8,227.54752937590587,0,22.0
309.90792832337337,17.9549237694311,0,0,1,21,555.7645949291469,0,16.4
74.84846468961602,8.4663179208326,0,0,0,14,591.5473203230715,0,16.9
112.75935162642266,1.630106081706861,0,0,1,0,232.447153271538,0,19.4
389.99190369755155,51.15370227263849,0,0,0,2,173.3130215934691,0,16.8
101.62254444989942,6.603968045905338,0,0,0,5,947.7332165345223,0,18.5
206.5217282492112,19.15870967517879,0,0,0,16,1489.3274276238587,0,15.0
67.1587507510315,6.9128644119487035,0,1,1,12,580.4381958834672,0,17.8
141.37891877073983,9.709015857519173,0,0,1,8,621.4814400441312,0,21.8
180.2591403588306,7.56841671632647,0,0,1,3,1765.1345826902386,0,23.6
175.3227577530139,14.322645980785367,0,1,0,16,1536.2853363295035,0,14.2
7819.126609972745,1548.917545825969,1,1,3,6,26.690093005509464,1,100.0
208.7633855170934,0.6479245458336981,0,0,0,15,2416.9485157632234,0,16.1
377.860981799384,0.17766738279772132,0,0,1,1,603.7502363997747,0,18.3
154.43760366280955,2.326052046556435,0,0,2,22,555.56828912411,0,18.4
230.157926896933,5.958919175605848,0,0,0,8,201.75931530238705,0,18.1
288.86534724265334,13.27317854725792,0,0,0,23,309.48596399130787,0,10.9
164.44909748458454,39.579992681845034,0,0,0,10,297.23763085395507,0,14.6
251.18970120088338,12.903570774367465,0,0,0,21,677.1218700639539,0,14.2
191.19689075998403,23.290108677104765,0,0,1,7,1436.2335623462131,0,22.2
136.01518466669697,8.442462166604093,0,0,0,7,1047.412231163503,0,16.7
14.44582828791506,13.974214540124722,0,0,1,20,561.6754899975557,0,26.3
217.53029389932348,1.4272810841194865,0,0,0,20,2730.686146272662,0,16.6
375.5911607155958,3.6606237292139525,0,1,0,4,76.13260077198213,0,21.9
369.60983036942906,3.807850944592561,0,0,0,3,869.135056146804,0,22.7
205.575477417905,4.027642482953769,0,0,0,11,149.5380067439046,0,20.4
414.94386078600513,7.950152067017665,0,0,1,23,509.0798532192994,0,12.9
119.15322311694835,4.505258605660554,0,0,1,8,2072.2947003475842,0,20.8
288.09609122298116,30.609673326592052,0,0,2,8,145.29950245554056,0,18.0
502.7570530620138,8.198639892251421,0,0,1,15,109.96964260772054,0,26.5
51.2788521638691,2.543267373613381,1,0,0,16,276.52639803156524,0,21.6
362.6757307835516,21.87688701720644,0,0,0,7,483.10594135088604,0,18.1
270.3232230196667,9.818087799110446,0,0,1,10,651.6567264051399,0,20.4
139.58181279472743,1.8538287520935783,0,0,0,7,249.9619460358938,0,18.3
77.57154039149675,5.974586749813166,0,0,0,15,122.28881827026228,0,16.7
203.34509664382495,9.931762827177518,0,0,2,12,698.045472931293,0,18.9
83.32514241763171,0.7569748196223954,0,0,2,16,311.5295221950443,0,18.6
325.9327956066892,14.281710326548808,0,0,1,15,525.37317040296,0,19.9
266.06061014347506,4.360336190462025,0,0,1,16,447.6904427176958,0,23.1
175.1437132192055,3.529034257719301,0,0,0,15,599.2110043479355,0,19.8
69.19171819726233,3.821261600289148,0,0,0,8,531.1375203510759,0,20.5
498.04366033223226,22.629921120460793,0,0,1,10,145.06245741083154,0,20.2
278.790009727089,4.938682221438741,0,0,0,12,234.26200426051892,0,19.3
179.507358534539,7.122692255876006,0,0,0,12,34.06984968573835,0,25.1
111.08155460658337,3.6244146662050594,0,0,0,9,1637.206725007221,0,18.4
767.4897446869578,3.187729967004748,0,0,0,2,158.858893932602,0,21.5
148.9471329644972,10.829997040853732,0,0,1,1,735.8514555784336,0,21.1
206.0303419177765,0.42979452847940297,0,0,1,13,1125.6804816283916,0,24.6
226.68570237423364,10.733055816732321,0,0,0,10,1750.3911433578296,0,14.3
155.61020389770027,27.419187997274086,1,0,0,19,217.9665266937542,0,20.7
359.90591265691273,4.03639639080783,0,0,0,21,93.74786217891256,0,19.7
309.0220355623216,1.694639609449031,0,0,1,3,1361.566252174174,0,23.4
355.59696985538085,7.398880727791096,0,0,0,4,143.4957934628509,0,21.1
55.301276261845565,0.37726514846860115,0,0,0,10,352.8840134059025,0,18.6
536.6450938759705,1.1159555341700205,0,0,0,4,643.1844893247152,0,23.5
113.07411359275645,2.828641853361444,0,0,0,0,167.37183147571108,0,18.1
93.04474013293895,2.45885695703676,0,0,0,4,287.6467279909044,0,18.8
21.55770968657817,2.7401508567891444,0,0,1,4,269.46300998246556,0,24.4
231.10272329212623,42.51903298612416,0,0,0,11,1737.0161361094708,0,12.6
60.38988075717156,15.585616090209403,0,1,1,23,48.49650741261549,0,18.1
30.517163510206057,12.034873620702491,0,0,0,20,236.72749098482973,0,13.7
143.68430627178236,24.22038163330037,0,0,3,9,1788.811579270718,0,15.8
427.7360060164535,4.052128237216994,0,0,1,10,1122.570986036107,0,24.4
463.3879693374706,14.167241883386161,0,0,2,13,2858.753297119552,0,17.1
176.29723027361572,5.079008977248262,0,0,0,7,403.51467984981485,0,19.9
623.7416866561107,6.929156274688125,0,0,0,16,2119.70705793423,0,17.8
100.0972022178109,7.171603799091382,0,0,0,23,506.6697236038793,0,11.5
177.46918657714795,5.863483251633724,0,1,0,11,115.01538061664324,0,17.6
42.94634378074157,12.819070274280044,0,0,0,10,649.4074855936741,1,18.0
173.40287347350898,11.114777086543686,0,0,0,17,935.3681506539112,0,16.9
226.14905059637223,5.673626030065443,0,0,0,8,640.2384401521222,0,20.0
149.8267175813197,4.093178015153825,0,1,1,19,632.7263302267422,0,16.1
250.59729306198682,9.218232260584308,0,0,0,20,276.47998039731993,0,17.0
471.1492682916818,0.7556611190241616,0,0,0,12,158.9039767273781,0,19.7
338.6932048964606,0.16657919310201,0,0,0,11,1284.3901928545981,0,18.7
149.16553063922967,0.6903655434453644,0,1,2,10,1074.0699135337288,0,15.0
186.35497495550197,1.302970719715726,0,1,1,11,568.4023804521217,0,17.3
301.5470020986171,5.752958830716322,0,0,1,21,1642.124044230637,0,22.0
109.61044355419152,5.971280549148579,0,0,2,21,1454.1015158998978,0,16.0
88.93039704020308,6.838131555469847,0,0,0,13,660.1628384137133,0,19.9
279.2051505047284,31.221288000225208,0,0,1,23,68.04912726230977,0,14.9
89.50393274134625,18.82889613230694,0,1,2,4,466.04704412009414,0,16.6
308.6266329026621,12.98375464955032,0,0,0,21,442.6662121493689,0,13.9
78.25620508616214,17.970096303811957,1,0,1,17,166.58391543568408,0,23.4
383.5525271717883,4.444754123379145,1,0,0,21,389.77589532649483,0,16.9
186.39090758636937,12.004065452371131,0,0,0,5,575.3449398974105,0,14.8
93.685109723032,11.152311785384763,0,1,0,16,73.77460154979428,0,15.7
39.28902372538257,3.971469432244279,0,0,1,11,124.5058643644123,0,26.4
509.70136973465867,4.838357611035554,0,0,0,4,336.16489399962904,0,26.0
294.88492182065386,16.186881492588203,0,1,0,18,1439.627262711637,0,16.1
443.63949723266956,2.916298632181419,0,0,0,9,2136.621212010526,0,16.7
313.0457823233653,2.734548252894463,0,0,0,0,742.5110999252395,0,22.8
290.08528614113584,13.164708279566954,0,0,1,22,399.5071816875883,0,16.0
2617.0340823401552,139.03724754785986,1,0,3,6,232.19882494558928,1,99.4
297.2944130414753,2.294641406672509,0,0,1,6,45.21178126426244,0,28.6
65.26123040754499,22.606338640928925,0,0,0,2,868.6652135177881,0,13.7
250.13437827992755,0.9146853281850901,0,0,1,0,65.5951032390121,0,23.0
279.74129548602383,1.4211846725266357,0,0,1,4,512.7372733034761,0,21.5
394.52496869111775,5.281832493715091,0,0,0,3,650.8370063899126,0,24.0
253.96331864366644,3.05624524112884,0,0,0,19,69.04114634397988,0,22.8
282.71951898209187,4.2331009381671025,0,0,0,12,80.43081746682387,0,24.7
155.964183347266,14.722434859570749,0,0,0,20,1902.0354857621396,0,14.4
98.72847890829148,10.414877747921144,0,0,0,15,1310.3945184497688,0,13.7
189.12649712843026,1.3355351195680798,0,0,0,8,416.2135789903271,0,22.3
451.65622691795556,28.860516105405665,0,0,2,20,444.2863043778904,0,17.2
91.01261049029542,0.3652167854722183,0,0,1,13,643.5254973299259,0,19.0
57.67908452360382,23.733671717569578,0,0,0,6,268.1673987247423,0,14.0
449.4644853015418,1.0926474093684604,0,0,0,15,395.58256932501104,0,19.4
584.8398993229681,16.700661071628424,0,0,1,0,391.8339962523045,0,22.4
158.64034738792125,5.805633389818144,0,0,0,0,119.63074006469178,0,19.0
235.209642701091,8.85251062176975,0,0,0,19,741.2310037778612,0,18.5
582.8834107248948,1.8920008273322086,1,0,1,21,389.031198933675,0,23.0
88.64675721346167,19.065644526624595,1,0,0,15,1061.3276088217856,0,19.4
123.50572873890263,8.07282961994952,0,0,0,12,421.8527246649824,0,18.8
374.9773975355845,4.87665394938929,0,0,1,1,158.4998729738591,0,24.2
219.5588147710653,27.738245496364698,0,0,2,20,93.70501872810192,0,15.4
660.2144919218047,11.384329093731973,0,0,2,4,97.72872216867465,0,21.0
49.045947524460026,18.488263657925163,0,0,0,1,83.5195722962344,0,19.5
353.59687660589424,1.5319312142810877,0,0,0,5,464.63463738800584,0,21.3
479.90905456882325,23.626796103940215,0,0,0,7,935.9308179062604,0,18.8
209.9921567066122,0.4353247784485248,0,0,0,5,581.3824641131616,0,19.0
366.7163850854713,22.820807507241835,0,1,1,0,1025.2267840631648,0,30.1
168.18053754683922,1.4441124658709148,0,0,1,20,1435.7413883573845,0,24.1
61.585700738579,9.622953270617188,0,0,1,20,866.8202833191731,0,18.5
313.31412424769997,3.0132399131617076,0,0,1,16,190.4002900839836,0,24.3
94.4287629987268,10.136161900389464,0,1,1,8,657.1702787416575,0,21.3
109.35499388217987,1.046439989472903,0,0,0,9,474.45454987778606,0,20.2
90.15589280923511,0.08169852490502978,0,0,1,6,473.16862060036283,0,19.7
502.1057094991111,44.070006614010914,0,0,2,20,81.43621058642,0,20.6
186.82958702666406,2.7958642219998358,0,1,0,15,1504.531270008462,0,13.5
99.97857313392028,3.847821628643835,0,0,1,11,649.7182914305388,0,21.4
75.37097499364738,25.525265719935895,0,0,1,19,713.9478788909339,0,18.2
67.64657659802918,1.7813361522103752,0,1,1,2,275.2949621003419,0,17.9
196.29792439235712,12.53939870830449,0,0,0,6,290.20795460145786,0,14.8
1540.141314913944,589.6352748747667,1,1,4,20,136.01252574343218,1,100.0
106.05790723953577,0.4246609895772782,0,0,0,10,248.75094321685862,0,18.4
298.96255979656837,6.592442624480036,0,0,0,20,789.6914002402136,0,21.8
106.05705694621635,9.799685476677867,0,1,0,13,196.91070554365248,0,16.6
125.34921781240485,11.520472535848352,0,0,1,7,1185.4288022279657,0,19.7
78.85884197416202,5.967109835115832,0,0,0,13,1488.8832583404335,0,16.3
297.0132661061592,4.926058801597655,0,0,1,1,520.5810272438202,0,22.1
51.787834425614705,7.150822947435283,0,0,1,8,538.7011704217641,0,23.0
428.51993241191667,6.625857078222099,1,0,0,21,273.53833353997845,0,17.9
375.0446552772817,15.231032320067253,0,0,0,7,952.3955975023181,0,20.0
78.67149544663128,9.306932405677907,0,0,0,1,3988.686369550134,0,12.8
156.89481654346392,21.83872175650017,0,0,2,5,1400.5935478927436,0,19.3
366.19056302844626,1.1931634738610115,0,0,1,17,1720.9845067288086,0,24.4
313.932624099674,15.900503887202163,0,0,1,18,1542.261943199775,0,22.0
157.90066523130528,26.887833596986656,0,0,0,6,779.5364004536185,0,13.8
76.83284249898045,3.7470533917306432,0,0,0,1,1871.6051113761116,0,16.0
431.81988340209085,1.7755832830458982,0,0,1,14,646.1179303324208,0,22.5
59.39466833186529,2.059876771543956,0,0,1,7,1319.055504354142,0,22.2
369.0511360321174,13.461159888815939,0,0,0,8,197.43621261855031,0,16.3
331.7807329331662,1.027923591275197,0,0,0,14,912.1703557092274,0,21.4
445.66815808762095,13.871081527822614,0,0,1,15,3369.3231598535326,0,17.6
55.46983461560824,4.809370173568664,0,0,0,6,75.90884214762276,0,24.6
762.5345477729875,3.8025171872646144,0,0,1,11,746.8937397688162,0,23.7
117.67191038652814,4.4942500800036935,0,0,1,17,109.538379906277,0,25.8
523.845556537764,4.539503190055561,0,0,2,19,2527.2329835377727,0,24.4
163.5264807323407,7.442445704788165,1,0,0,15,1420.9376890194108,0,17.4
156.44840305069357,0.927442529230901,0,0,1,11,546.9970363569394,0,24.8
2580.8246817492764,909.9981519479177,0,0,0,2,115.23564404627756,1,99.5
202.680178180325,5.116224579628117,0,0,0,20,1387.7289680193762,0,19.1
470.04771589937803,1.9774727503461769,0,0,0,23,229.81983621675036,0,14.1
137.49505650675775,0.9482268223703313,0,0,0,8,116.21562801292147,0,19.8
478.4488150701559,12.925006815773692,1,0,1,17,549.7347262131552,0,15.0
232.26716413705358,9.511629354815046,0,0,0,10,125.69125083843242,0,16.4
145.30753198113462,11.073290135424195,0,0,0,3,463.06239245203585,0,15.6
187.60434130413782,9.727207494848582,0,0,1,15,67.13449024141691,0,22.1
314.60728810185503,3.067974649961436,0,0,0,7,122.29860306097285,0,19.3
97.43571293946319,2.2662936558595503,0,0,0,10,457.5120182935312,0,19.6
274.63612809368385,1.052047474072837,0,1,0,8,3718.6466339845565,0,14.7
137.64434514519934,14.143554267010513,0,0,1,23,364.3683372329121,0,13.4
36.85064037401848,2.877929225177845,0,0,0,12,1974.0861050984151,0,17.0
217.76217964808183,15.015767873738808,0,0,1,14,1094.4903347138843,0,19.9
495.33393089319526,33.844359595870344,0,0,1,0,798.5783216672505,0,27.0
147.45335015597288,4.0578754190856925,0,1,0,16,263.7567667032986,0,13.3
190.23933812957665,1.054449153610275,0,0,0,17,434.05882477300037,0,19.7
219.88838325311136,41.94958846167917,1,0,0,0,69.54088554635746,0,30.7
115.16127148432287,4.333754478183863,1,0,1,5,174.98973509316662,0,20.6
39.606874381944266,22.44289640238591,0,0,0,17,501.86681466068643,1,19.9
245.42307183197934,4.475012125276919,0,0,1,23,1271.1840125039869,0,17.9
185.6092929340839,26.633070268103605,0,0,0,7,135.06836414889034,0,13.6
362.4646740671524,10.67907972379637,0,0,0,20,146.81597789236395,0,15.3
430.6371378212311,14.647605824469654,0,1,0,6,104.22215458875569,0,22.6
377.3630024261263,0.6774451741223066,0,0,1,14,1031.2045393344076,0,25.8
125.98230470839106,0.407222113583197,0,0,0,12,1470.864173709774,0,17.4
149.35235633710144,22.80926874625357,0,0,0,17,497.6868830272816,0,14.3
56.625152823377256,0.7366673196349648,0,1,0,13,2170.3814339448218,0,11.9
101.2243272171428,11.444858604704033,0,0,1,16,645.9761970477081,0,18.0
895.7482491906578,18.206370710427613,0,0,1,7,1964.3261528574208,0,25.0
78.67201394654954,1.7954384078682435,0,0,0,5,2484.5387169278697,0,14.4
220.7715382916882,30.66428883220025,0,0,1,4,225.58904124856045,0,23.5
52.177897681298816,1.5764527365149374,0,1,0,2,392.44549811975895,0,14.9
229.17106886814187,0.9546884444837714,0,0,2,1,531.6076029705769,0,15.7
377.41456429695063,8.369617238533285,0,0,0,8,645.6550215403503,0,24.4
129.79108465309307,7.263614219682085,0,0,1,6,724.9304099624845,0,21.9
215.61968145805477,7.175794691468774,0,0,0,7,1270.6066518597875,0,18.3
644.1102977530376,5.343457058160531,1,0,0,21,550.6402728553928,0,20.7
378.59285276906235,35.71251221223637,0,0,1,19,202.5491860677914,0,20.2
231.17049564093455,26.238054340624885,0,0,2,20,168.41419820882027,0,15.2
370.91639320584574,30.93885294369009,0,0,0,10,554.3016781529294,0,16.9
543.2918603555527,3.8946931866742713,0,0,1,16,1027.4727156776314,0,28.0
138.0250518220054,13.442078884964154,1,0,0,10,694.0762681095365,0,19.1
6765.839600575612,1162.9788019513346,1,0,5,4,124.68048148027432,1,100.0
123.38449477256354,13.575441289857515,0,1,0,20,79.45136370288566,0,13.0
243.91579774430159,0.01752937507396737,0,1,0,8,147.82434753738778,0,15.0
166.4313279670498,3.3908612068971773,0,0,1,11,122.14013874907394,0,26.5
249.68818157798913,7.2455914481109165,0,0,2,11,432.6431941407044,0,21.2
127.2255177003943,3.4498343914509646,0,0,1,15,1527.1527609676818,0,22.4
352.33562434194437,5.806175649953788,0,0,0,13,1245.5506133504944,0,20.4
243.01334626387265,37.19732580796313,0,1,0,16,1161.5418393668845,0,19.5
245.5687570699582,8.470027464012292,0,0,1,2,2042.0015750752525,0,22.7
205.22967374759733,6.417361400490387,0,0,0,4,135.44433201778145,0,17.9
56.40314466820511,25.37879596034205,0,0,1,17,189.52276814516483,0,20.9
151.59296437693635,5.805339339065256,0,0,1,15,595.1007357944916,0,21.7
299.5920262101998,2.8509055885089225,0,0,2,16,69.89409302966146,0,29.2
303.54762882572646,4.483895518027138,0,0,1,5,761.5485924015219,0,24.3
82.00069803614336,2.665863578492856,0,1,1,1,236.30149159865758,0,17.6
107.25968957826431,2.937937102080741,1,0,1,1,358.872279445047,0,14.8
195.7988631128068,6.554159226818789,0,0,0,3,1535.3501063190608,0,17.4
77.83047357007732,0.3493058647502169,0,0,2,5,1548.852990876401,0,17.7
124.29489888801189,5.162183224347888,0,0,0,0,1131.627401958635,0,18.6
120.0328444062018,2.160344624357458,0,1,0,4,658.6141055548986,0,13.9
229.42849495121737,7.5093504568358345,0,0,0,21,1422.0259327051408,0,15.2
116.01586815312281,2.1698957123691605,0,0,0,12,69.06828655341366,0,29.7
527.0835548290054,4.291682270977543,0,1,0,16,891.3318469587066,0,18.5
194.86296318092388,6.395982657711495,0,1,3,11,334.9819598231356,0,15.1
181.83722322307318,4.3192587978607575,0,0,1,4,192.5696598864967,0,26.7
133.348188882791,4.396957287028174,0,0,2,21,2374.0501610383235,0,16.9
491.68873265444154,2.3612669344534933,0,0,1,17,72.3939221208748,0,26.7
140.44575879226826,11.541360435377468,0,1,2,3,230.79499388613718,0,18.1
96.03879705564158,3.7110157883148345,0,0,0,20,3151.3774500363124,0,15.2
241.26233437592822,3.040902173514873,0,0,0,17,493.57815477601895,0,19.4
128.7006264375008,18.82729642205521,0,0,1,8,822.306694793174,0,20.6
161.48119527828382,2.7681559458368428,0,0,0,2,292.04248383180135,0,20.0
100.1213602054569,3.7399523214153394,0,1,1,3,5006.456121736892,0,16.9
274.1108489909914,8.64273974018659,0,0,1,10,403.4967714022521,0,21.5
210.8274722758284,10.758073789128625,0,0,0,6,826.5197623441643,0,15.7
294.8571506102715,10.68463792764144,0,0,1,23,1506.8300155770883,0,13.3
216.15809756449076,5.92473962931193,0,0,0,9,1682.6601839513407,0,17.4
288.9028715518152,3.4684878402129145,0,1,2,7,3149.8856356573606,0,15.4
316.93713269993293,0.7157157177881978,0,0,0,13,243.08002280834702,0,19.1
49.23769336322533,22.62420620954533,0,0,0,15,462.5384890192739,0,16.9
269.77368048226714,19.43866175821926,0,1,0,9,622.6154737764869,0,18.7
446.6533320078634,28.986371404740268,0,0,0,13,1538.3629382328916,0,15.7
242.93759010814486,1.41329242783031,0,0,0,4,738.063945782608,0,21.0
954.6513236516446,785.0088887126971,1,1,2,12,38.89246973676212,1,99.1
47.952777666910805,8.841923152479788,0,1,0,8,109.39974644911665,0,18.0
87.88017252633686,5.017777805854228,0,0,1,6,54.562066127724854,0,27.8
126.94683938696633,23.045896916344528,0,0,1,6,857.6957699661297,0,20.3
89.0825186946655,1.890668792286514,0,0,3,1,1256.0279392949976,0,16.6
121.97560375283815,3.7893031407476454,0,0,1,8,206.4250931686077,0,25.0
133.54963342345633,25.01045748593415,0,0,1,10,836.2952791526416,0,19.2
280.6904164351866,0.17384731457546793,0,0,0,19,2300.7044282061315,0,15.8
1679.5554086426582,266.9330440490785,0,1,5,8,482.96393893055904,1,98.3
395.0288052700688,2.7732466254755095,0,0,0,17,309.401125075548,0,20.6
409.9118681347681,1.59408665347188,0,1,0,2,153.76762287120812,0,18.6
46.32418103526344,14.439615282977538,0,0,0,15,356.18190738876194,1,17.2
109.14699279057943,0.7074822847042139,0,0,1,18,184.14101221615994,0,21.8
179.59087810154242,10.51613200375478,0,0,1,16,1247.7446198391674,0,20.9
176.95102743769553,5.075153518947346,0,1,1,19,203.36915494461007,0,17.6
111.61631336527198,22.128293416403416,0,0,0,6,84.76476342358622,0,17.9
220.7047004668196,8.124855690826468,0,0,0,19,1024.0300343523484,0,18.8
141.4179895116265,10.356932208580583,0,0,1,9,130.00604144634275,0,20.5
195.05612358635722,2.4761976680358373,1,0,2,12,1957.044865344031,0,16.1
357.2477266347088,15.887968796038408,0,0,0,18,62.6397015550961,0,23.9
204.41509634494847,11.579788039940183,1,0,0,9,63.60319997298941,0,22.6
206.64992211387116,24.770523890940325,0,1,1,4,1211.421899103774,0,28.0
51.10639236432564,6.568087563860269,0,0,1,16,999.4405386112218,0,21.6
62.202064879179495,2.8791249278200692,0,0,0,10,480.3177689642282,0,20.1
190.80201579679255,15.54436921792102,0,1,1,11,86.77411472163445,0,23.8
207.05814061282436,2.2801153090069888,0,1,1,8,424.0284429616804,0,19.4
433.79283001180517,2.7377449333753936,0,0,1,19,557.6468512133396,0,22.0
175.0627736714282,9.723131569770104,0,0,1,11,613.118172403986,0,20.7
254.42306809029748,3.8465773172413735,0,0,0,4,494.29523991110227,0,21.5
202.43221272206077,2.341314518351619,0,0,1,3,619.965995161672,0,22.7
1478.4397410587158,451.1000699633839,1,0,5,23,20.66519693856397,1,99.7
70.23105881415047,4.111742118968327,0,0,0,4,222.4111935293038,0,18.9
513.6293693668814,3.773378748627014,0,0,0,13,1256.881677862812,0,25.2
179.52177729900617,1.8084820409628026,0,0,0,18,1095.2789393083337,0,19.1
484.69017313464906,13.46573452474388,0,0,0,5,641.0323929548456,0,18.9
195.505307754635,27.46747160904889,0,0,1,18,530.0895519458923,0,17.6
85.31272866022232,12.654385961266648,0,0,0,15,321.2944950238184,0,13.7
79.59235844940162,3.9197474011335336,0,0,1,6,424.60588673635743,0,23.0
290.3731651987405,0.8843722138167474,0,0,0,16,77.0352521845848,0,18.6
54.830857066345565,11.423438116129638,0,0,1,9,2903.419088784152,0,16.8
117.15231649918871,4.753045608257595,1,1,1,10,1650.5873110732948,0,15.4
89.29667964005655,1.5926406465602827,0,0,0,6,1255.960491660187,0,19.1
224.35642163483283,17.67032129569998,0,0,0,13,35.868762178730485,0,21.1
137.32358481461313,13.17183140030794,0,0,0,7,1074.1559882354375,0,13.7
278.90047052432186,5.457493229550511,0,0,1,5,75.96978061127902,0,24.6
37.62870969988151,5.587038398138649,0,1,1,7,1701.4992864142193,0,17.2
91.71045849350507,3.117647219385972,0,0,0,18,105.72501295568422,0,17.6
143.53190646439074,8.451104559661717,1,0,0,10,206.92581663819615,0,19.5
101.61304892340486,2.685962632921473,0,0,0,4,2964.1477626098244,0,14.8
113.85225478992727,0.27731912373170386,0,0,0,1,1934.1302904562197,0,13.0
176.63280417400793,12.894775570888578,0,0,2,15,780.4825153212298,0,17.2
112.11849800987619,40.27612341741571,0,1,0,15,1111.0754732208395,0,18.2
275.83574666272347,17.733802056086198,0,0,0,9,996.2243515023212,0,16.4
311.96584758418095,6.472182418765698,0,0,0,6,274.352781907601,0,18.7
209.0089717719689,16.023068431328873,0,0,0,10,419.2556153689787,0,16.0
330.842850689281,13.408320780367108,0,0,1,9,444.2880630318624,0,21.5
152.31458815102232,4.986993269149553,1,1,0,1,1040.8096564185084,0,13.6
77.24918199958981,4.317589939433653,0,0,1,21,463.6797685257504,0,18.2
456.65276683292484,0.24088160998900254,0,0,2,0,164.94189279533953,0,12.5
97.28031361384666,9.415438493863496,0,0,0,12,2363.7227726043166,0,12.8
217.78737812597058,7.899013285258861,1,0,0,6,344.2147729956217,0,16.9
470.14531750164,4.43567021953277,0,0,1,20,660.9687600351309,0,24.0
929.602709489774,11.267103321467104,0,0,0,0,220.12832586860387,0,20.2
222.30908298359174,0.8647590423030243,0,0,1,11,680.9596272434798,0,22.8
305.28191039812543,4.503190915770282,0,0,2,6,1756.2931564632413,0,22.7
202.10633278030403,7.108076385221165,0,0,0,9,241.2604304094071,0,19.6
119.93281934302355,1.3806906204596052,0,0,0,5,1555.6336200629678,0,18.4
275.30996794027305,8.351864008609843,0,0,2,3,1177.0194513893048,0,19.4
141.38649893587075,12.15644225297658,0,0,1,2,90.37337583685797,0,22.0
76.03258378392282,18.065442943262806,0,0,1,5,223.28869411378994,0,21.3
276.85622025922055,5.3257006904660456,0,0,0,20,879.6765472246088,0,20.8
236.89147277704586,22.41828211942849,0,0,2,20,81.36124363266336,0,14.8
46.65210207020155,10.1362103599145,0,0,0,12,2195.470196389295,0,12.9
354.31684826179895,13.359501212644703,0,0,0,7,187.32056074142244,0,15.6
141.20928293185906,11.519099613959794,1,1,0,16,811.3205165415601,0,21.8
186.7045080105569,10.520655514297408,0,0,0,16,305.3249397894809,0,15.8
186.02760705561894,1.6807424481656719,0,1,1,11,1839.640219055013,0,17.7
341.421736563838,9.077204886878745,0,0,3,12,111.5070859531235,0,16.8
46.45221278776262,15.743800474835751,0,0,0,3,1346.8203879034531,0,14.6
123.26477485217484,26.86897644489977,0,0,0,21,94.08052483753892,0,12.9
57.65216120842599,9.428739763934926,0,0,0,22,863.5013269038016,0,13.7
278.05539687931673,3.323410460712913,0,0,0,19,206.41833635054522,0,17.7
174.69914663427915,3.1264494659241078,0,0,2,20,1613.5800545605816,0,23.3
45.641201452792416,5.173123254678032,0,1,0,11,116.69401885373259,0,15.9
572.5665324531911,0.3594955765150248,0,0,0,19,451.59195664163855,0,17.6
110.66444579136962,2.046941668527752,0,0,0,8,538.7414855899087,0,20.3
243.4328171128325,1.0213979735572918,0,1,2,17,189.84932838144584,0,14.8
117.07874371875415,7.278231309564634,0,1,1,10,199.59275282356532,0,21.4
39.82037207660984,16.944986641114923,0,0,1,14,296.3830060022882,0,22.2
180.8703584740366,12.041402325394605,0,0,0,1,136.70580936223342,0,14.9
180.49519344040223,3.5009385471758345,0,1,0,13,127.27057226551496,0,15.5
194.22363459469943,2.4963035084205507,0,0,0,20,808.8058579907466,0,19.7
267.8526611149949,17.52504940347393,0,0,1,6,918.1145555920822,0,22.5
272.4347923237713,1.5131686955760566,1,0,0,17,88.54712924142333,0,23.0
221.83436091073153,27.674065840415395,0,0,0,18,431.0560933451692,0,13.5
124.33784242675263,5.003174934598284,0,1,1,0,741.0067043076481,0,17.8
84.09369327415669,7.119130236293386,0,1,1,6,60.56630628122475,0,20.6
137.4415928426609,0.47970359091228193,0,0,0,10,808.1670433302955,0,21.6
264.0709770464848,2.3621977898316104,1,0,0,5,1141.393508218952,0,18.5
194.43912161017084,0.6185825448903473,0,0,0,2,154.29605866413073,0,16.8
77.21066130906397,8.090687277263903,0,0,1,19,1433.8492607843186,0,18.5
203.98882231087683,11.223211147280862,0,1,3,20,346.44394729874716,0,19.6
506.6015479381392,5.837368203398799,0,0,0,12,3545.868626266466,0,19.4
257.0288608408148,4.0436139374055635,0,0,2,1,123.37968128947468,0,19.1
41.46332850541527,19.03418409162841,0,0,0,10,1217.2704141907443,0,17.3
697.1735618876858,4.726337393816489,0,0,0,5,355.5416608121519,0,24.4
138.096342877181,1.8905140102660498,0,0,0,17,300.8076304409707,0,18.0
261.7903551239533,4.739222816965745,0,1,0,5,2748.1974863903038,0,12.5
281.4405642488869,7.297823881127286,0,0,0,9,75.74273168051135,0,21.2
333.291132540644,12.879730532373307,0,0,1,1,694.7113696647009,0,24.7
269.72135361354856,2.0799202874826976,0,0,0,22,79.44757082325421,0,19.0
182.06080583932962,3.089290913738536,0,0,0,19,1988.2009536984951,0,16.8
410.92782789867255,16.712707595407494,0,0,0,16,1269.5155270323648,0,20.2
363.2638655338763,16.354734625167854,0,0,2,8,123.22901365108363,0,18.1
207.59286795697267,5.442598123355234,0,0,1,6,467.07495705904995,0,23.1
630.8337037216296,13.504901350210256,0,0,0,2,3595.7259241502384,0,14.2
231.65726793255897,1.0702094978869483,0,0,0,10,1191.6925628408128,0,20.5
38.886355772575556,6.5757930604980075,0,1,1,20,580.1485737459004,0,18.6
77.72883774524881,3.3483873927565635,0,0,1,2,277.02600694671935,0,22.5
120.35695088479058,2.483259091059665,0,0,0,4,103.22255526261928,0,19.6
279.82317594330334,48.79736746048149,0,0,1,4,734.409645559111,0,22.9
210.37503419704518,4.083730902191118,0,1,1,23,602.9100210856477,0,14.2
132.43886728937238,30.5792157012978,0,1,0,10,142.09390215736852,0,12.6
154.03979773199566,11.153069500411705,0,0,0,6,346.5195489218959,0,15.4
108.14208330559411,3.2873516783129446,0,0,0,15,415.5909088548403,0,19.7
2644.176454155641,64.95343057831549,1,1,2,18,17.027660169372936,1,85.5
268.2094435033596,4.193807186237122,0,0,0,0,1237.84550155029,0,23.1
141.2519557232665,5.033035418930224,1,0,1,8,414.19063639776346,0,18.5
133.59411541681894,1.2274948443666414,0,0,0,0,485.4375788771997,0,17.2
93.54438658128367,10.628893855977815,0,0,0,3,1145.1489886668937,0,14.9
2265.3291082774576,919.3009859878998,1,1,4,3,234.07614299497473,0,99.9
380.85750257553286,12.796626913638246,0,0,3,8,55.63880134664798,0,17.8
559.2424494115736,1.1931675939042379,0,0,1,18,1320.8569034935176,0,24.7
9476.872792183913,158.26361079859925,0,0,4,21,386.81489361769303,1,98.9
194.988003437969,14.499181644869529,0,0,1,12,566.8380052598718,0,18.7
118.2180434484166,16.879841217165687,0,0,0,1,3478.835999196499,0,11.7
284.6073954741129,6.695437824298811,0,0,0,2,218.86407187464894,0,19.4
159.60391974505507,15.013463319949432,0,0,3,9,654.5536521204746,0,14.2
148.69378465472454,11.79969996500007,0,0,1,19,342.65834881803966,0,18.2
45.45555241533998,3.8987216883979756,0,0,1,18,3636.7306793023345,0,21.5
50.289269376710095,17.629266315196237,0,0,0,1,180.24944743072953,0,18.6
181.53455367771832,18.380481462508293,0,0,0,14,61.62270853046607,0,18.4
253.3317515295123,10.199178143475526,0,0,0,15,2059.067158404093,0,14.6
115.28164189641686,8.478374263928076,1,0,1,20,33.05581291599985,0,22.0
107.28503040534227,18.690947980519336,0,0,1,18,2044.4210404068613,0,17.6
488.764640057759,1.388073439245887,0,0,1,15,1527.4832066213817,0,24.6
289.0039912194351,5.911743916666245,0,0,1,2,1923.7116020932458,0,22.7
308.22573570197346,14.673852568711236,0,0,1,2,1170.4892399851167,1,23.6
233.40399468984987,1.2952196189961955,0,0,0,15,466.13267798361255,0,19.1
91.42860563911213,0.6465992533817736,1,0,2,15,636.6649537019509,0,11.8
56.81940519150142,1.3098565514848548,0,0,0,12,1887.6469060539957,0,15.9
321.29254356130645,25.18902650258074,0,0,2,14,452.48306487740336,0,18.7
217.1618453388234,6.6010703815118354,0,0,0,18,829.9963270173062,0,20.3
160.32953943441248,16.04361434531746,0,0,0,9,157.08961465348705,0,15.7
194.88354241871335,13.65687548734317,0,0,0,5,303.9574827831405,0,16.6
114.3345675081017,0.5345808106284861,0,0,1,13,296.84406120819585,0,23.0
425.65775329570795,3.405297847482072,0,1,1,19,397.65720133866785,0,17.7
186.12969501312608,2.111342333837585,0,0,0,8,442.49414932407853,0,21.0
46.03793051424731,11.131138211077646,0,0,1,6,943.0595910000991,0,21.1
36.19562097871765,10.224102561862328,0,0,1,14,952.3931401778502,0,19.4
95.47028299062377,8.324852717763637,0,1,0,2,413.2953911355271,0,15.7
44.6265047685834,16.53985504349843,0,0,1,20,616.4324489451191,0,17.9
322.1225043459381,2.045522935002673,0,0,1,9,499.3964735046312,0,22.8
240.98665179419785,11.76833092025026,0,0,1,11,1766.4242552361427,0,21.0
212.73297955519436,19.27302650794519,0,0,0,0,826.0803028535223,0,18.4
46.34553276134295,0.878620565741314,0,0,1,5,119.5811428837792,0,23.0
125.44269862887306,9.726820974495034,0,0,0,0,106.25488629405763,1,16.9
224.98558263676702,2.616433283431331,0,0,0,3,494.4826071520053,0,19.7
78.46150899215117,3.647136131821028,0,0,1,1,1739.6915553381164,0,20.6
476.6699914153713,22.718119446980403,0,1,0,12,700.2684135621778,0,16.7
53.55356817208815,11.350118614389746,0,0,1,6,211.8400047962844,0,21.8
90.59717896245853,26.793187714245693,0,0,0,6,445.2784896487549,0,13.3
251.70463093864282,26.06984169433664,0,0,0,14,614.8829795243165,0,14.3
486.6642190180129,15.76829936275729,0,0,0,5,377.296685041776,0,18.2
96.34666738490515,9.470092438073628,1,0,0,12,1016.7911427809195,0,18.0
289.65808235323476,2.4150059258030243,0,1,2,1,469.33374843317455,0,15.5
201.11523516212756,1.763303297288871,0,0,0,19,45.22915376807776,0,20.4
229.96227358808952,14.502882564723675,0,0,0,9,1173.3685379558672,0,15.6
84.03411461725703,18.845411527859543,0,1,0,0,66.41041401630184,0,18.6
138.40915245066986,12.297796255169567,0,0,1,20,488.7778187420113,0,17.2
203.11867347902336,14.32952571609302,0,0,0,20,200.62781234835782,0,12.5
827.7174666926585,9.143210733769305,0,0,2,12,267.4198604458596,1,24.3
188.75637303486,1.1809157949424522,0,1,1,7,90.96851421490288,0,20.6
663.5202034333983,0.7411752913807363,0,0,0,16,1475.852594008233,0,19.2
2353.9398256752406,106.0293410083967,1,0,2,1,274.56276888012906,1,94.7
62.28747953924577,35.486215809694045,0,0,0,14,62.71980237027368,0,18.6
370.72211815427386,2.852235452429326,1,0,2,1,1215.449803715949,0,16.1
226.6281537008783,32.37180412392869,0,0,0,19,70.44562287644061,0,14.8
605.686460979529,2.126774867713564,0,0,0,14,2935.2270515651844,0,14.4
136.3172569519892,9.032409044603689,0,0,0,17,632.3770537182954,0,16.6
440.00783581447917,22.836903393646317,0,0,2,18,1241.3791854400954,0,19.8
406.0793181277017,3.2123098950017526,0,0,0,5,290.71007038747985,0,22.5
485.70411972846097,26.255210142017948,0,0,1,0,128.04067051270528,0,23.1
34.648358964012736,5.896776862588439,0,0,0,20,741.4801952162759,0,20.5
181.1934556951706,1.2193204326476441,0,0,0,11,797.4313088419747,0,22.1
364.131111644969,3.013533340920867,0,0,0,18,1036.4757663396038,0,21.5
100.99762419829527,3.3845319420308293,0,0,4,18,2994.974430988356,0,13.7
206.86686260519517,26.628131179627648,0,0,0,0,499.5830637500262,0,17.3
423.168505137406,18.472171071060806,0,1,0,22,622.5026498016216,0,15.3
109.87980063531587,2.0155921878553253,0,0,0,19,534.8647049999846,0,17.5
284.57265730478855,8.314695645557546,0,0,0,1,39.67379618486761,0,20.5
144.65643612921403,10.49631185451833,0,0,1,2,3707.6619443072273,0,18.6
485.75277450349796,4.129559246233559,0,0,1,18,593.9127887136933,0,24.2
326.3941858850934,3.53429790461896,0,0,1,16,1013.6399534993374,0,25.7
60.44548225489474,0.9606530581714203,0,0,1,5,943.6765614933187,0,24.3
227.04652679748597,4.387795905242718,0,0,1,16,97.35207859791852,0,24.7
41.05854738917613,1.753865154834104,0,0,0,5,184.50429520409708,0,20.2
257.9169494572345,31.299941690972265,0,0,0,11,335.7602719713744,0,15.4
96.29362179354509,14.631240992236766,0,0,0,12,419.1248456305771,0,15.2
116.8351505333264,7.357157019182237,0,0,1,2,135.60146165636553,0,21.3
277.85224515900995,9.452810340253155,0,1,1,4,401.4471526526559,0,32.1
531.9495342325428,0.6043556620154195,0,0,1,19,2682.5443031937593,0,22.0
56.27914491952378,6.536930759208462,0,1,0,15,1462.2270550026074,0,12.7
318.1556438055663,0.9143320704479124,0,0,1,8,1098.432333585778,0,26.7
139.8771456968976,3.9787958217572705,0,1,0,23,714.4245941653484,0,12.1
305.1244188447981,1.8358574027000396,1,0,1,2,621.8386920855426,0,14.8
69.58989270047128,3.6448237670414527,0,0,1,14,175.92637232032538,0,24.3
282.79849888476315,3.858888422532421,0,0,0,4,1830.0302882526985,0,18.1
92.40472942477382,10.020727361138572,0,0,0,20,3059.418432615688,1,12.4
72.33553009158632,10.046502899571733,0,0,0,22,901.6542879631018,0,12.2
229.24579281006214,0.3390154966185477,0,0,1,20,145.1090680490803,0,18.0
184.14663177568875,1.4574041396754804,0,0,0,2,1738.8045689121268,0,17.3
239.84337431560135,4.368971025401011,0,0,0,18,1551.6043409570323,0,18.9
93.40532089834508,40.13737041206613,0,0,0,4,501.88114199617695,0,12.7
114.38439484629839,15.953831530245989,0,0,0,5,1286.4878794872536,0,13.7
155.41946823521008,4.004527189474857,0,0,0,20,1952.3430918730085,0,17.4
154.32336396271606,0.47289897554819316,0,0,0,20,146.27690916139613,0,17.5
110.91454734410135,14.652549606330881,0,1,0,14,96.63416368849944,0,14.7
457.33776985662314,17.52368506370596,0,0,0,1,766.3427739338524,0,18.5
34.903956540176566,3.510613779953762,0,0,0,23,563.1883607589108,0,15.7
536.3324077829058,29.21538524634684,0,1,0,11,482.1465252970564,0,17.2
84.20159959471412,1.7746768618616051,0,0,0,19,78.96224404890512,0,20.1
519.2453448872321,4.42358029708613,0,1,0,4,671.7505978968258,0,21.8
105.64170738818434,7.749406837702682,0,0,2,0,344.79400359665004,0,15.3
794.9838172844501,7.398525742279238,0,1,0,7,632.3777163894891,0,21.8
68.67911124461115,25.049289496439055,0,0,1,12,532.864044559308,0,18.5
195.06692692078042,5.470754777852513,0,0,0,17,1588.0754132668367,0,17.2
281.0372306487495,13.76086928167308,0,0,0,11,62.744987650002855,0,21.7
479.81378067491306,15.659514373744754,0,0,0,0,116.17444238870176,0,19.7
222.22091794338496,6.074924317737728,0,0,1,17,34.45368914152311,0,23.3
81.305375493667,29.410729446955223,0,0,1,15,719.1375643661573,0,19.6
220.7957743860823,6.134404773068951,0,0,0,1,208.2604383210618,0,17.1
51.75854310404778,8.866312086001946,1,0,1,19,84.47042015769166,0,20.4
210.62501388030583,8.141972063550979,0,0,0,15,387.78889927822496,0,18.0
325.02805337923695,13.146521658886993,0,0,1,1,447.37282139641036,0,25.1
140.09667327424674,37.958226778504915,0,1,0,22,816.3870147413325,0,20.1
61.67211460303173,7.685293372315171,0,0,1,3,177.60636852977206,0,22.9
173.9208479841939,2.761440986092059,0,0,1,20,783.8959329950568,0,23.9
159.58966696459427,14.56693964835675,0,0,0,10,269.9284339126054,0,14.8
84.67939152936982,5.259248787555377,0,0,0,22,156.30506471249436,0,14.4
142.4765080485872,5.1477491942523566,0,0,1,11,278.7817501049624,0,24.5
77.7739483522435,11.594957315546372,0,1,0,18,1056.2052454814298,0,12.1
206.33040242600634,4.591427452923672,0,0,0,14,148.34874282489366,0,19.5
286.5063311069652,0.360440387003854,0,0,0,12,151.61313615905271,0,16.9
101.040232261759,3.5859303968285654,1,0,0,21,321.1139319543346,0,13.7
344.9582949742539,7.258789303920352,0,0,0,19,260.91483883574676,1,18.7
7083.8239857809185,89.64575136244846,1,1,5,22,44.031001772008366,1,98.6
174.674182830661,2.9964154897209725,0,0,0,19,60.82525204919989,0,22.3
286.851558454475,3.817662396651746,0,1,1,0,69.99239418354526,0,21.1
346.1639043735641,5.48875149677428,0,0,0,20,898.1611198179528,0,21.0
87.04573720235682,7.677612917683261,0,0,2,13,551.3148679304559,0,16.6
144.9851006558343,4.250260609103658,0,0,1,9,139.81832278065386,0,24.6
269.9633543302934,5.3551570924267144,0,1,0,10,1084.9451036983553,0,16.4
197.78253117285115,9.581609566381653,0,0,0,13,1354.7758041454497,0,17.2
350.99026045682854,34.417201054373685,0,0,0,5,735.3512245055524,0,18.9
380.66764871822096,21.797963522532307,1,0,1,0,923.8357735918404,0,20.2
26.09294385860872,4.289314230556284,0,0,0,6,215.0366004019479,0,19.6
853.9747693816835,0.6336532907324852,0,0,0,22,453.29917021683326,0,19.2
271.62832242584267,10.725322176533712,0,1,1,13,176.5930688651705,0,23.0
103.15053859774389,17.423350374585475,1,0,1,5,212.9118459764656,0,25.2
225.1894702291222,1.671212123714467,0,1,0,19,711.2657778372532,0,13.7
296.9681450075327,11.486921162717838,0,0,0,18,131.67395937990165,0,14.0
49.62267757879782,16.477266519472384,1,0,0,22,761.477610611464,0,15.0
126.08610163199936,12.501430545787215,0,0,0,19,285.8835165305801,0,13.2
53.538370577239675,1.1092479660999468,0,0,0,5,734.399772257483,0,19.6
17.72220425679833,0.44358028126323473,0,0,2,20,492.0596345214236,0,22.5
130.0333765564661,21.09349819442908,0,0,0,10,352.0710815430706,0,14.4
267.03370960776033,1.880676028671319,0,0,1,11,37.174427050136806,0,27.7
131.7369866303703,16.515728576613885,0,0,0,10,376.6050547666136,0,14.7
154.95770432874264,2.446732580726156,0,0,0,7,1312.0393364133392,0,20.3
178.05298032461044,9.596508586021743,0,0,1,2,359.3735466062308,0,24.0
335.897315358096,6.193967948623806,0,0,0,2,960.7699017145045,0,21.6
207.7283607960235,1.1512855119627194,0,0,1,7,263.7057005429249,0,22.9
123.02901970813676,12.831576166536706,0,0,0,10,56.1794678901379,0,19.0
390.11938522312846,2.268515870145547,0,0,0,17,62.18083417226107,0,27.5
61.16029764589553,8.593858430436553,0,1,0,17,246.124198254757,0,13.0
500.7747784539996,1.7613125998593213,0,0,1,12,629.1305049866857,0,29.0
110.10002607842335,69.78423790190703,0,0,0,21,1586.2080785459689,0,15.2
41.294171383719,5.727840263850423,0,1,0,12,300.4405549932572,0,16.8
154.167804607912,0.7692594357989134,0,1,2,12,234.2181744324933,0,17.4
156.59537996274142,11.160126722429673,0,0,0,8,597.9170206235206,0,16.0
315.3200545897658,0.8052497672666243,0,0,1,10,983.8282347716913,0,24.9
163.63679589124737,9.711656507433256,0,0,2,0,435.77964790490944,0,17.6
1036.5043436015033,518.9422350418632,1,1,2,9,119.91843990496253,1,98.9
145.47339269186298,0.799744408490242,0,0,1,1,859.9449449574518,0,22.8
59.890055317840535,9.783887033781756,0,1,0,18,1433.2711201971415,0,13.1
162.71260842720736,1.2392055966927138,0,0,1,5,215.61256037759975,0,25.6
513.8922805292674,7.778602408686496,0,1,1,1,214.2867221675288,0,27.4
169.6096535227343,18.357270930638215,0,0,0,5,757.5298620645846,0,15.0
421.582324104941,3.7818262042991626,0,0,1,5,397.34745484646373,0,24.6
95.70388018628486,4.486233411052813,1,0,0,8,660.9089039059473,0,17.9
268.9529031198637,32.20182263321832,0,1,1,6,1141.227342867457,0,28.3
169.3746829748262,10.193814403598243,0,0,0,21,597.2313396980942,0,13.3
102.55865919896954,36.08576140823009,0,0,0,20,480.82317156627283,0,12.6
224.6480978713823,17.307266493126033,0,0,0,15,168.40778963916583,0,14.7
279.9391765311748,29.543069711374702,0,0,1,7,878.1907768440068,0,22.2
87.00228729364096,9.202260220882106,0,0,0,14,172.78099546515207,0,16.5
104.49916319051374,5.775483094124805,1,1,0,4,1871.3719381544026,0,10.4
212.1955914870856,12.795464633237117,0,0,1,5,560.6241395835735,0,21.9
575.3153015350197,10.315282826859994,0,0,0,2,212.8952874567026,0,14.9
185.9672681115778,8.844844791702744,0,0,0,14,155.76869586882637,0,16.9
79.25613555743602,9.3707526300203,0,0,1,11,2203.8021952378785,0,16.3
2304.9959265536045,574.5173164998351,1,0,3,12,80.57374789219028,1,99.9
362.06487505913026,25.560115945413298,0,0,0,17,399.9097276828547,0,17.5
143.92029914055374,16.995040737951218,1,0,2,10,178.4592899898556,0,17.7
149.96644020661296,6.015345459470546,0,0,1,8,90.78786302351946,0,28.3
304.4540628884771,0.9320729962949685,0,0,1,4,1663.6634573279084,0,24.9
174.7797401071507,27.96278576314957,0,0,2,18,505.3527184691864,0,15.5
116.72335058536714,2.5028984278996265,0,0,0,12,530.4590109013648,0,20.1
248.93469624298584,8.360238704261574,0,0,1,15,334.42544101155,0,21.4
156.14993644235363,18.555596584530587,0,0,2,6,230.7549981669832,0,21.0
125.85738142534817,2.3047051971572996,0,0,0,13,741.3994581674248,0,20.9
272.10765620166626,3.5872482382978816,0,0,0,9,1028.4397558565242,0,23.0
107.84673298357482,6.1036772938150365,0,0,0,14,1348.8030978831614,0,18.3
499.037290214043,4.269893615994929,0,1,0,17,1001.7795010922896,0,17.8
342.8490205495059,9.716294961229895,0,0,0,4,609.0858831854642,0,20.4
241.63029729786388,6.3969037995500715,1,0,2,10,1518.9527932281958,0,18.8
488.004575667981,55.67482062175318,0,1,0,21,771.2891740972227,0,29.0
275.4268200925451,0.47065399536461255,0,0,1,1,326.57044800014626,1,19.4
241.27250212946655,14.971248504200085,1,0,1,19,618.2846075159824,0,14.0
131.2619525635355,0.3158382562153317,0,0,0,14,211.48444673801254,0,18.1
272.16499387530115,4.656241464649327,0,1,1,12,442.2050264199003,0,17.9
135.9409369816638,12.276662258791754,0,0,0,12,207.10420268869748,0,14.4
965.6309122730509,11.857358279322558,0,1,1,1,45.07885305984126,0,27.0
375.6403734285633,3.3079514280048263,0,1,0,17,1561.4181145959888,0,15.6
132.55804301934978,1.50388765850622,1,0,2,10,51.65815080556489,0,28.4
2441.131668324341,1055.950559721945,0,1,1,4,186.01944231412267,1,99.7
255.42394381987822,5.975646296623731,0,0,0,3,68.1963014699538,0,20.9
44.661807733820055,11.946910636519718,0,0,0,22,601.2964705793466,0,12.7
78.26495862896833,2.7229447061485206,0,0,0,20,180.79945138835618,0,15.7
56.68575842317631,46.20562527533973,0,0,0,21,2817.8020911936133,0,11.7
72.01198642025149,6.80426535123698,0,0,1,10,884.4740086010706,0,21.9
318.2288760395403,0.8543418612467121,0,1,0,18,2650.062807650082,0,12.4
141.5895778792101,5.613140194959422,0,0,1,16,447.9394569112776,0,22.6
104.22089305742226,2.736200076172943,0,0,2,17,628.288976950008,0,17.4
7124.305070470868,741.1246299121724,1,0,2,17,88.70550501175322,1,99.9
31.020849720176425,10.741498969462059,0,0,0,9,129.9463324033453,0,17.2
128.6006866714408,3.2223377826721675,0,0,1,16,512.8528986418887,0,21.4
106.48308748155574,14.506584968721299,0,1,1,22,1868.951937151331,0,24.2
181.76149292976947,1.2457635275103311,0,0,2,0,305.746876577634,0,16.2
225.67671819568264,19.54256007523761,0,0,1,13,249.61306999414086,0,18.8
193.40947957400743,10.130430421701409,0,0,2,0,1471.9809509115146,0,18.0
396.95160326545283,2.178224730188762,0,0,0,10,2432.2784102389132,0,16.1
448.0084609851686,19.537594347089783,0,0,0,21,93.02746623359648,0,14.9
394.01223213099297,6.5784572966393675,0,0,0,3,1493.449346746541,0,23.0
65.13880973453847,0.16420445828487154,0,0,0,0,456.14245560523034,0,14.8
54.09808011939418,10.18564670144802,0,0,0,21,323.81084918787894,0,12.9
144.73119503690125,16.120357437716738,0,0,1,9,418.9527830856587,0,19.4
353.37181006403256,3.734778578387202,0,0,1,18,55.714988777234666,0,24.4
163.81641950030348,4.1328838114855815,0,0,0,1,75.21567004148659,0,21.9
257.36891386262783,2.328129842990774,0,0,0,9,123.6064272711326,0,19.0
134.8735900817147,6.933426593700872,0,0,0,20,232.1194415990293,0,16.8
97.27381005774537,29.629805544677765,0,0,0,14,818.2599829013081,0,13.0
128.82943661777142,31.29360806348872,0,0,1,9,897.0995174703739,0,20.1
341.59064718765995,3.547075480584482,0,0,2,22,763.2346690200551,0,17.0
133.39160729540896,19.939915428751334,0,0,2,19,1196.7360659067406,0,17.2
329.34949327938807,3.34676458387251,0,0,1,20,1742.8888984540035,1,26.1
178.80110772328067,19.003085803127007,0,0,1,17,195.06447436497362,0,20.1
435.38389721351274,4.766117412453791,0,0,1,19,170.79492273528538,0,23.0
581.6227805494965,36.05381044126849,0,0,2,5,911.5993963711334,0,19.8
360.7890541766886,6.2576495071967075,0,0,0,10,2691.1704997901447,0,16.4
355.07239581582604,0.5168043340723687,0,0,2,2,504.183100692634,0,13.7
208.24636935266335,3.7012161943961157,0,0,1,6,430.36538473182657,0,25.1
79.09011644012497,12.63874267914131,0,1,0,11,384.45911579554,0,14.2
139.74614020853488,2.17579912100387,0,0,1,12,1330.0772599146164,0,22.8
242.72947933418925,27.308739522173,0,0,0,16,631.1644216545352,0,14.3
129.25000847638702,9.070633356101947,0,0,1,2,231.0225693612237,0,21.3
121.85892505545468,14.295348483747663,1,0,1,10,1314.0013461608414,0,20.8
145.17121378166752,7.815283976058398,0,0,1,13,681.2130258974413,0,19.9
142.4618085604411,0.44380470095557245,0,0,0,13,1836.0123915219815,0,17.6
39.44421760990606,5.71426633086379,0,0,0,18,77.99326610834282,0,20.8
50.557920394094836,0.3318018072266719,0,1,1,23,61.86127371508033,0,21.8
56.13843922446382,1.347257673893771,0,0,1,19,946.9089990617127,0,20.0
406.63394420337016,7.296540389262263,0,0,0,15,1892.5226238593395,0,20.2
302.2978011721523,0.45422904258019353,0,0,2,21,67.32715107915453,0,23.6
147.39010917568086,2.1465674412994242,0,1,0,15,829.7549310876468,0,13.9
40.65876464855006,21.579096234173306,0,0,2,4,81.62466240729444,0,19.1
190.69926218763786,0.029871260072644894,0,0,0,12,1331.6249109921591,0,19.1
195.45776834579002,0.2704371216285747,0,1,1,19,1155.5581712622616,0,17.1
190.75767253390796,3.7986071017928165,0,0,0,7,279.0454777177818,0,19.6
43.74581926831794,3.801273639116886,0,0,0,13,111.87863980310979,0,24.3
29.549841126039585,7.083679201130399,0,1,1,8,1645.378230927029,0,22.1
206.62818916469797,33.8862344167398,0,0,1,18,1560.0023258285582,1,20.5
227.60269266483004,13.241493179175144,1,0,0,12,482.253071117804,0,16.7
450.2511296619182,1.0789244280486547,0,0,1,15,894.9087501135882,0,23.1
485.9301662343404,9.465798398496371,0,0,0,11,935.6687605996439,0,24.4
85.02172993265299,1.792584212280642,0,0,1,5,875.2645750373217,0,21.6
32.47707765818831,26.43211030804781,0,0,0,20,949.6789907827302,0,16.6
262.3513699706123,15.092560046549472,0,0,1,21,1111.322500452096,0,18.0
91.06649767082621,2.144784030934099,0,0,2,16,763.5246295860851,0,17.1
140.33969124544302,17.392182447626006,1,1,1,12,639.0424940929296,0,20.4
250.9814565571832,3.3852153964650746,0,0,3,7,362.5037831410593,0,16.9
102.52815568950167,14.746957278787338,0,0,0,8,637.9941652935607,0,14.9
208.8510811173987,34.1637918325389,0,0,1,8,1018.6139544233355,0,23.5
155.75561929958815,5.2890888783948204,0,0,0,20,121.80243178294698,0,17.4
345.53677906505993,6.6927172036041975,1,0,0,3,193.2035516450533,0,25.6
211.04584014200117,4.160364442891492,1,0,0,4,662.5777768517783,0,17.4
124.10261691149563,1.017556030555256,0,1,1,9,99.59759244878067,0,19.0
76.65377235319741,12.793557056354006,0,0,1,4,374.59494123974616,0,20.9
197.99819852626868,15.277499008033946,0,0,0,14,1108.8917971398946,0,15.3
201.5616094257526,4.3752110544168605,0,0,0,8,748.5214046445302,0,21.5
127.67819547711596,4.592594667765848,0,0,1,6,124.29972613628388,0,24.2
189.75579402855803,2.9690380591578887,0,0,0,6,2084.915974596732,0,15.9
44.2714908602136,4.405302900000252,0,0,0,11,679.2019049377244,0,22.7
107.83605552352395,3.586923237787161,0,0,1,11,129.1453136026878,0,24.4
326.7076618124189,10.969519316198369,0,1,0,0,1032.7235289932664,0,27.1
173.97270123870513,6.0959710396824605,1,0,0,13,134.44112939889237,0,18.7
728.5979629078157,10.007200511649375,0,0,0,15,436.42224149116726,0,17.3
260.31525714966733,18.423233500808145,1,0,0,6,128.4074623725998,0,25.9
95.43674372694024,16.785490533367547,0,0,1,20,771.9086332016761,0,16.5
74.18678718330672,0.8673739354032045,0,1,2,9,740.9233605264096,0,13.0
251.74517253887103,1.93298398766133,0,0,0,4,208.45377415744446,0,19.6
172.48808315708183,4.856100404717631,0,0,1,2,371.6989361460988,0,24.9
118.42427315894035,15.34743863866798,0,0,0,14,833.9166075868498,0,14.9
53.22304444970781,7.839497096768186,0,0,1,6,438.4886537533534,0,21.6
242.9974501092483,13.322658087484129,0,0,0,8,1525.342926660092,0,14.5
469.78112914637336,7.983615317376795,0,0,2,2,81.0358179101862,0,18.1
140.63955086399076,4.830022617797571,0,0,0,0,247.63475489425065,0,17.4
289.7312216663194,15.26931142597202,0,0,0,4,1087.897704902883,0,16.6
145.88846823325005,13.864680847072457,0,0,1,12,436.89622125399194,0,18.9
168.55627004599825,16.04420403209872,0,0,2,16,1171.9521523997275,0,18.2
36.061063774341704,2.07824855229527,0,1,0,8,234.07903625467225,0,12.9
23.601748171621413,11.373733884999583,0,0,1,7,324.1472703375517,0,26.0
256.2599143133246,4.538668452040041,0,0,0,6,343.0599190020163,0,20.8
130.54560208617866,7.273209025607337,0,0,1,14,1205.2782716990514,0,21.4
156.32106505308406,0.9601865392015102,0,0,2,3,467.45439323477177,0,18.6
806.4369817761324,17.662019018091563,0,0,1,20,413.3537604156636,0,24.2
344.938304234801,14.818142225639441,0,0,0,12,913.7808320371107,0,18.7
362.20757693123664,2.804709913779278,0,0,0,5,407.9854300337746,1,22.4
164.79871848671687,28.713701877094906,0,0,1,16,210.61471872028855,0,20.8
210.58607613094503,9.724538779747089,0,0,1,19,172.69460840564014,0,18.3
160.33250766799893,1.5003188453683964,0,0,0,4,254.6746760931487,0,20.5
122.67268848321017,2.9484744738035435,0,1,1,7,127.4622353000299,0,17.0
311.0250519700443,15.023301992619695,0,0,0,22,365.1462671206067,0,13.3
160.35070979333818,0.6743349883174631,0,0,0,12,123.88012686811024,0,20.6
42.07329746251914,29.7842193513927,0,0,0,17,103.57384689025393,0,17.1
37.721980032290084,6.170835643742687,0,0,0,6,2380.1118355734457,0,15.3
108.47940428646561,32.82407352184224,0,0,0,5,1507.1521067851659,0,12.5
279.4057714862882,5.411574915665925,0,0,1,7,594.0346326890187,0,22.2
208.37281448894456,29.632871578303202,0,0,1,21,1146.5995548444894,0,19.2
234.6539392209204,17.536486921129594,0,0,0,15,1737.2320279234104,0,14.0
199.55500185707413,6.498003186858919,1,0,0,21,185.2936332926933,0,13.1
199.3621616927614,1.6300264193081946,0,1,1,10,757.6944048393854,0,18.2
108.27564314300542,0.4110395672517983,0,0,0,15,1257.4054759425726,0,17.5
162.55099570759702,29.025772055170325,0,1,0,19,970.7772032199645,0,17.4
275.34435657887997,9.327463175844773,0,0,0,7,900.1155832854882,0,18.2
203.6338140988654,3.2340978298547918,0,0,1,7,368.254797964298,0,25.6
91.41986025203485,12.70447967874945,0,0,2,12,1038.389908059392,0,16.3
273.4652192039921,7.454970035267894,0,0,1,15,152.15234949399377,0,22.2
144.41364361136183,1.2912947122921539,0,0,0,8,4694.3895761390795,0,18.3
230.53596383913336,7.157412715360201,0,0,0,1,157.26007981138412,0,17.5
324.8209639742617,3.727304768355957,0,0,1,13,464.3887808207315,0,24.5
282.0104516681279,6.104086843568854,0,0,2,4,177.00829019749793,0,20.2
152.6331560565662,7.686174368418199,0,0,0,16,639.6906923167961,0,17.4
157.36521627762684,3.1126911317058963,0,0,0,10,1236.6981831001438,0,21.7
292.56406026239677,8.033849207118013,0,0,1,6,891.6752092820328,0,22.5
180.13883339389866,2.256880380681331,0,0,0,4,600.4914844767032,0,19.5
214.15514520058187,11.07189776911372,0,0,1,14,445.4089020334473,0,20.3
475.77356360712065,13.717274687553605,0,0,1,3,694.0357942606356,0,22.4
276.4259259056226,3.3441590526901894,0,0,0,11,89.62521323771895,0,24.6
525.8602941502235,1.2463604528242347,0,0,1,21,1270.5304505867857,0,25.7
240.43003601046394,25.799787814593973,0,0,0,16,2931.184546378551,0,11.6
59.06327303989506,5.641033574226644,0,0,0,21,185.41310419261907,0,15.4
73.6505397118991,2.9669444466093546,0,0,0,9,680.068848148809,0,20.3
410.23448221683987,7.161449871101549,0,0,0,4,199.39808955001524,0,21.3
306.0469687696945,9.090538556128411,0,0,0,5,640.6491547585972,0,19.4
193.45947542533267,14.972324082976991,0,0,0,7,551.554180520179,0,14.2
33.48296404975445,1.6166548238860914,0,0,3,9,484.0099743010494,0,17.3
294.181506975493,7.893298915551702,0,0,1,8,811.8687175733428,0,22.8
974.9910484829148,4.9719152460057625,0,0,2,8,581.5278702291587,0,26.0
105.36051024512959,4.333869856404679,0,0,1,9,1299.1081933402397,0,23.0
255.89592934500666,5.947474702312079,0,0,0,13,706.8724592566334,0,21.2
491.00668039332663,10.469728212307764,0,0,1,1,220.59448867244447,0,21.8
162.43456051826684,15.641908840862747,0,1,0,16,1032.6452021127334,0,15.5
1214.13252026412,1.889968550439744,0,1,0,2,284.2358762881611,0,35.7
510.31348603518046,17.822735512247398,0,0,0,1,200.84034644871926,0,16.1
203.13463811826642,23.36418746507681,0,0,0,21,128.26941946955566,0,11.8
36.90995274194768,9.420965588061694,0,0,1,17,101.68441742976815,0,20.0
352.94619081918586,5.309030636050309,0,0,1,14,655.7427476822808,0,23.5
73.98260203254831,8.81041428259079,0,0,1,19,325.6576739606507,0,18.0
514.4419032859048,6.992128349773857,0,0,0,23,296.5343200523076,0,17.0
73.17129030957898,8.180641559410741,0,0,0,13,667.414149935804,0,17.9
157.06488926279013,23.095144049106857,0,0,1,10,1132.4376778387314,0,20.8
112.58886649593495,2.093903537646215,0,0,1,6,3266.124633871441,0,19.3
336.02360817864167,12.940199359032158,0,0,0,12,57.281510945176166,0,22.5
394.98330407494757,2.09998547847252,0,1,0,6,57.93874852437217,0,21.9
199.43177127172902,2.0049522111661306,0,0,0,21,57.597145461133636,0,20.5
431.3307127367858,3.1240938208077162,0,0,1,15,123.24632068251357,0,23.8
145.2830633634983,3.8756702272557777,0,0,0,18,525.4846212636352,0,18.7
284.34540305933507,4.162238373511098,0,0,1,6,781.9768963987046,0,24.0
227.39781938279467,5.084803257906806,0,0,0,18,251.29754897953296,0,17.1
620.1573185199115,5.156045298024503,0,0,1,4,50.48012881353152,0,26.5
178.44690028887368,24.369718067322975,0,1,0,21,145.5187106190494,0,11.9
78.81426478583121,7.833960016398108,0,0,0,13,472.41349682371776,0,17.6
114.79053218843144,7.586319316631917,0,0,1,11,1544.775747774249,0,19.9
168.13179917887774,16.635985658211826,1,0,0,8,797.2769988115651,0,18.0
214.55823628847403,9.009554833428478,0,0,0,8,870.7965833315283,0,18.2
40.66857712004168,9.931320950229102,0,0,0,19,133.0456864733004,0,15.8
146.34987874278292,3.037618150566433,0,0,0,10,803.8752193060213,0,21.2
63.702727269585715,12.790254545071639,0,0,0,6,558.9293016432422,0,14.0
227.84526506514587,9.28906858547801,0,0,1,17,585.4240849343089,0,20.7
493.56789574295004,8.292579462740568,1,0,0,10,249.73855702799216,0,23.1
241.05359233890266,6.860617470222343,0,1,0,22,169.21849283912414,0,17.5
155.78218381183777,3.758631002492453,0,0,0,18,429.9591464199522,0,19.9
192.66522104102515,4.177927715613252,0,1,0,2,1045.3796418706268,0,19.4
250.75835199252361,13.719001291154472,0,0,0,18,281.3349296039651,0,14.4
147.4557762028159,7.333261091113545,0,0,0,0,443.5426968981277,0,18.7
648.6391276185127,12.405224250740691,0,0,1,3,91.86671830290808,0,21.0
218.92976331261147,3.6953833565775915,0,0,0,20,341.5039310285095,0,19.1
214.9760021036085,18.24614140964936,0,0,2,7,1472.257457641655,0,19.8
421.5430395422325,12.149112829916241,0,0,0,2,534.9417049770293,0,16.9
260.2360372193276,8.432070630365287,0,1,0,1,176.67238979641442,0,20.0
111.46413696686808,6.156256265025082,0,1,0,9,432.6100715632429,0,15.9
37.39737842182309,14.21857689371248,0,0,1,20,763.6005814500069,0,19.2
468.67543989317136,47.431343450541775,0,0,1,0,422.58628897565296,0,23.9
461.95146363674854,13.432551587000223,0,0,2,20,242.2477645101671,0,15.3
519.6385293404443,10.21321263414156,0,0,1,6,472.62049524393694,0,22.0
74.87833795561012,4.853506424982889,0,0,0,3,772.2873890499874,0,18.8
128.56974411049367,5.06643224696372,0,0,0,15,222.9666327038026,0,17.7
355.4035793463247,0.5226006243536963,0,0,1,8,191.85265165994272,0,22.1
447.9931235460992,1.0528101191671693,0,0,0,1,1716.9505776039427,0,19.0
182.9852270756118,2.7219911681070514,0,0,1,17,1088.6849951952504,0,24.3
436.815139670278,1.9871810723416785,0,0,0,1,708.7089179455354,0,20.9
56.81341399321919,20.165431883981334,0,0,0,20,386.28148215175554,0,14.1
84.71416421524545,2.142657044465274,0,0,1,14,416.67097874957744,0,21.3
377.16311426958373,7.667944343980255,0,0,1,21,664.6720606226188,0,20.8
77.47559446960774,23.4782870755208,0,0,0,17,457.22870625273845,0,13.6
138.38697527016149,1.4092760778682523,0,0,1,1,617.6914981580718,0,19.0
178.0012717980107,0.2251306985996343,0,0,0,6,495.03221908562,0,17.4
285.6862596941603,3.462756808306187,0,0,0,2,108.21297215388907,0,20.1
139.10864658968825,9.557763428506934,0,0,0,22,667.443782831893,0,13.6
75.70809919688351,6.992188311423476,0,0,0,11,1698.247139572863,0,16.2
146.08394039729737,14.952358171671541,0,0,1,2,1242.0384832326265,0,20.8
360.0341935137007,5.577054749180367,0,0,2,12,231.22469014867332,0,21.2
127.13512953942023,9.501697973094991,0,1,0,19,3316.6217910702753,0,12.7
171.49890512203513,9.480981162567684,0,0,1,19,455.9078067996808,0,20.4
59.72443444800388,5.2930091458312685,0,0,0,13,1570.1426205405076,0,17.1
558.0636820088065,5.1273996297307205,0,0,1,20,1811.4991464654256,0,25.4
124.45850043155659,3.2578478263032604,0,0,1,16,99.8852570141364,0,26.5
154.6058133618544,0.4903436098717188,1,0,0,18,474.4587704012478,1,15.6
61.06482233048955,1.2356634692268842,0,0,0,4,404.05358270340514,0,19.0
263.76999315699567,2.3633042633557904,0,0,0,11,118.45307791164026,0,20.1
140.4625864012396,2.034253739288284,0,0,2,14,852.5203399534338,0,19.0
382.1298777042806,8.501088335849829,0,0,0,21,539.9329735655133,0,19.7
544.8292176184509,11.711983442619843,0,1,0,9,158.12394245266523,0,21.6
231.02365550650111,5.246461757500813,0,0,1,17,955.0384961767119,0,22.9
229.51451350423008,0.9459796341591968,1,0,1,23,166.13121790345787,0,17.5
240.32350655327792,6.256417812246673,1,0,2,6,185.0948918382835,0,17.7
186.91631555120554,6.5541506106655545,0,1,0,5,390.72394392305137,0,20.7
471.96569476244645,7.399952028975427,0,0,1,21,560.3090141691532,0,19.2
350.7271565618528,7.5070417430024685,0,0,1,15,854.022412388857,0,22.7
15.30384883735465,14.45516882792323,0,1,0,2,689.979472146378,0,18.3
654.0541328775253,2.508113367840882,0,0,0,13,342.2747228638275,0,21.8
650.2030021030329,21.361780478889887,1,1,0,13,365.9013435693243,0,27.3
268.0813269719613,18.829962584469747,0,0,2,13,285.7946222846303,0,17.3
113.43684085249062,32.042019437682804,0,0,0,14,337.9075860663562,0,13.3
155.31444595081757,5.80567621090842,0,0,0,22,380.204326911623,0,17.5
66.6919544704879,14.37382741593861,0,1,0,4,971.7627556640232,0,12.4
390.2935298920933,7.405628782270098,0,0,1,7,3034.1428831891867,0,23.0
476.3180595960091,2.781414945826655,0,0,0,16,356.1464228548773,0,19.7
95.59006753716095,3.5424419802595377,0,0,0,21,328.5342616445024,0,15.9
236.22853721990023,20.15590913623763,0,0,1,9,433.98692844344237,0,21.0
298.6168276244293,12.665596243922804,0,0,2,22,648.8402874942251,0,12.7
68.69941844391174,13.476847036441606,0,0,1,20,1994.1531346559516,0,18.0
337.7438538107542,4.402503345328231,0,0,2,14,218.65009202934763,0,22.6
149.3106643813215,5.942970894119421,0,0,0,4,820.132809933671,0,18.9
456.2078305067825,2.622767619345593,0,0,2,10,77.9832987805725,0,24.6
230.5448096477263,12.305436879720013,0,0,0,18,370.1537026175802,0,14.7
194.7196428893751,6.988760575360866,0,0,2,5,84.1235273484354,0,22.8
21.24933741806342,33.89761932098176,0,0,0,14,230.65762165008124,0,18.5
37.90432382215874,8.073670029030131,0,0,1,14,669.25628849412,0,21.1
257.9545386932786,7.68113086713666,0,0,0,16,356.2222065758817,0,18.4
89.4607936122955,30.69163633683511,0,1,0,2,2687.422519710673,0,13.7
210.12108905883264,43.84503191098459,0,1,1,22,707.6190568183837,0,32.6
160.27573840648893,6.508703751337128,0,0,3,23,953.7612202511873,0,11.9
237.58810705489302,7.81111392225247,0,0,1,19,1586.1710413295225,0,21.5
313.22578255811334,11.853964132058213,0,0,0,17,1374.6239825360035,0,18.2
199.17527835479186,6.668372201581433,0,0,0,9,1052.0605783920469,0,21.5
77.22772691447994,1.0190052891473285,0,0,0,23,166.88838213273738,0,15.2
39.36326071723382,16.189004843487258,0,0,0,10,188.6208758322402,0,19.1
139.738841631159,2.0414659297771762,1,0,0,11,327.74897689977354,0,20.6
110.9888574934673,31.185940107356704,0,0,1,0,587.5796934355985,0,21.7
222.48512405307767,6.547685532058418,0,0,1,13,650.0766609476233,0,23.2
242.58232255789275,4.4923908692409915,0,0,0,17,121.19843271025165,0,17.6
79.30073211910765,4.342991357854756,0,0,0,18,473.6388499333572,0,17.4
112.11186483766794,9.721160756421385,1,0,0,9,486.1534883909924,0,18.8
212.84056821226994,4.727729468866274,0,0,0,21,777.2034174019363,0,19.0
55.08952093887034,5.419433897195928,0,0,0,13,562.2578056853623,0,20.7
292.37720817995466,2.7369312907804666,0,0,1,14,266.76650607723315,0,22.5
175.2374886575618,5.80399967753833,0,0,0,6,516.6391849184106,0,18.3
150.03583824994223,3.370424316097695,0,0,0,6,608.0039583233423,0,20.3
430.20098165630804,6.8973392079126485,0,0,0,4,58.97202170033822,0,26.4
70.03639062234328,2.5757317301692653,0,0,0,6,74.57785990624328,0,24.7
89.80215724590329,9.623752228256105,0,0,1,14,459.9030441774799,0,19.3
508.15594066422636,3.338005669933056,0,0,0,19,1063.4867207989719,0,25.1
96.94292004761977,0.10935587264753728,0,1,0,6,1973.9283676928403,0,11.1
684.0755753818687,17.229674137499693,0,0,0,23,82.02947751876457,0,15.1
897.833310908593,17.844303492954733,0,0,2,4,1917.0194994076837,0,30.2
166.46495696231435,6.235897145087617,0,0,0,23,82.81413951549189,0,17.2
193.5250278834074,17.255411896950147,1,0,1,10,101.49512116020429,0,22.7
145.48096257321166,8.105050474360382,0,0,0,14,184.4058646653054,0,17.9
286.66361566206183,4.685786574195453,0,0,0,5,105.57537244758153,0,20.8
502.32723002748094,7.393175069001915,0,0,1,10,216.3901156924196,0,27.7
48.82528635184794,8.176124832170174,0,1,1,4,1053.9260127586776,0,18.3
413.5056094111425,11.665283815575156,0,1,1,21,1446.6168383131044,0,22.9
121.2494958780045,17.86357165729277,0,0,0,11,531.418283945377,0,14.3
365.867401863343,49.058090728725055,0,0,0,13,1415.1209114128446,0,17.4
71.60695084480068,28.881859766278268,0,0,0,18,216.0341129383739,0,11.5
32.909693840969766,23.89411978795628,0,0,1,8,192.92120057259388,0,23.9
133.08443288895913,1.7715466265499475,0,1,2,4,1039.8402282451934,0,13.2
109.22659227308556,1.3637260051210742,0,0,0,10,617.7030299370514,0,20.3
365.73297873778813,18.25572957028035,0,0,0,2,399.97563213197975,0,18.6
152.97606627649978,5.1228157816612905,0,1,1,3,1967.2707309127068,0,21.8
394.40464907962325,0.8920368929269245,0,0,0,18,3388.5019972364043,0,18.2
381.7692250336459,0.18539990126869446,0,0,1,15,235.05190859617088,0,19.6
136.29307855248322,3.778857686292779,0,0,1,13,130.78163939667604,0,24.3
236.05431407861963,6.637870491687028,0,1,0,14,963.3253973286545,0,19.2
436.5178530814335,22.547304546980563,0,0,0,23,1741.3129008108865,0,13.7
386.2430397023293,3.160740062462044,0,0,0,8,181.78689588307932,0,22.0
500.8930783965574,7.27975244034165,0,0,2,16,3150.874154824231,0,23.3
30.18743958416913,12.08411367906043,0,0,0,2,403.3833002749455,0,17.4
252.6580823618189,10.068813702040988,0,1,0,0,1528.1464972583326,0,22.8
96.97695481042336,2.4808229745027326,0,0,2,3,211.65625589150875,0,18.9
385.8077407395077,2.2434300865034476,0,0,0,12,922.7293604294862,0,23.3
149.31463545539623,9.317730829379895,0,0,2,19,44.29738910127931,0,21.7
516.4058374361471,2.669977549016336,0,1,3,12,101.82192547341833,0,24.8
262.0171946493423,10.206950177551306,0,0,1,19,365.25294819213406,0,19.5
267.754833234046,0.3139110324933367,0,1,0,9,235.93989842273663,0,14.4
220.4032019215021,6.785905799519593,0,0,1,6,2099.007354558858,0,21.9
287.00288132316535,4.505702170128947,0,0,0,13,1303.0599925632312,0,20.5
129.64763271077294,5.268484410423321,0,1,0,9,498.136579594937,0,14.5
222.55194289744722,1.496364188544979,0,0,0,3,219.48101634963635,0,18.3
52.17285568312714,13.441424429072063,0,0,0,11,2678.6994709708583,0,11.5
206.7700595920821,0.47824312466405544,0,0,0,5,360.05058120746565,0,20.1
463.3754556904082,12.446261044007583,0,0,0,12,1156.147757836239,0,18.3
136.54834791413546,13.520665108835642,0,1,1,9,883.1013558802146,0,22.1
320.3842862309522,4.137232871636869,0,0,0,9,606.2562032959897,0,22.1
48.59812224845766,10.016526796462474,0,0,0,6,982.6816897932652,0,16.3
496.5493546828348,12.312230751575626,0,1,1,7,97.93811787418262,0,24.1
68.91852556197361,8.500019812073077,0,0,3,1,91.26299615974773,0,16.6
240.2275065276037,4.0545052083262965,0,0,1,4,144.20908641346503,0,25.0
117.45994781209785,4.370260838093182,0,0,1,23,958.4268868694908,0,16.7
187.3204057902315,1.3272028402127216,0,0,0,12,204.79105399279885,0,20.1
548.0098400377235,12.660968238713606,1,0,0,11,98.29780033992648,0,30.4
155.32831686451874,5.274800901688789,0,0,0,16,239.48971600840832,0,18.2
117.50549796985734,1.3618975742757886,0,0,0,3,308.6884182132503,0,19.3
387.5106533414819,22.738490337498355,0,0,1,5,737.5835366691075,0,24.2
129.89901902614267,4.271176368876216,0,0,2,3,835.5443989659997,0,18.9
366.88068796790714,1.5933993537070787,0,0,3,17,404.73651541043967,0,14.5
211.11525882242537,16.909492145230672,0,1,0,15,587.1357863230783,0,16.2
162.14012291008208,5.4120890659961995,0,0,1,10,287.1975545627224,0,25.6
130.33250598630056,0.9923712342865729,0,0,0,11,36.45969340912436,0,24.5
440.8221188892862,12.776422673670384,1,0,1,10,204.003915595237,0,20.3
386.56157721689647,37.86103504407149,0,1,0,1,112.46360392699727,0,25.5
301.24471995228885,13.308704387748053,0,0,0,11,142.93047154405087,0,16.0
1331.7531377907032,405.83414610452127,1,0,2,5,34.8398622596185,1,99.8
500.1599324365302,27.69790670868712,0,1,0,5,1220.5115637382362,0,18.7
150.24347190653927,13.48040738099445,0,0,1,4,493.5447705880016,0,21.2
78.18353103978124,4.1237714007478345,0,0,1,20,795.1332412468294,0,20.9
37.30735590999755,8.34557797275826,0,0,0,4,694.1577388366643,0,20.3
163.022380793301,17.468977797819672,0,0,1,8,307.37628627924335,0,24.5
387.89207270975953,12.362000214388237,0,0,0,11,1245.8727822510866,0,20.3
300.4500539063348,4.658158605154874,0,0,2,6,1863.8982482864367,0,22.7
185.53773170356507,5.938316858140444,0,0,0,20,136.9148369099137,0,15.9
199.94633888696512,13.636754858633351,0,0,1,5,2513.1434125518836,0,20.7
421.6392940358157,1.3630781267317473,0,0,0,14,1235.9701179003532,0,21.7
310.30640617403753,16.034843527910933,0,0,0,4,116.48230652239323,0,17.4
91.27719946155527,1.8787965222150433,0,0,1,22,996.1192333756703,0,19.9
224.9696494541956,7.538655015310173,0,0,0,6,44.84473930049911,0,21.6
205.7414342381775,15.425316642893177,0,0,0,8,2154.408454492482,0,12.6
5236.730139132222,22.349852079076843,0,1,8,23,357.0227919280857,1,64.8
184.98436540060402,14.06179858960836,0,0,2,1,625.4190091433865,0,16.7
208.4601016130371,2.269583996465926,0,0,1,16,1408.570429860617,0,23.7
121.10883902686379,2.3297223374688403,0,0,0,1,217.97250258472914,0,17.1
103.45981489833486,0.9868461440543989,0,0,0,18,2391.1066783996953,0,14.7
254.39405050088914,6.72951111660486,0,0,1,0,774.5418905772036,0,24.3
262.0568930070062,12.016044543126547,0,0,0,18,238.6048460803526,0,14.1
78.56507168021281,26.66551568804534,0,0,0,18,1322.7613667506535,0,12.6
117.12548761678154,1.807113540908995,0,0,1,14,1741.8273999778635,0,21.3
288.2068619861733,21.758073570507896,0,1,0,22,457.65823335224115,0,16.6
344.5299863377084,15.035277622257619,0,0,1,0,136.58383562994572,0,25.6
308.43375577207524,2.9031262662870967,0,1,0,12,1944.0184950913447,0,13.9
199.62269170758194,10.402353105954083,0,0,0,1,155.9717244348242,0,15.5
223.86525637245384,15.86147838952641,1,0,0,3,1052.8303826072338,0,17.3
86.02949326888628,10.747342517878451,0,0,0,12,253.71819593043645,0,14.4
484.36879222543496,2.768573672139766,0,0,1,4,1798.358307863255,0,24.6
256.6373758981098,6.634222698940342,0,0,0,16,1304.693881517899,0,20.4
280.6282787883446,17.498580504382982,0,1,0,18,121.40898150031778,0,15.7
337.1856615914363,5.816995265096987,0,0,0,22,712.7205729933927,0,17.0
809.2019905677461,1.1594994549556816,0,0,0,18,291.3387076514752,0,22.8
73.52103624154583,13.673623042147774,0,0,0,10,1640.3445522555091,0,11.7
193.15440161026345,4.386451882569983,0,0,2,1,599.7259342078341,0,18.7
420.838556025767,20.0640284572544,0,0,1,12,186.34892045324852,0,18.9
19.1520044892411,3.6825688339069225,0,1,0,18,189.6270648968464,0,13.5
146.72762618658925,4.966177881135225,0,0,2,10,531.6929618722318,0,19.5
39.87885594570916,3.318708255993394,0,0,0,23,530.8851217654659,0,17.0
178.1470060543661,9.287201343040985,0,0,1,6,432.4886563328889,0,23.5
62.224024585649865,8.875280322995565,0,0,0,5,1645.8895714885514,0,13.7
179.90020216029248,5.8338189833603735,0,0,1,6,754.6491474396786,0,23.7
193.19094873536955,1.8937773206096709,0,0,0,0,638.6284200585324,0,19.2
546.7672377444421,2.0676032641670785,0,0,1,11,268.00333598299653,0,28.9
363.4592156771578,12.057790345561536,0,0,1,20,303.3072226587297,0,19.7
502.60310295241925,18.116506931380606,0,0,1,1,216.51524460162145,0,23.7
189.12891180281505,3.46726491718171,0,0,0,19,3369.6999903714814,0,16.6
172.80955570194322,12.62567524708037,0,0,1,2,93.85403153741775,0,23.9
455.39059234030714,10.362251350468002,1,0,1,19,690.8325118042868,0,16.0
501.5543349214292,2.5230383573009387,0,0,0,17,818.7032374432077,0,24.4
326.249072619379,3.4636181113947675,0,0,1,3,1022.6763450459677,0,25.1
3386.942851658939,804.6797467140389,1,0,5,1,135.31394856915298,1,99.9
444.7772817094841,33.383284321921124,0,0,0,13,982.1129401655597,0,17.3
96.93642619386938,9.291519605203506,1,1,0,14,366.44702001539144,0,18.1
331.6698849369139,18.33223970157737,0,0,0,12,1184.228719168726,0,17.8
223.1225338747294,11.882554364026308,0,0,3,10,120.4479889522288,0,12.7
26.57919819426076,8.46463118354325,0,0,0,5,363.30821266448163,0,20.5
228.3580436095561,0.8214724879009553,0,0,2,19,40.78991994133098,0,23.8
168.8541121938904,0.4911874707339789,0,0,0,23,736.6330599538576,0,17.9
155.8650930247937,1.9701146543010568,0,0,0,18,782.7556821160965,0,20.1
128.51961083506896,2.974530028034606,0,0,0,22,1495.5473975782552,0,15.9
237.80731530660796,7.904883887660618,0,0,3,23,1571.5362454902438,0,9.3
181.32276426085056,17.469323118245576,0,1,1,13,992.286652684794,0,23.0
176.12975147112203,20.355059931572637,0,0,1,15,453.8067496687277,0,19.5
246.00116992346312,14.30392172851708,1,0,1,6,859.3544960888571,0,19.4
262.5058560275709,9.331345236917938,1,0,0,4,256.8878741553482,0,22.8
491.59564178051363,7.487955016072522,0,1,1,15,1486.6001204901415,0,20.2
3145.872233929465,770.6081289153934,0,0,7,12,31.577069398052902,1,99.9
646.5536986097048,5.625698634900414,0,0,0,14,474.2133636875089,0,21.3
453.9639713398878,3.156294698212609,0,1,0,5,144.7465453582149,0,18.7
126.25616714861333,2.567661572414076,0,0,0,3,685.8985475361147,0,18.7
133.20173930309633,13.386681938632096,0,0,0,7,458.859689071882,0,13.3
103.86452740553995,13.896607807098942,1,0,1,6,904.6483975287443,0,18.0
26.11372412124502,1.9859041865863456,1,0,0,16,428.2434084837873,0,22.2
140.91238940702627,8.726676290500798,0,0,0,1,198.22281688061622,0,15.0
287.40986883842646,0.08517596317029325,0,0,0,7,1013.9537620557703,0,18.6
102.52845348111265,8.154925815091246,1,1,0,15,705.3776329704928,0,18.2
154.82066464904267,2.6340205582433356,0,1,0,9,392.44159642687583,0,16.8
48.03944990778397,4.2916218357312825,0,0,0,7,1426.2117979296831,1,18.1
23.19818168964933,18.21287701397606,0,0,1,1,1766.7851602835356,0,22.5
384.7890020200201,1.9565788988196142,0,0,0,4,220.11261925026173,0,21.3
335.2590931128473,2.7182635864609606,0,1,1,23,91.25154651176328,0,20.0
469.3598690247071,10.812992046927377,0,0,0,18,1656.462164720123,0,19.6
102.09189465057436,18.249871369859147,1,0,2,10,306.2913542184584,0,16.2
60.75265300456543,1.2442572860150551,1,0,0,6,331.02277284539343,0,21.8
200.36847721066212,3.199036773239378,1,0,0,4,621.1730699294914,0,17.0
59.524846749367796,24.765964525294024,0,0,0,0,1112.3244470836182,0,16.5
201.25892471753687,3.1997946512533217,0,0,0,5,462.4972779859681,0,21.1
299.3024274287601,11.789324860343918,0,0,0,15,476.405585381932,0,15.6
272.1929031900167,2.7798261877451553,1,0,2,20,104.72807287596234,0,21.8
28.15185851359196,3.7726480564607647,0,0,0,7,2192.8097781868832,0,19.3
3546.4861780334063,1842.606753895365,1,0,1,4,187.22185219392432,1,99.4
270.32817437891225,4.856000133252839,0,0,0,18,1470.0483030147507,0,19.6
65.32584589642224,8.364318869869622,0,0,2,16,38.71906901541767,0,28.9
69.86625058277303,1.6450684921215626,1,1,0,20,171.87545505183692,0,14.0
129.88365106664904,4.7900163347416385,0,0,2,19,2167.0993653693936,0,17.7
97.61676020628407,7.5625829876326005,0,0,0,3,1776.8323462592978,0,13.7
99.18723348302933,3.618221388553784,0,0,0,18,460.96365271332945,0,17.8
46.844372289112044,34.5519085438115,0,0,0,5,2605.7227913993,0,12.6
128.7154631493346,5.6640799455551205,0,0,0,6,2100.673419253315,0,14.1
225.84464266353496,10.638708093696739,0,0,0,23,135.39300841996862,0,9.8
70.94723852779538,12.57437386659365,0,0,1,1,39.70821216776456,0,18.7
383.0174312049588,14.596832988892617,0,0,2,19,538.6672463175507,0,16.7
902.9318645691975,32.00757861707104,0,1,0,21,600.0590474104239,0,38.2
183.98940111823987,9.149155320206626,1,0,0,12,50.23975356827336,0,20.1
375.026434898518,4.938556423471445,0,0,3,16,407.69647413685635,0,16.8
807.2655236934564,16.428378969938088,0,1,1,22,911.5492560698717,0,25.7
388.96667696394263,22.05996521095379,0,1,1,17,332.90080455644323,0,25.2
504.24310047628427,2.5982247158781626,1,0,2,6,1305.7351657636887,0,26.3
153.76788089413733,9.58128575558577,1,0,1,5,309.0031188675057,0,23.3
78.26007617352596,0.6005239154084133,0,1,0,18,1262.168957292957,0,13.1
367.3078094772052,1.103237397469289,1,0,0,0,470.11944370493194,0,15.6
324.87940215020006,5.275966779258477,0,0,1,22,243.60668027407007,0,19.8
256.82737722722527,11.146838914949731,0,0,0,23,885.2108605039748,0,11.4
158.17779365676023,1.7768031105857787,0,0,1,3,360.3881067075732,1,25.3
155.22817707200522,4.4106086598121115,0,0,0,2,521.0510233670332,0,20.2
54.66386914977382,3.297331800885714,0,0,2,19,287.4728671277716,0,22.2
71.6075202489168,3.8860263133914703,0,1,0,8,279.63365860356646,0,13.5
108.28386367831916,0.7522457766223226,0,0,1,12,90.58281385904064,0,25.6
373.99876056228265,11.46371078029883,0,0,1,13,278.75615883853015,0,20.9
173.49246340390502,2.2652465332347305,0,0,1,13,124.3919217990963,0,23.7
231.93003500348124,3.410135226339524,0,1,0,9,665.6108341762701,0,16.9
123.30864654416638,6.990328185520728,0,0,1,4,1597.5245883641296,0,22.1
1830.5054008564603,1032.8312696863445,1,0,2,5,106.8440435155233,1,99.9
317.6762438154975,8.887183142094853,0,0,0,7,232.05506815774018,0,17.8
221.54545005331417,13.894298260283401,0,0,0,20,1101.404609173856,0,16.5
39.95225823103261,1.3311309971237215,0,0,0,13,1613.2188516359947,0,17.8
48.33326285779077,14.194457532146634,1,0,1,4,230.55277404513524,0,20.9
912.3129240808518,7.100992550508088,0,1,0,20,1361.9620632364397,0,20.0
224.48694421848225,7.890826847619443,0,0,0,3,816.4146161929181,0,17.6
294.9679809604386,32.31490202066705,0,0,0,22,340.22055276196886,0,11.9
385.64314652774465,29.316505416450386,0,0,0,1,977.6800717242171,0,19.7
154.97718180920134,0.8225623979553204,0,0,0,5,1566.266387432159,0,20.8
236.72620958586893,19.35326420754622,0,1,0,19,525.1336504829537,0,16.5
139.48307807539788,19.337935872353423,0,1,1,8,451.4729401723422,0,23.1
111.42569088681498,3.216801785648473,0,0,0,22,623.4925589446563,0,16.5
149.42600455231278,4.044201454230883,0,0,0,7,472.2360652242238,0,20.1
95.90023817283458,7.116508276621245,0,1,1,18,1958.551949643145,0,19.8
453.4685861638476,11.70162898153907,0,0,0,12,680.4134110500343,0,18.2
134.46595696010317,12.664108955805542,0,0,1,22,1840.8251546926408,0,18.0
521.9827426426318,18.37001589138302,0,0,1,7,1006.6514504570384,0,21.6
122.65978708651883,7.310021648228754,0,0,0,1,825.8322956893005,0,16.4
117.2416213166881,5.772225300498335,0,0,0,21,499.0717938097004,0,15.9
352.6487213669936,3.579299857644501,0,0,0,8,493.0142326432563,0,22.0
267.2427061463025,32.27696924381785,0,0,0,11,599.9252561235592,0,14.8
222.94354165419742,20.54825478315132,1,0,1,8,759.0198622756237,0,19.8
97.43555730806114,8.307839989396452,0,0,1,10,112.99469960383172,0,25.1
126.35536653250136,5.808500042749874,0,1,2,14,145.5061315495,0,16.4
140.58377935325248,18.530522042668228,0,0,0,16,943.2853240756775,0,14.5
643.6187404850663,22.975826329246523,0,0,4,6,202.14278448448016,0,27.9
311.1544027825788,8.60622479791819,0,0,0,21,937.2403749019737,0,18.5
64.2423224809368,16.46911009299765,0,0,0,20,446.09595236120174,0,13.8
590.6694933009932,2.510267386095188,1,0,0,12,1295.9210830117624,0,25.3
316.11372505010934,6.545886848402067,0,1,1,7,2261.5549312350986,0,20.7
109.21800558766546,12.473697033857057,0,0,1,11,168.09960262078067,0,19.0
173.9515777199304,24.50031130454071,1,0,0,14,1358.440395295928,0,17.1
79.8210207629576,9.601835239354147,0,0,0,11,281.7862470666942,0,16.2
475.941432516785,7.885608682308089,0,0,1,2,48.41503454399927,0,20.6
603.514164361164,24.22764805086573,0,0,0,16,316.49828054957516,0,15.9
226.43910878748488,7.975763584012222,0,0,0,14,2016.0819513810243,1,15.2
3594.2726019261972,1373.5984181190195,1,1,4,2,99.81971896033225,1,99.7
103.0331044662906,9.345290038363578,0,0,0,4,1589.5631555913583,0,13.4
69.31293618317027,15.385631779309655,0,0,0,5,767.420236990871,0,13.6
21.539004222555,3.8311985190984204,0,1,0,16,2154.906088301834,0,14.8
231.21803094880397,1.5293996409865955,0,0,1,18,1269.3347173778764,0,23.3
138.92781555182506,1.4222810124313692,0,1,1,4,515.7681029854841,0,17.5
378.45195383794515,0.7224298288567277,0,0,0,9,195.53398499883775,0,20.8
185.43227914771646,7.177352535671911,0,0,1,16,199.61702836690125,0,23.9
229.89297108230562,9.409828516617091,0,0,1,15,518.1414789801797,0,19.7
414.56231437363607,23.786691250938773,0,1,1,17,1075.4869013574164,0,23.0
280.2234177681816,13.20762866506454,0,0,1,1,74.79414244361608,0,21.9
138.13847880568179,15.777522160553072,0,0,0,4,807.7370558323329,0,14.1
465.13643449985193,8.722648168908506,0,0,1,11,767.3847547810022,0,22.3
215.48196470635182,0.6430602578758587,0,0,1,16,677.8655709337745,0,21.8
222.41925118044148,10.08496987138553,0,0,1,3,2201.6032199406745,0,20.1
246.54776715847183,3.5351271258934784,0,0,0,12,929.359337252045,0,23.0
7823.4390940744315,727.1594865789507,1,1,3,1,367.50537808411224,1,99.9
110.46144016314982,21.751032544507193,0,0,0,6,225.3262622838822,0,13.0
275.6735355452721,45.58836919645072,0,0,0,23,1328.888331252473,0,12.5
630.6692206916479,3.684141023686706,0,1,0,3,2697.9521371968162,0,13.8
479.790327981838,0.6225419660320202,0,1,1,5,1221.7885294145808,1,19.4
298.20647659826676,4.401947878081256,0,0,0,14,223.8954974311894,0,19.5
377.85238035521377,16.225618130173874,0,1,0,10,534.7574526368194,0,21.0
111.45291762709124,0.40089500815055845,0,1,0,2,1180.5878013613062,0,15.8
498.59085006382094,6.457018716815984,0,0,0,6,152.1336024284356,0,21.7
677.6983390414064,21.04304569560917,0,0,0,14,232.15860957642496,0,14.7
140.20716570425543,13.103788125687146,0,0,1,7,280.2297732472679,0,21.1
217.41193134449466,12.43540120197118,0,0,0,11,1051.3079710414895,0,16.0
131.5569514507333,4.24773719986214,0,0,1,22,301.964095507763,0,22.3
99.91167092570863,10.509645750565602,1,1,0,23,138.60297064455509,0,9.5
138.16057730762398,10.055523311658176,1,0,0,23,2175.7577118344852,0,10.1
363.4393047102597,0.46620459087205324,0,0,1,16,234.61934324037531,0,21.0
369.6786863391447,1.6316064915798656,0,0,1,7,356.0972669292542,0,23.4
162.23924966132924,2.2052735498443545,0,0,1,4,620.1275587457611,0,23.3
379.1864200397029,8.842419819383505,0,1,1,7,643.6739814277188,0,27.7
338.63202094236823,1.1074846428242697,0,0,1,2,43.89662553437735,0,24.2
262.12271274552285,3.7605979713683446,1,0,0,18,390.98227124510396,0,16.0
376.51526831215875,13.375674136298546,0,0,0,10,971.9211133620939,0,19.9
420.72387009500716,3.9917677472131423,0,0,0,23,796.9541565666699,0,16.4
560.5587960846458,24.539172920230616,0,0,0,10,83.3519380430146,0,19.5
187.4916539041103,6.592408536286854,0,0,0,23,555.0795504555282,0,14.6
22.244561100755003,17.06664686916296,0,0,2,21,1976.1879286114918,0,17.0
233.74819858164489,0.6862286635383592,0,1,0,20,549.6513393988495,0,14.0
192.98527089412866,18.816352275158444,1,1,2,17,113.18715513761057,0,18.2
326.0624551381543,7.501562157932186,0,0,0,12,193.67965405790125,0,19.6
240.10203826453517,1.4557762329643964,0,1,2,21,84.15983783449448,0,14.8
29.03075873779971,5.837421667758943,0,0,0,17,1327.25412465332,0,16.9
122.29740235617741,6.633451655268335,0,0,0,9,347.53279775821375,0,20.3
216.03950833006837,13.849049362058445,0,0,0,19,49.02200153297014,1,17.1
358.8577528354866,12.50564907450979,0,0,1,18,146.32636831989367,0,19.3
111.29181035060512,0.8589030829331954,0,0,1,10,65.31806607382553,0,27.9
461.2547645692561,2.243082007122089,0,0,0,7,74.74189365596638,0,24.0
92.69585334706382,3.1108612619245304,0,0,2,3,821.4191453222545,0,18.3
282.6745498463035,8.905161820631537,0,0,2,0,426.3441568365256,0,18.6
174.7290545147121,16.24730818644215,0,0,2,4,260.22975859084664,0,19.8
116.29296427488826,1.4290164156863099,0,0,0,19,221.522481045727,0,17.0
291.8267338751326,0.5822695131301862,0,0,2,5,1001.1490781377626,0,19.6
153.88442168239655,1.7385419448020158,0,0,0,9,147.09066971040772,0,20.6
286.20595345963363,1.4824157301906666,0,0,0,2,582.8047567088745,0,19.5
41.774828699907985,11.498276091202836,0,0,0,23,856.3383112173982,0,11.8
361.5003768657803,4.897256941040726,1,1,0,18,182.2292678676578,0,14.4
80.67015756793937,19.910974418971783,0,0,0,17,335.6812705316182,0,14.1
623.4496678744688,11.901803794183602,0,0,1,22,56.11017321310982,0,16.7
51.664971347430814,11.014544206395572,0,0,2,18,201.42599106574914,0,18.9
114.47044868641218,44.30911197518138,0,0,0,20,109.15376805095173,0,13.8
4725.106274203366,6.6279459252009865,1,0,4,4,185.14507641332864,1,47.6
223.85484503029883,16.245554136562813,0,0,0,12,375.5019400897485,0,16.2
353.0073398037911,5.67494196064593,1,0,0,21,323.8165765964754,0,14.6
345.08615731687416,8.623955899562798,0,0,1,3,2039.6435854498638,0,24.0
181.819027190154,2.142764186621467,0,0,0,2,97.75000261366776,0,21.2
196.51010444619058,14.993254742762787,1,1,0,11,391.7612194513607,0,22.8
164.55189824059033,2.4464879651978206,0,0,1,9,248.66801395620385,0,25.7
403.2509320231765,1.8769760328997096,0,1,1,2,1167.4517465362308,0,20.2
200.55045121353234,3.4564842629285866,0,0,0,1,1297.2864714856937,0,20.2
240.07265308445852,1.3898325880544797,0,0,1,12,362.86288918042106,0,21.7
416.13435088862536,4.910409356750647,0,0,1,21,2113.791092650316,0,20.8
114.13493692804731,2.218389985387738,1,0,0,2,3114.300084391874,0,12.3
68.03327878232612,1.5758998209040154,0,0,0,7,1245.2751962740494,0,18.9
348.45630875740426,4.72212449490911,0,0,1,9,89.69967440203754,0,26.3
324.7914608515732,5.920203144238719,0,0,1,12,77.8546258866693,0,25.3
184.92110671826998,4.920529259128825,0,1,0,3,94.5119280154546,0,19.1
301.70520899710937,10.33222788774864,0,1,2,6,223.1432681238912,0,22.4
223.66214360300685,6.9569609265664845,0,0,0,9,644.3854263936586,0,21.0
226.4187097400277,12.34519490735181,0,0,1,17,167.13608976908182,0,19.0
237.05417383960358,3.2744704072186237,0,1,0,1,106.67811949274578,0,18.4
107.75634298234266,2.5172916186736853,0,0,1,17,223.03705780795102,0,22.3
105.032547274732,4.7188934459506395,1,1,0,15,619.8685669286039,0,14.0
492.37094753035757,3.064430704243845,0,0,1,4,35.90365474881522,0,26.5
289.74057320209704,6.54865437209849,0,0,0,3,117.5963100742955,0,19.7
94.68291765773606,10.254187035083076,0,0,0,19,95.91209115677228,0,14.6
458.887719276431,3.481567391118171,0,0,0,16,392.1576333033911,0,21.0
170.28076414559382,0.25430501629738694,0,0,0,11,1338.9376996476933,0,19.3
121.08864360217366,21.067883928231232,0,0,1,21,159.68988925309836,0,15.7
158.3404107834064,10.63080540637933,0,0,2,5,209.68568979683693,0,21.7
170.86379296341704,3.5148398942795227,0,0,0,0,103.27046746073512,0,20.2
497.9121009174641,32.02523668041836,1,0,0,12,955.3601204188091,0,19.4
114.20028129675188,3.6611375334341854,0,0,1,9,787.5626319402534,0,22.4
105.01933956396368,29.20756764915504,0,0,0,15,829.9930931481226,0,13.2
114.43463156349259,6.472948488842082,0,1,0,8,185.6279341995384,0,16.5
89.89851242901155,0.5376995066845064,0,0,0,8,1158.3215226826212,0,21.6
243.43302361765808,4.168085557474412,0,1,0,2,82.28914381037575,0,19.3
85.0477921911229,14.269585129294592,0,0,2,21,155.4543958946863,0,13.1
287.98988906581025,24.94300002171423,0,0,2,20,451.30192875810525,0,16.6
607.8543045925942,16.508611900605988,0,0,0,20,1060.565417316897,0,20.8
77.1594327465242,10.332202675707835,0,0,2,6,757.2167124043091,0,18.9
365.3067776338219,1.619260858120427,0,0,1,19,126.21059566418332,0,21.2
126.08977754589343,16.797677567993453,0,0,1,7,1121.194815292336,0,20.4
462.4331660352628,11.503634805176649,0,0,1,1,228.5862730706354,0,21.7
124.11369819894146,1.6326825138035312,0,0,1,2,405.5569514568774,0,20.5
128.2547049087903,9.097258487453455,0,1,0,15,803.1499611195637,0,15.9
270.16856245916654,7.390883211088733,0,0,0,22,187.18178815591483,0,14.3
75.77831617705915,1.0600815129103147,0,0,0,16,171.8984280866377,0,17.9
76.64003151726835,9.2029515285259,0,0,1,17,500.3010250862053,0,18.5
351.78323667399576,2.8255309430129776,0,0,0,11,203.25908602639498,0,21.2
114.6319718965135,3.528082183034283,0,1,0,1,1382.9305603362382,0,16.2
44.12040465341773,8.674240834034558,0,0,1,1,463.2267253799941,1,23.6
292.34796936124513,0.12349571462049533,1,0,0,22,3968.0135059751933,0,18.3
209.2010096275028,26.415990790837327,0,0,0,21,436.9527864176671,0,12.2
162.6764026873267,23.45525026185801,0,0,0,5,1737.183621189036,0,13.9
260.7374774729027,10.412703847366888,0,0,0,23,170.78064926231878,0,10.5
82.56760379423025,6.59530198479461,0,1,0,14,73.07877793447378,0,20.8
130.62993771755941,5.540078716809305,0,0,2,20,1822.7479700947777,0,20.1
70.40526309363986,10.471010909738848,0,0,0,22,484.05878121238896,0,11.1
184.54747759812565,20.663146551404527,0,0,1,3,1333.9771283540395,0,23.4
60.387919883269454,5.53514495389602,0,0,1,1,176.91768043209737,0,22.4
97.86929128841479,8.66971362556381,0,0,0,11,567.2715765282417,0,17.5
559.0303417836261,9.681323876910275,0,1,1,20,50.98290328315748,0,22.6
23.50337815510577,10.461682023006373,0,1,0,16,1812.9019440139457,0,16.4
121.38024649383873,28.573195926257668,0,0,0,14,517.9985066245345,0,13.0
174.97319453695044,0.34691946353577635,0,0,0,6,954.7965471491897,0,19.0
787.6807174433679,6.619602658020611,0,0,1,19,317.1153265377816,0,24.0
274.6041188453316,62.29867358842139,0,0,1,23,1803.5535322544765,0,20.6
62.807534298070145,10.220307682429569,0,0,0,8,793.6495002961926,0,16.2
371.2676535664418,5.589474759582713,0,0,0,13,226.0152864578685,0,21.0
180.70773896189715,5.560835454643457,0,0,2,19,1162.0771843165576,0,22.1
175.62986322713166,0.08552830570651702,0,1,1,10,558.9888795268147,0,16.0
58.10566907166909,1.4129567282453408,0,1,1,15,375.6462593337642,0,15.0
553.6294535060524,25.32310536788408,1,0,1,20,1345.6963624403913,0,23.4
254.58608265768794,22.70084713563074,1,0,1,9,886.3611569329283,0,19.8
3899.1702278200664,692.3217397813246,0,0,1,10,213.91273802688542,1,99.0
96.5201249625342,1.5251302739936836,0,0,0,8,219.4206391198027,0,19.6
2406.609130125747,42.68618098011068,1,0,3,3,391.1620191818768,1,62.3
74.12676607665719,8.369125697850336,0,0,1,15,458.5165691083239,0,19.5
552.6898948700422,0.9362235422159128,1,0,0,13,113.52030580247988,0,40.7
102.49577193483795,5.695225426293552,0,0,0,17,442.6627260614699,0,17.3
139.11400717280793,20.074888109880757,0,0,1,22,237.83392402470702,0,16.6
396.06153697448906,1.7656521300901835,0,0,0,21,373.21244369038834,0,18.8
254.78646178544471,4.116307864049067,0,0,1,22,98.59068754963609,0,23.0
82.26311011885939,4.840782281382346,0,0,0,23,331.06438453145347,0,14.5
129.97889866873575,1.2197577707108431,0,0,0,7,321.22137583350695,0,19.5
121.16220745659446,5.21994933303423,0,0,1,12,1120.5777892474237,0,22.0
262.8359888164722,2.83039720168202,0,1,0,1,198.547779768383,0,18.0
288.0109323413224,4.569279277230273,0,0,1,13,1062.0803598146026,0,23.5
129.57149945221812,2.5253531719591686,0,0,1,7,2547.672179755082,0,19.0
135.9514095627951,6.73726436020432,0,0,0,14,548.0106306375391,0,20.7
87.4181037325997,9.843945938831766,0,0,0,18,234.00474687772586,0,13.5
129.33830283427116,7.128828384423759,0,0,1,7,304.24215441970324,0,25.1
766.1776934640508,46.47782308139664,0,0,0,11,642.4719951355436,0,19.0
95.339658503612,3.7877308469427224,0,0,0,3,1444.800789656128,1,16.8
116.91405273245498,10.688060994021772,0,1,1,19,1010.5585948382472,0,22.4
143.15974547900802,2.8127310641016754,0,0,0,12,41.78811666238363,0,26.8
123.76070617456743,6.4471703930793725,0,0,0,21,1164.9749649211522,0,15.8
50.57213959110217,5.042324585865844,0,0,1,14,605.1341440043179,0,21.3
163.4417357992976,0.5194643948290784,0,0,1,8,2104.852066689241,0,23.7
83.8789066565346,13.972879597052176,0,1,0,16,685.7992341300372,0,12.0
146.64116259938513,4.818912798518099,0,1,1,5,540.5080722592793,0,19.4
253.6256777342396,2.82233600794006,0,0,0,11,1122.5088338254757,0,22.4
287.8541876925101,2.0891225468281376,0,0,0,2,354.1401250525159,0,19.7
448.0299012375543,8.014810638052248,1,1,1,10,761.1441491726274,0,18.7
569.2919012368038,4.343774577726253,0,0,0,15,769.8228028778368,0,22.2
161.984637880423,9.59849652118725,0,1,0,18,265.9914113327625,0,16.1
151.21871312313743,15.951532276231966,0,0,1,13,442.7326805605899,0,19.6
190.64275579044198,0.888623349126147,0,0,0,17,633.6736330432565,0,20.1
150.06008460048992,0.7595035942477152,0,0,0,11,294.65895497492335,0,21.8
51.84648136536042,21.661284964345775,0,0,0,14,362.70740866790766,0,17.2
369.0099362308734,30.718269953684107,0,0,1,17,91.92611321188426,0,20.6
330.8507917393123,25.149284229354233,0,0,1,0,554.3421503874041,0,26.8
167.83688039450467,5.85656201592347,0,0,0,18,213.70846220261205,0,17.0
66.64227080413507,0.6631977635805857,0,0,1,6,378.0812242802806,0,22.9
233.84544202279994,1.3113750607445434,0,0,0,10,118.82050474429398,0,19.4
3472.7858898167215,998.1026384728277,1,1,0,0,170.307012218507,1,98.3
94.60438787717365,0.5312420077754977,0,0,1,20,156.55479200500668,0,20.0
239.1385951067433,9.624965855735852,0,0,0,0,60.72905847503468,0,19.9
152.67448376572585,2.9024222112357068,0,0,0,15,918.1438646651461,0,20.7
336.6410332332334,5.7068523593708305,0,0,1,4,1149.071566250129,0,25.5
164.6706325457844,2.3551178112616213,0,0,1,19,128.9430125775471,0,22.9
507.2088273490588,22.47589008437368,0,0,0,12,531.4547985869679,0,19.7
120.78114317305281,12.668339444105266,1,1,0,19,487.04546999299765,0,15.6
457.51972981912604,19.09219127145975,0,0,0,9,228.91723266559285,0,15.4
75.39522597211594,11.711625524302336,1,0,0,13,452.86189198424864,0,19.8
289.69837264055013,1.241338071577075,0,0,0,20,174.35443681928618,0,17.0
671.7592261376218,7.288744020209161,0,0,0,10,58.30828656723453,0,24.0
106.58618284486347,0.7359534169788903,0,1,2,13,1169.6949373213079,0,14.5
229.81950684248764,19.014820500157576,0,0,0,8,247.43389988068503,0,14.6
103.24567891926404,4.8615285511946755,0,0,0,8,122.3493858656993,0,19.9
187.6865393082147,3.8292309718732427,0,0,1,3,693.9953331039518,0,24.2
35.02637969964291,9.76423149880745,0,0,3,10,2251.444082633139,0,15.7
368.9982004902634,11.134167253852514,0,0,1,16,57.803779644615744,0,22.7
114.1316407186522,30.53856302196015,0,0,2,2,2783.2937193747875,0,16.8
152.00785177570174,10.437248536987958,0,0,2,11,1307.5265266882066,0,19.5
64.36861483284656,5.109115345578148,0,1,0,17,1971.5917098439786,0,10.6
535.8660016819185,7.368657775236502,0,0,2,11,558.5154783118481,0,22.9
120.30397681441568,3.765027371475369,0,0,1,13,1205.0084450249265,0,22.8
35.55871294096169,47.13866972312301,1,0,0,7,635.8944317946934,0,23.1
720.0315403977595,2.9236760790421568,0,0,0,7,74.83967466591949,0,27.3
243.80245877171046,28.253722772459668,0,0,0,5,1805.6755166817336,0,13.2
1378.0661571258022,331.50954855568483,1,1,4,2,175.39585473687038,1,100.0
111.76501085451454,1.2175708964758478,0,1,0,1,217.5706097773152,1,15.7
236.17558091054286,0.8822942865509759,0,1,1,2,95.61565780770847,0,22.5
1016.6408893320116,5.035251441314899,0,0,0,2,31.391249890650393,0,39.8
350.5102649263035,4.960706791212539,1,1,0,7,1666.007403102973,0,15.3
194.94388248963864,3.0367601570998892,0,0,0,7,1142.4091063436595,0,21.3
106.12689238960633,2.4287299958075246,1,0,1,20,729.2532487817942,0,16.3
187.81642502565225,2.9846254362670885,0,0,1,18,2829.9839048473905,0,20.0
493.519413185647,38.33142916580561,0,0,2,20,271.36168106474815,0,16.8
89.8231889317489,4.040277520068288,0,1,0,0,1646.9980304628245,0,14.8
166.05290810998002,0.88039598801028,0,0,3,1,102.04813637749722,0,15.7
434.5880686481351,1.5160813355295977,0,0,0,15,1058.9546817348476,0,21.4
262.2242172258384,0.840731439105889,1,1,0,13,786.8388142514319,0,20.9
103.99321189757131,0.12235479387366345,0,0,1,18,736.9462476365329,0,19.5
102.69192281126685,7.608335836292538,1,0,0,16,63.184448350646115,0,23.7
123.71851793880774,13.87117881872246,0,0,0,10,1283.6853751736112,0,13.2
129.09126273764082,13.561362080738926,0,0,0,12,871.3544231990903,0,14.9
54.126218404946414,0.4960060353795554,0,1,0,14,333.54810592441856,0,15.2
455.10838884850267,34.69827260744415,0,1,1,14,261.20179043019016,0,23.7
105.8807539018598,8.849364702854777,0,0,0,21,826.6024369614827,0,14.1
34.95149979910349,9.974416589105584,0,1,0,18,85.07939733083958,0,14.7
203.4170309815341,7.759011330099418,0,0,0,19,1807.190867602085,0,16.2
514.7965693978111,3.41003636734905,1,0,2,23,1397.1979204001273,0,17.9
187.42794364151402,16.904330995244955,0,0,0,15,447.7382715969144,0,15.1
355.2814129189967,7.280650362199211,0,0,0,6,104.09196969400783,0,20.9
208.8794036366021,1.9925079718741499,0,0,1,14,168.63748559497506,0,23.1
528.3038275925338,36.13331019094759,0,0,0,21,1059.045879483169,0,17.3
260.14244207870587,11.323301417368947,0,0,0,19,1195.5194671676848,0,18.3
335.8546304858677,0.32864885881354006,0,0,2,17,94.81787920664954,0,19.6
3421.165762429061,1383.4453460177895,1,1,4,4,60.79562152579382,1,100.0
95.20401085655259,5.858879359506437,0,0,0,6,290.482915793326,0,17.7
232.89938930322987,0.4690521067331439,0,1,1,18,69.12340720174807,0,17.4
226.25915313243118,6.3707128554210914,0,0,0,1,685.0304051360039,0,18.8
337.65580522605353,16.46165645820094,0,0,0,12,288.15082411853524,0,17.3
125.44456269667506,31.87277390460887,0,0,0,14,443.80996518933523,0,13.6
408.85518400042514,18.940599318526377,0,0,0,12,269.36288492096674,0,15.8
51.469798877064584,9.666490835745975,0,1,0,22,174.87109478767061,0,11.7
344.26248082693513,10.484829838147963,0,0,1,5,303.1129715797976,0,24.8
117.95006814521973,1.2851227646260455,0,0,0,22,1458.4469756113128,0,16.9
218.7944632797746,30.826517175635754,0,0,0,19,130.9775851975116,0,12.5
315.913257220788,2.9305022876040168,0,0,1,16,103.98065231320186,0,25.0
192.41838630673087,2.317633333025178,0,1,1,4,673.5366862905503,0,19.7
265.8749127091532,19.498321299709605,0,1,1,9,535.4209606423651,0,23.7
188.79190262959466,1.5978522545807552,0,0,1,2,225.54171488161757,0,22.6
318.2103507166331,14.024211189736668,0,1,1,23,298.4062175464787,0,19.7
194.00029688223134,8.173200586915732,0,0,0,23,2072.0962841904925,0,9.9
317.33662352335426,24.87356116435627,0,0,0,14,661.193819249499,0,16.1
72.16358032777146,10.319726780042883,0,0,0,5,1099.624397304673,0,14.6
443.89606885662135,6.567756086442083,0,0,0,20,1119.5854110087082,0,25.4
592.9682058920874,7.657491100621753,0,0,1,4,1950.800650676395,0,23.4
135.83505074531942,32.50074728882666,0,0,1,23,59.616513148785984,0,15.2
252.21224117939724,2.1538429285297456,0,0,0,1,165.33481253387527,0,17.5
480.55499424369606,5.1415990700434415,0,0,0,4,32.46343472542855,0,32.9
173.1883054673366,17.104703267615307,0,0,0,9,1601.519547952351,0,13.9
249.5923976447886,10.584366411844933,0,0,1,2,36.961013055990314,0,20.6
161.9954743154363,3.8923253014183707,1,0,1,10,3495.782746771823,0,18.6
85.0944301489796,6.749456028877763,0,0,1,10,465.73402031339,0,21.5
178.7070516651308,11.024920894568265,1,0,1,14,109.89119076199968,0,20.5
620.855477782787,10.068399707826432,0,0,1,6,261.96202892268764,0,21.2
210.58960825865535,21.548989079691044,1,0,1,15,38.57449366768313,0,26.8
280.8098845170046,10.97729884330855,0,0,1,12,152.02103845069388,0,19.0
185.75475686188418,10.34611427200995,1,0,1,11,611.7123984435209,0,16.2
334.6587938067998,6.81923929918816,0,1,0,9,580.074661995993,0,19.5
69.69787131429705,0.5063056861012144,0,0,0,23,516.3670969609597,0,16.0
615.7384890485434,45.6851557870831,0,0,0,9,40.268102048127105,0,21.8
122.2804910881892,6.6331428452044,0,0,1,16,900.9795529080592,0,22.3
264.068343514948,15.648648908087718,0,0,0,22,521.290545365697,0,11.8
293.79230544144866,11.002996331941059,0,1,1,12,758.4147144442697,0,26.4
172.95652764796355,2.3968635720941847,0,0,1,13,5031.4983695935,0,19.6
299.3156038353367,6.291160320154652,0,0,2,21,369.95944050753485,0,15.7
211.49678710361005,1.770523298084533,0,1,0,16,735.6924889155478,0,13.9
648.3040042799241,5.7784828734874445,0,0,0,22,3300.049138170589,0,14.5
169.38007484864718,18.928648977182323,0,0,0,11,310.25663111333023,0,17.3
162.93144215894915,19.342562795269636,0,0,1,0,57.01519867648831,0,22.9
136.96438512222994,2.4946799627559915,0,0,1,16,541.0231247022971,0,21.4
456.52606208771687,8.242087986924926,0,0,0,17,843.8657619716614,0,23.3
337.6345646254427,14.499573060694969,0,0,1,6,495.87124731289157,0,22.1
61.237973211211944,8.298331131581294,0,0,1,6,446.5224678719348,0,21.5
630.5049049445354,8.838920336411924,0,0,0,19,837.6809952807062,0,22.0
278.46222814916405,3.9946635387607303,0,0,0,15,99.39001417003493,0,19.7
88.67157945370892,9.10224568102713,0,0,1,4,732.0403344660515,1,20.0
145.19447557524347,4.230993026152731,0,0,0,17,67.97447259282325,0,24.3
185.3923323933294,5.219383196488518,0,0,0,17,1129.7503104108907,0,19.0
322.0919555692999,0.6044239814548782,0,0,1,14,801.4172578292145,0,23.1
137.4113857257591,9.745028820147196,0,0,1,9,771.2575181362271,0,20.4
232.80328016722112,12.41219375329902,0,0,0,9,88.82430597728728,0,16.1
6602.418827246927,1022.2969326682816,1,1,2,0,52.861301406889545,1,99.9
562.7375951668713,2.766311111605983,0,0,0,4,256.48701947262305,0,22.3
40.78069241975975,0.5022010611101789,0,0,1,23,1195.0749034342205,0,19.2
121.340963813425,0.9078633621882243,0,0,0,10,219.5267826987356,0,20.0
321.89878509924165,10.162273562349242,0,0,0,15,1585.4043219876257,0,17.3
256.76775298979305,23.116352809824566,0,0,1,15,106.6085301996857,0,18.8
325.7163598571248,25.739556874940863,0,1,1,19,432.88588544506405,0,28.3
90.97505570185346,6.316140218319293,0,0,3,16,417.3449335834296,0,13.5
591.3033879750129,0.7143580758301825,0,0,2,9,735.9407822681895,0,20.6
79.15261470900094,12.511338611939639,0,0,1,17,175.14048418005018,0,19.1
383.36066383273203,33.62662942429432,0,0,1,23,175.27972879178202,0,14.3
210.96836942026997,8.911431895313038,0,0,0,19,152.32182894777293,0,15.1
241.05348346229917,4.6278236848738405,0,0,2,10,117.02399027262842,0,23.1
622.7878082082136,611.0206346762087,1,1,6,2,46.01266841001469,1,95.5
31.95780272437511,6.410466719482911,0,0,1,3,422.32703940138134,0,23.4
180.19638995217292,10.604218440563626,0,0,1,8,1034.8883981964393,0,23.6
448.5779197402217,7.027434487393408,0,0,1,8,1237.074910762035,0,26.3
195.44248296889108,9.09009642442745,0,0,2,4,1585.871663825109,0,21.0
40.83629871891095,8.130580518631593,0,0,1,0,234.89713355757542,0,21.3
272.2067752308173,5.996008773232967,0,0,1,4,891.2571117245753,0,23.9
216.29125782066455,3.0698945835120037,0,0,0,13,600.2192430510416,0,22.1
53.26047912531178,1.930752780805621,0,0,0,1,1568.6304995159735,0,15.4
315.67870036725606,1.3941768469550266,0,0,0,2,1857.3205587835198,0,17.4
468.7101150599579,5.163704846971464,0,0,0,13,530.9454375148579,0,22.5
116.76163575374484,9.496135465404098,0,0,1,20,1191.4367344993273,0,18.6
48.74108249175697,8.060279341807775,0,1,0,1,360.6957825164811,0,15.8
217.3724024696574,5.593701419473907,0,0,0,11,553.4798120669643,0,20.2
53.30686812121614,2.9047625280581566,0,0,1,12,835.2368543468191,0,22.0
181.52729931425378,30.71555435822839,0,0,0,20,458.04911814336583,0,13.0
264.9702408200654,17.974983964100943,0,0,1,22,2999.9454506103757,0,14.8
107.13991472459908,7.143606894237947,0,1,0,4,1634.029177058151,0,15.1
267.92258402929565,1.8730620464027123,0,0,0,4,224.15890138586937,0,19.1
124.4099190678821,4.081209189990091,0,0,0,3,149.4363838217489,0,18.1
138.10442197107866,9.929721504313001,0,0,0,9,1396.3750465913351,0,15.2
515.2429108628137,4.335049746135055,0,0,0,10,434.32127888326517,0,25.0
3287.2246916405047,977.8449464586051,1,1,2,12,320.4149721399293,1,100.0
131.01327847410462,6.873350858550706,0,1,0,10,136.51204429923538,0,17.3
397.16159147681145,5.474284822183552,0,0,1,18,2038.9237412680827,0,24.4
153.56974434269287,0.7367929310318915,0,0,0,15,416.34642201249784,0,21.6
229.23976857884512,18.32034263004779,0,0,0,13,815.7401800376059,0,16.0
29.98122151367553,1.4522250823526062,0,0,0,9,280.5283648656531,0,18.7
259.73723626733545,4.579068708287061,0,0,1,20,897.0816951900309,0,24.0
509.1949857674325,0.6377957709965557,0,0,1,23,2168.280718991749,0,16.5
416.6229322440419,0.4170489040246757,0,0,1,1,1531.310707473177,0,19.8
101.49273492149254,8.917273333854627,0,1,1,16,513.4882742286493,0,23.5
134.05952390906177,12.077225821228494,0,0,0,12,711.0347377668189,0,15.5
52.440813126061656,4.519178120535746,0,0,0,6,204.3263424728964,0,19.6
91.95171951289127,10.046761019630482,0,0,1,13,121.63722706814214,0,19.1
413.97702562738556,7.1419994807038405,0,0,1,18,280.54936305596414,0,22.9
248.22406635352877,8.552339701341571,0,0,2,9,203.0484907491236,0,21.1
582.2500707891741,5.624741066782449,0,0,0,22,223.44219826131717,0,16.3
555.1896519559696,3.7884315682180723,0,1,1,1,158.60780431074622,0,25.1
608.1190794779493,5.084589695760325,0,0,0,22,523.7153008622652,0,16.7
213.06501377237626,2.1162387037039507,0,0,1,10,262.50380363803276,0,23.4
292.25063627962413,14.569112461122455,0,0,0,4,276.0744617946965,1,15.9
346.28562679106966,4.896588294907629,0,0,0,19,2407.160449583694,0,16.7
377.7734823508343,4.763182463403654,0,0,0,22,1368.6431169941834,0,20.0
3977.192566590534,550.5786422309106,0,1,3,23,16.788118261911183,1,100.0
101.60569061320614,19.520838077722324,0,1,0,1,1622.2015453923327,0,14.9
209.50556938349214,13.129617082952144,0,0,0,3,88.78367020796988,0,17.0
198.54096709067798,2.68274227143347,0,0,0,23,985.1782946317735,0,14.9
292.6163735881789,29.6727621972376,0,0,1,6,161.0994945025578,0,21.8
368.42472362602126,1.9791784635972947,0,0,0,22,1690.1904824860762,0,17.4
16.883264807676845,0.17875405808408257,0,0,0,4,285.9785527831729,0,16.4
92.47010722616895,1.307265077565527,0,0,1,22,154.6169503898544,0,21.2
136.2002222376283,2.583068626094109,0,0,2,12,395.2056452297746,0,19.2
165.30448106030994,4.934922569631051,1,1,0,13,720.9756331290437,0,17.2
485.40770930221123,14.859846680804175,0,1,0,20,1318.8771277118076,0,18.1
173.9175053818002,0.5405799228305351,0,1,1,22,1387.4742294022678,0,20.2
291.4871385697138,4.620709483537187,0,0,0,11,391.8622260118204,0,22.1
62.17073054605453,5.243727521557755,0,0,0,12,1122.5732966030305,0,19.2
204.62067917469236,17.38356671657743,0,0,1,7,593.6678797997967,0,20.6
187.67374927772107,2.737144915326005,0,0,3,14,88.76616908658238,0,18.7
453.86505715067693,4.884276087486151,0,0,1,2,95.87239748034331,0,23.2
72.99750423581345,13.64574320389035,0,0,1,6,320.8562981665622,0,20.5
112.76212291774209,11.433408023668587,0,0,0,20,622.8696084410906,0,13.9
247.19861806225535,3.381536629156977,0,0,0,19,1689.4209316535248,0,20.7
85.26773017867913,4.257884183662016,0,0,0,23,128.93342746330535,0,14.6
102.51913419584099,3.8088299959572023,0,0,1,8,747.2060546866303,0,23.1
111.5243638235201,2.9640942779140964,0,0,1,6,361.51181092824487,0,23.4
216.5646261517508,3.5768008446919604,0,0,0,14,62.824154712746925,0,25.5
474.051721382676,11.653510487122618,0,1,0,11,608.4857650743376,0,18.9
61.55729251103644,11.724183280224098,0,0,2,5,1644.9303777244359,0,18.4
128.2663873703529,33.39168238109908,0,0,0,6,147.38321283498917,0,12.7
235.46979710965203,5.531262282823587,0,0,0,19,197.90346714670812,0,17.4
220.08546003002286,3.8841880139768126,0,0,0,20,978.3944856971326,0,20.9
135.48980379883295,6.189714505463632,0,0,1,22,1030.2992024489463,0,19.7
10011.182917796974,472.8255015541212,1,1,1,2,355.6931569318587,1,98.9
36.66953008799691,1.867402666281435,1,0,0,11,778.0838574147979,0,21.2
146.3138200103384,8.735592026213835,0,0,0,7,1431.7514689442685,0,14.5
179.96797524023788,0.19985963867427745,0,0,0,22,931.9618283481417,0,19.1
333.18658172291015,0.2901934156594708,0,0,0,15,943.2053401498665,0,18.4
246.93461558977896,4.487142426184732,0,0,1,14,381.67494153716865,0,23.7
831.6921871550948,7.193220703579807,0,1,1,3,700.16389223276,1,22.9
13.5897498165208,2.47923686714791,0,0,1,11,293.7764856164915,0,29.2
141.6497753991118,2.5964961077290623,0,0,0,15,72.54385565733057,0,23.6
63.91876032842244,10.137834942684302,0,0,0,11,745.3930128443072,0,15.9
183.1700495402288,8.17136844415937,0,0,1,16,240.01527584473826,0,22.2
103.46372398403666,0.5683591686973022,0,0,2,16,55.33281090578225,0,26.3
187.70318938965386,5.203521465161933,0,1,1,7,360.3524156940487,0,20.9
226.00915007360882,42.127795207097115,0,0,1,13,1612.084365859513,0,19.2
83.26462538528396,8.743392732348452,0,0,1,5,1101.0130038608488,0,21.0
279.8821330409428,3.10560684084676,0,1,1,0,1217.4375271744434,0,21.3
10.561228437778716,31.772537003694023,0,0,0,18,886.8445171885268,0,22.5
443.36645829637064,8.232116175387189,0,0,0,3,861.3443494941135,0,22.6
793.4017571279126,1.0399348149078749,0,0,0,2,1065.7656997604527,0,22.2
245.66268759237374,3.8323600052700413,0,0,0,7,1261.6627807979462,0,21.3
176.99541560235528,6.2000315416477605,1,0,0,4,1032.9204859341053,0,18.4
474.9532932559052,1.6941915323523393,0,0,2,7,1341.8968793224728,0,18.8
312.2453292428761,12.673769523949698,0,0,0,13,3692.587893328314,0,14.3
170.40177085103815,23.464336522311005,0,1,0,2,144.1740249274141,0,17.9
17.05263193527786,15.870247309874037,0,0,0,12,215.72080387040333,0,18.3
78.67534739716226,6.859990765691855,0,0,1,15,1472.6823600319708,0,20.4
546.0999674731393,2.328506583052269,0,0,0,16,1297.4651909788238,0,22.5
21.344247071944505,4.245970516334785,0,0,0,21,841.6086415502639,0,19.1
160.83984082096592,17.661298151838274,0,0,0,10,448.3276143383773,0,15.9
182.93309205450265,6.768492806062039,0,0,1,0,2115.080168103017,0,21.6
153.4652040388496,4.192828106641694,0,1,0,4,1892.5428852545278,0,16.6
62.67940143633312,12.409548182077792,0,0,0,19,879.1111092080121,0,13.9
343.66272812711935,3.160919600407195,1,0,0,17,2590.450014156355,0,13.4
334.0980586998172,0.6870533023989706,0,0,1,19,1156.788814121551,0,25.2
137.08331747955035,23.507767625718095,1,1,0,18,195.2220090025414,0,15.1
64.70015192639302,1.9745371135149161,0,0,1,9,662.132063482217,0,20.7
406.4831851952869,19.6735406458562,0,0,3,3,95.90648798233158,0,17.2
4502.389355864387,572.011910363632,1,0,4,3,40.831917662878155,1,100.0
759.2908599113407,13.048227071788926,0,1,1,9,701.2574016693553,0,20.8
130.02706413117144,1.244694488338604,0,0,0,4,412.6322846320412,0,19.7
442.7644448142627,7.991958439596323,0,1,3,3,1215.0362477041776,0,22.6
99.53057729879467,46.30931078178153,0,0,1,19,118.79713373289552,0,18.7
349.4799376195344,15.41664888315019,1,0,1,12,713.6251159532617,0,18.2
480.01938436840743,8.846440220161545,0,0,1,6,1147.0786559294086,0,25.4
69.43874519179981,26.49371037690893,0,0,2,12,472.87825158661917,0,16.7
221.6843213353798,12.086000842342326,0,0,0,4,2436.724479225315,0,12.2
99.27791975529597,5.851640968781962,0,0,0,16,1046.414665296731,0,17.3
126.35709520419462,17.273613907102813,0,0,1,2,217.193027007995,0,21.5
515.6248733114779,8.115585687587442,0,0,0,4,210.6647756352608,0,20.5
84.635295137321,3.6851014781497886,0,0,0,1,116.95815666838047,0,17.1
402.9864373603611,23.539061301525667,0,1,0,15,190.2986659309419,0,17.0
109.36537896409561,19.708527536856398,0,0,0,17,1802.4356857495081,0,13.5
82.15271176176162,0.9597885843061318,0,0,3,16,79.02620307740199,0,18.0
440.1653889964566,5.499469566198735,0,0,0,21,36.15217391986119,0,20.6
403.4043409564129,3.4230677043581554,0,0,0,2,196.34546563375022,0,21.3
133.69312562913774,13.177788619651473,0,1,0,3,383.95386314043276,1,15.2
109.32030580062666,0.43593094808364635,0,0,2,16,1114.3668949259068,0,18.5
220.0221743461691,0.4085108129291317,0,0,2,7,1016.9028053778168,0,16.9
314.87611814414225,8.483079874074106,0,0,1,4,362.11408452560346,0,25.0
442.4826264121944,4.847970362396946,0,0,1,4,1341.6617316503439,0,26.3
87.70792815610189,4.406647838052781,0,0,1,17,2294.5568656613177,0,18.6
379.0051120860394,9.394345211367485,0,0,0,6,213.34823450367034,0,19.9
323.9906274859805,21.09560828877211,0,0,0,21,238.40102344475866,0,13.2
370.63470618404835,2.489620361879321,0,0,0,0,715.5968709657875,0,23.1
561.3414380379982,9.469059842275252,0,0,0,3,176.84957553544328,0,17.8
113.69772346379257,2.6440802089931195,0,0,0,4,451.10476810228124,0,19.3
161.28696217719406,35.63249613237367,0,0,2,2,252.38260388025964,0,20.1
543.7894112458453,4.760467265637704,0,0,1,14,1278.1113372051898,0,28.5
240.3383450496245,21.02108364722355,0,1,1,12,880.7108081012736,0,23.5
170.49695881512002,0.6011721138088816,0,0,0,19,621.1934006214537,0,21.0
53.08547230887848,1.9685676693225744,0,0,0,5,3196.210816363833,0,15.5
161.0723468220672,10.979531981471768,0,1,0,7,526.8293614801532,0,20.5
145.18033352797752,12.911466666191847,0,0,3,3,1321.9975869893067,1,15.9
135.41264431105677,24.451554469361046,0,1,0,18,1103.9852739130906,0,14.3
418.6633930529995,7.23113273089529,0,0,1,19,1900.8897371073608,0,25.1
235.04708445686646,6.183986522918515,0,0,2,7,91.97263886173548,0,22.2
393.29612226752374,18.886577646467313,0,1,0,6,841.2482325017636,0,22.3
181.73968411214148,22.607023413810055,1,0,1,22,528.7869715728677,0,11.3
506.43415338796075,9.705619043136274,0,0,1,6,723.7477626291894,0,25.4
234.78368279283603,7.613493476423464,0,0,0,21,735.8809654229126,0,15.6
337.22837283382074,45.43773354028563,1,0,1,20,1038.3490254931185,1,20.8
420.74421550945794,6.455449437792204,0,0,0,11,413.88860206540267,0,22.4
381.926621608952,9.964001141378391,0,0,1,7,344.2605080108966,0,22.7
68.41478928563512,3.184479404074213,1,0,0,19,1978.4347832805333,0,14.4
250.98272844702458,8.372096927835317,0,0,1,8,786.1419724858968,1,23.0
628.8214916914237,14.294098915430453,0,0,0,7,1101.1150070025137,0,17.6
392.2915577665765,4.004307852545721,1,1,3,13,529.4249623569001,0,18.3
45.23416046435347,35.927918424013825,0,0,2,3,1521.8710377628743,0,21.9
324.2234021633071,6.399628135045081,0,0,0,13,155.93257807472318,0,20.2
370.9981141363995,6.97749945374285,0,0,0,8,1536.656805771529,0,22.3
885.8532352881023,4.52893984532753,0,0,2,18,920.4768310986565,0,24.8
161.14005493165396,2.6934569375157285,0,0,1,21,1374.6018031244992,0,23.3
288.1007320672572,14.180806412449494,0,0,1,9,711.8083007605031,0,20.6
105.56839501880707,9.365160163960713,1,0,0,14,647.7866566082206,0,18.2
58.39546121682664,11.475773134169946,0,0,0,19,582.5535969257797,0,14.3
10577.67704023194,366.62763377007104,1,1,5,15,232.90695977934328,1,99.9
705.7673189546841,3.670428298766839,0,0,1,21,1536.8851124166492,0,21.9
436.3635214446109,10.1920779328364,0,0,0,18,450.94865015220023,0,18.5
47.1148611676723,0.8092666377749889,0,0,1,12,547.885110394978,0,20.8
361.9754431681545,4.702458230302395,1,0,0,3,435.65723542040064,0,20.5
227.35216926995807,6.761902456413446,0,0,1,3,117.53264447283578,0,25.2
330.0599520024402,1.4642115962154507,0,0,0,10,595.4842493011325,0,20.4
181.05473733678815,16.675101909446624,1,0,0,19,1369.735415241229,0,14.4
68.17717517238383,2.8895422782417133,0,0,0,8,840.932986720858,0,21.3
379.283686072554,11.417212286799009,0,0,0,2,980.0488078200442,0,20.0
136.61132319525836,20.87443681027803,0,0,0,1,1795.2586289689407,0,12.0
175.33149723636254,1.5075671696849036,0,0,1,17,923.1509961380623,0,23.9
194.87320669192718,16.80793206199613,0,0,0,14,445.07518215966587,0,15.8
373.4482139138788,3.8844298534846633,0,0,1,5,1964.6354227921192,0,25.2
275.09485312440444,16.358924103636483,1,0,2,11,1211.1618480238133,0,17.1
199.83661715096338,6.349362660325383,0,0,0,15,304.0310895092865,0,19.1
308.5443146361336,14.956503324082624,0,1,0,6,686.5176717755156,0,19.8
294.6436739913529,5.384083210010128,0,0,0,3,249.70971563966404,0,18.5
235.68366556686283,0.3066430529742598,0,0,2,3,913.9948361928432,0,15.0
227.44052271994255,4.135659017165112,0,0,1,9,886.0158843185476,0,24.4
193.285617431341,3.7635960912169,0,1,0,23,1921.2789577568349,0,11.3
151.57546248546197,4.94007742460806,0,0,1,17,1839.8339791433284,0,23.9
87.68861311835823,6.848202402648373,0,0,0,1,767.6760104861037,0,17.6
677.312911022393,0.6235511145213579,0,0,0,14,134.14385733351565,0,22.7
247.55319817620295,2.906474240414004,0,0,0,10,193.4508735345371,0,20.9
466.996790135782,0.08739760791547746,0,0,1,0,1006.6140621598856,0,19.7
318.7064837153444,10.01452208052526,0,1,0,18,2117.462617340624,0,15.7
186.7208982578585,12.62642875054312,0,0,1,12,76.75356395417944,0,19.7
116.92884111553802,3.1894042141684973,0,0,0,19,104.38407693861885,0,18.4
194.17678296016535,3.1667605303639395,0,1,0,16,891.2809861259746,0,14.4
419.9149327020308,22.658174755474086,0,1,0,23,684.7064249933704,0,12.5
96.74617322142898,22.036083482086486,0,0,0,2,264.2762454357353,0,13.4
80.10889890772572,17.714723914368005,0,1,0,14,90.33784507834478,0,13.5
238.0659770260966,15.597053532467958,0,0,0,6,290.74023393270846,0,15.2
159.85312281501444,0.08534023860810207,1,1,0,3,383.8233603363756,0,21.9
464.1698745452285,3.694391056331485,0,0,0,14,1905.1955211384993,0,19.4
48.447218057593105,6.529829563130407,0,1,0,11,1367.3447898224713,0,14.0
495.1543736644866,21.073391257905598,0,0,0,22,75.93411984744591,0,15.4
87.67042933952146,13.980540775624156,0,0,0,19,280.8681605434676,0,12.4
379.11323291659147,22.28350516166338,0,1,0,4,480.81193147247694,0,24.7
481.92159864734924,4.715315381299511,0,0,1,6,104.17106991600215,0,25.3
167.44757008398196,3.449820312070377,0,0,2,14,54.90725575531836,0,32.5
167.35401040423253,0.9301016488470552,0,0,0,3,61.45371970474636,0,22.5
90.47125891931834,15.281604684376351,0,1,0,16,393.125642630373,0,12.0
412.9676271011129,7.448547747895003,0,1,0,19,49.22949935673688,0,19.3
122.33391830242866,5.58296275235602,0,1,0,1,670.1661332985071,0,14.6
77.84656995587201,12.68957043796862,0,0,2,18,868.0862318405968,0,15.7
160.69940374905426,1.4131273986070496,0,1,1,8,1132.540043395759,0,21.0
232.9110900378334,4.385241468221695,0,0,0,9,189.60455463621292,0,19.6
177.9220869033623,9.423634267331432,0,0,0,17,262.1079810283252,0,16.3
138.69343722140334,6.403706701846289,0,0,0,14,535.1174325108251,0,19.5
99.88452849601597,12.984769341463604,0,1,0,19,382.55184430463584,0,12.6
204.52591437003616,3.8392617713160075,0,1,0,23,257.6852157982054,0,13.0
228.6210651739786,15.802671663267128,0,0,0,4,1591.7387800388785,0,14.1
130.3272907427624,21.053751388028417,0,0,0,10,221.53480418450127,0,13.7
140.18759769177154,27.72664850289868,0,0,0,3,958.187109158776,0,12.9
340.7094771443906,1.6628977739181137,0,0,2,22,526.9946342896966,0,14.2
245.05082206978,21.7798945112559,0,0,1,5,1034.6624215744423,1,23.0
314.57607146225666,11.528072322209502,0,1,1,21,1600.110606406246,0,24.2
897.7437728694006,1559.7262284038845,1,1,5,5,17.824855258761033,1,99.7
261.6004152938164,4.821806707087748,0,1,1,8,730.8085523873144,0,19.4
816.7103225661914,5.46000362826194,1,0,0,9,154.55405208623495,0,36.0
258.5216747098354,5.847099431108605,0,0,2,23,374.6408034165649,0,13.4
163.89725506169586,2.8822132069871547,0,0,0,3,36.84743033715481,0,27.8
168.5036636489216,24.578854840046898,0,0,0,17,155.4602290965972,0,13.6
209.27197463024274,6.028532805647894,0,0,0,10,90.65222817567113,0,21.1
241.94235156789526,1.1297764394600043,0,0,1,3,575.4195540934918,0,20.9
257.118266003787,18.242964935135102,0,0,1,0,974.1307444275035,0,24.8
132.84568197670325,2.9292640058023487,0,0,2,4,876.7685347445453,0,19.7
355.8961924509767,9.712886913467345,0,0,1,12,808.2187551662518,0,22.9
310.9347088602952,45.98685428654853,0,0,0,1,662.2300778406249,0,18.6
336.44240660647483,0.5021119401829613,0,0,2,19,485.6913125176999,0,16.4
176.78969781244462,5.532664935985547,0,0,0,12,183.76332983933568,0,19.5
281.39504968130717,6.461047309583764,0,0,2,5,751.2304207086614,0,19.9
122.56524919937803,1.6952264228941722,1,0,0,13,1093.9770257959292,0,18.2
309.32064801330574,7.361632094494471,0,0,1,22,1097.4990756597567,0,19.8
242.4415025501455,4.354051898085908,0,0,0,0,47.73486714591651,0,24.3
231.15664692695483,10.876420003498655,0,0,1,7,162.80285815434166,0,20.2
40.416441029086165,6.4918415195831605,0,0,0,15,189.31368669210826,0,18.8
237.099814865653,2.6740585665495273,0,1,0,0,198.41034428897797,0,16.3
172.13254167201552,19.836605216724507,0,0,1,12,768.9723564262773,0,19.9
116.16378342036138,3.9110215912511594,0,0,0,22,91.40849729642733,0,19.7
225.87028335550949,1.6959135606845244,0,0,2,3,1895.4586972831326,0,17.0
520.7538037850255,2.7928797723329173,0,1,0,1,1857.274754236423,0,19.2
86.57450165604655,3.749963022272711,0,1,0,21,586.4874285055128,0,10.0
371.17727872027564,11.288768584891177,0,0,1,2,728.4771608112173,0,24.8
457.18034734591254,3.5283611531064225,0,0,1,2,1490.6620838522792,0,23.6
547.875719906928,2.7221999165744126,0,0,1,19,42.53958679331151,0,24.8
127.6664042150941,3.7796907389684877,0,0,0,17,816.3200756525874,0,19.2
265.62169959610003,0.26912976907555314,0,0,0,7,142.66170135601305,0,15.9
145.43839495172074,8.164801668940045,0,0,1,3,394.71798662015203,0,22.8
397.0802701140811,7.698361448724812,0,1,0,11,1019.7142977661131,0,22.1
148.06343676557188,6.7611729145740185,0,0,1,8,243.06173002634299,0,26.1
510.66596409131057,14.044480343618696,0,0,1,0,881.3448779389291,0,23.9
322.47949168950237,2.615441641194682,1,0,0,2,101.59012198035605,0,21.2
306.73484425113793,3.8491424824384555,0,0,0,13,106.35875946419321,0,21.5
225.05964961767424,7.220925333560235,0,0,0,13,748.1761095120835,0,20.2
148.00826898356587,0.5476163323325749,0,0,1,5,352.381036979265,0,23.6
935.6424542530272,2.500312889246901,1,0,1,1,503.0439151233611,0,31.6
147.20365715774628,5.465468946322698,1,0,1,4,3912.9566941785843,0,21.9
19.540091584568685,11.932937266282932,0,0,0,13,83.5431714228603,0,20.8
479.326052073041,10.273855555906575,1,0,1,6,36.48443074289537,0,22.2
1512.5435163132609,994.1108615106739,0,1,4,23,112.40092314865257,1,99.8
146.65069396185365,9.927626849885703,0,1,0,2,310.7145890205668,0,20.9
348.6564483355917,4.086354026633614,0,1,0,18,69.57599603409415,0,17.4
139.34454815646342,1.593115002614567,0,0,1,4,1364.8324168130941,0,23.5
627.7508842451734,9.325182183780315,0,1,0,9,973.9999126134976,0,19.5
479.18521000164657,2.9433011650940113,0,0,0,19,271.30307227650223,0,18.8
418.50305384774833,14.601300160256342,0,0,0,3,182.8460443252722,0,16.0
216.736821649939,4.447717455503284,1,0,0,19,102.53192518969816,0,18.5
289.0979352583779,7.002359748031384,0,0,0,11,2633.626848904027,0,16.0
103.46726202769213,14.567753065901888,0,0,0,4,2876.6804619920663,0,10.5
259.7624796832435,5.390366224693305,0,0,1,3,318.8255058661734,0,24.9
334.36675413228363,0.3329963365765337,0,0,0,2,771.8373850869998,0,18.1
140.44725030418928,1.53484438484391,0,0,0,4,148.49597875780097,0,18.2
386.1159261713705,3.1000473291874293,1,0,0,13,590.9783210722148,0,20.5
45.78106589709213,3.0459517410698416,0,0,0,20,160.58254389770335,0,17.8
2266.2824287871035,169.15463270124718,0,1,3,4,29.09413806872921,1,99.8
111.83633710918888,1.8965697831434092,0,0,0,6,661.9453231605512,0,19.1
160.27255664271482,7.364959356241654,0,0,0,0,753.3486347000384,0,19.2
174.61822431399278,7.731651723602475,0,0,1,21,87.08097786763464,0,19.7
156.94468103718066,11.508743292448385,0,0,0,2,293.0468668138375,0,16.2
162.07596039955843,36.49569109640092,0,0,0,10,216.58621312718327,0,13.4
213.2781025753399,26.440877013169825,0,0,2,15,1629.4905234859166,0,18.6
232.33669024715593,17.447550367569495,0,1,0,23,489.7372015943799,0,13.7
81.75526603479334,14.285714491747981,0,0,3,0,966.7399617725738,0,16.7
86.7031395815054,5.1810782771395765,0,0,0,10,143.23064751186,0,18.3
408.6646713165205,17.812899292734727,0,1,1,18,757.85664160363,0,23.1
148.65088456038336,3.6947218934251356,0,0,0,7,644.1182054062458,0,20.4
197.00130089314655,26.71904702290397,0,0,0,9,291.48795394078803,0,14.4
97.07385885307912,28.261515985216242,0,0,1,0,1170.4846331587894,0,23.5
90.21158274704088,8.849730793436946,0,0,0,12,634.6365120707752,1,17.6
75.45124435672172,6.361370953119783,0,0,0,18,1393.5100735262924,0,16.1
371.3483785865488,2.2669058879322113,0,0,2,12,2691.404966557979,0,17.6
60.039626051337876,2.4504136101923524,0,0,1,4,210.03904678190403,0,23.3
295.0376028993552,5.453121915372717,0,0,1,1,879.2880389038846,0,22.7
79.43645812288445,0.34083483510941204,1,0,0,5,135.03235754560635,0,20.5
307.91528882078245,3.358007989952587,0,0,1,0,280.96557417979295,0,23.0
317.3400953936975,8.701334819781568,0,0,0,4,1606.1091614605452,0,18.2
386.07800996245766,1.5575097974423413,0,0,0,4,294.4922960282041,0,22.0
492.14599015007894,28.30086045849502,0,0,0,19,1519.3945643186128,0,18.9
257.0587933665931,13.841790671942823,0,0,1,11,197.9211837728851,0,19.7
710.3092930684818,1.0782596933919246,0,1,2,10,167.20501848855113,0,25.9
36.3693277198251,17.4523558174395,0,0,0,9,354.1584267351252,0,19.2
547.8956607493935,26.59808414523317,0,1,0,14,430.44107230694686,0,17.3
669.0879363015284,0.6345697866012869,0,0,0,19,113.98086718721655,0,20.6
389.31914857201826,36.075835222125235,0,0,1,17,418.6879931382821,0,25.0
91.65764453599493,17.435035468969467,0,0,1,4,811.9333375322286,0,20.6
249.44468461486719,7.369829592840506,0,0,1,23,101.2808939468904,0,17.0
102.20208599993092,6.8361057092510205,0,0,1,7,59.60497981921781,0,28.5
262.0468268243699,6.10751010324236,0,0,1,9,46.779638288055004,0,26.1
211.90663062255044,5.500439477063985,0,0,1,18,180.4871321233021,0,21.3
231.70908808943895,11.935559679672515,0,0,1,6,1244.4019693850591,0,22.1
360.5692618459634,0.4810598952149262,0,0,0,8,1022.7849184277519,0,22.0
295.2956500307803,8.158308040891663,0,0,0,3,650.4527080961561,0,18.9
278.0375285116409,14.728565738649136,0,0,0,1,52.04327428209312,0,20.4
238.90787762867038,8.3108947703015,0,1,1,7,522.0642097242425,0,22.4
144.38706236858505,1.4014279547294892,0,0,1,1,1025.0136217485474,0,21.7
221.7015611558345,0.2842063108991186,0,0,0,5,2787.891675520522,0,13.4
66.84665617950432,7.697635996780765,0,0,1,17,155.03892004652658,0,20.5
490.12809004100177,19.509584647473954,0,1,1,5,1751.9573195251455,0,24.2
266.2717957771494,1.5721167677149637,0,0,0,6,150.4480645665197,0,18.4
67.58599880115159,6.637996259059783,1,0,0,14,107.70649809975806,0,22.7
274.97063427547283,34.69554640421831,0,0,0,3,97.66431577159972,0,18.7
82.68917416031046,5.496603914795806,0,0,0,23,892.3841932576996,0,13.1
118.76180334344527,1.068785526298367,0,0,1,10,483.60424467563405,0,21.0
452.6638986958236,0.7975170014328299,0,0,2,6,275.48553096581986,0,17.8
409.1561161865173,3.9112143971166766,0,0,0,11,236.13829315522082,0,21.4
163.36478191411743,2.3157985187045407,0,0,0,22,971.9464935890567,0,19.1
120.94359387759386,7.051854760038306,0,0,0,13,1281.5127325191302,0,18.8
133.57116349646722,11.998136731674885,1,0,0,1,2574.324484127477,0,12.6
242.78692223822856,1.2463163292671675,0,1,0,20,521.9419170292751,0,13.6
289.9409111457358,37.30021307917305,0,0,0,20,498.4173588826496,0,14.6
61.00323256967545,18.239453606670466,0,0,1,11,1070.4519252843777,0,19.2
112.53357840074273,7.257772652766903,0,0,0,3,1428.7126481131772,0,14.8
294.4655228819804,12.664919275993748,1,0,0,0,458.56045033592005,0,16.1
137.81418734562223,5.370769728739,0,0,0,13,2947.849241633168,0,14.9
55.67803383954042,5.700494433210206,0,0,0,23,164.75561096754862,0,13.8
292.3505732605079,4.774335921258575,0,0,2,3,1170.0582608672573,0,20.5
82.34477380263522,3.0627042647730423,0,1,0,15,1005.5172868886706,0,12.2
135.92577941025468,16.64366350148204,0,0,0,10,374.57098787840687,0,14.7
317.66936778110573,0.7340630580992236,1,1,1,5,228.42831961431708,0,16.7
141.64496924087663,2.6898284293724313,1,0,0,14,431.2510015812718,0,19.4
115.54931916191427,13.296875788620657,0,0,0,15,1420.8685220535924,0,12.7
270.57795227650143,3.3224540100668354,0,0,0,10,1396.1101300131968,0,20.9
188.3451116024495,15.398597972198544,0,0,0,15,314.70498068755273,0,15.6
219.53630163820335,31.347327546252416,0,0,1,12,764.9427688376154,0,19.6
309.8873706265468,2.647685282864476,0,0,0,15,1190.4906615895989,0,20.2
150.94986638202911,23.939212285025533,0,0,1,7,614.3000790522257,0,20.3
352.24566666017057,4.390109151431826,0,0,1,5,467.8069972687744,0,25.0
370.65920706798727,0.8782584905216957,0,0,1,0,59.553450471979986,0,22.9
224.93424470165468,5.348494524510371,0,0,0,8,274.6532509550432,0,18.3
90.52319500288365,19.428881252004324,0,0,1,7,782.2625723895102,0,19.5
303.25627667409174,9.576998442128607,0,0,2,14,46.54952129288233,0,22.8
419.28265157027056,2.725335147932353,0,0,0,10,222.82514792856864,0,19.8
261.3707111914752,0.7776512205889274,0,0,0,18,532.7833620456461,0,19.8
229.39732114952548,0.7979830390502848,0,0,1,3,98.8265920465973,0,23.1
53.243257258028486,28.856208819802998,0,0,2,4,901.3425167644449,0,19.6
188.25644699086925,8.023182547733187,0,0,1,19,453.67187965588994,0,20.2
154.528634189779,0.5189283506844162,0,0,1,8,1717.9748648388133,0,27.0
77.7103456384961,32.0776042203952,0,0,0,17,33.32224520931808,0,25.9
201.55089138205267,0.6762159261753041,0,0,1,13,138.0062199915999,0,21.8
273.1882054977407,9.679575010889955,0,1,1,19,2196.081151583072,0,21.3
65.30260964255892,0.6738379740179874,0,0,1,2,80.47953645155167,0,21.0
305.23572218529574,11.037355448745682,0,1,3,3,291.77501709453816,0,25.7
167.89407576472067,18.549359508482873,1,0,0,2,412.052703700351,1,16.5
321.4927183314427,7.18570678083281,0,0,0,1,524.4091837904662,0,20.4
144.3027483351418,43.39083730342,0,0,0,9,110.65579559394068,0,16.8
161.8947168272654,5.5168373319766895,0,1,0,20,838.0626393522691,0,15.0
280.2271254901361,5.101877360297239,0,0,1,12,784.9620019159586,0,22.2
278.0615728162448,4.616354868438852,0,0,0,4,424.06903312660813,0,21.2
497.5288822594495,4.548958280824028,0,0,1,13,638.1382331286258,0,27.1
378.1663915721182,8.361575423447077,0,0,0,5,1707.680515492779,0,21.7
179.51616586520333,3.8464369179790485,0,0,0,13,41.44215369294347,0,27.2
938.3420711189661,7.2218677307915184,0,0,0,2,412.3783323396077,0,21.0
254.25736473129902,2.2667359549934454,0,0,0,9,650.7112778235661,0,20.9
430.4550869645688,7.976581118646876,0,0,0,18,539.8208905772492,0,20.3
158.25824219077626,3.0721994297690958,0,1,1,5,444.07829632768176,0,21.8
21.29550837910919,0.7401780301018828,0,0,2,15,1259.1169497840629,0,23.4
204.987202858176,13.100371318868769,0,0,1,6,2184.1615386816347,0,20.1
435.0776330944993,13.873786738281918,1,0,0,6,393.73750454600435,0,18.9
285.01616503726194,28.123413571910486,0,0,0,8,136.25228876271862,0,14.7
132.37823938093166,17.708162879153125,0,0,0,2,178.61948763962286,0,15.1
110.98795761054471,7.663199316281494,0,1,0,14,293.6253365037594,0,16.0
612.019736486593,6.648403558073111,0,0,2,2,1425.6695792521255,0,20.4
392.332516300027,1.5610093594722947,0,0,0,11,164.74745695911264,0,22.0
164.7677531620205,0.8997950663856392,0,1,1,19,929.6628334270625,0,19.9
244.73048148154984,5.008499602290464,0,0,0,17,2877.463470394939,0,15.7
236.3662388056959,33.77589715858229,0,0,0,16,223.0484807941381,0,13.3
223.60988557241765,1.8697985356895215,0,0,1,16,98.07625404952114,0,24.1
141.91826540292956,21.31368554309427,0,0,0,8,1185.2765884872156,0,15.6
291.27926342154336,8.863937954388105,0,0,2,22,138.79432751726108,0,15.0
193.8548197781685,6.433231716616878,0,0,1,3,162.42178459369865,0,24.1
74.59470688673971,36.526123211529,0,0,1,15,780.9347829640194,0,18.0
133.48497128307997,0.15818185054786477,0,0,0,2,1381.7315403516866,0,17.2
506.2333715313385,19.175182809396077,0,1,0,16,647.6690899165535,0,18.6
59.551858333948545,11.58457281372971,0,0,0,19,249.5942313424159,0,13.6
430.72485497918433,25.32072014082176,0,0,0,22,580.9163074323641,0,12.7
312.8287010428753,0.9058566207237497,0,0,0,17,326.1257204892397,0,19.3
357.39334463790965,7.87891454341895,0,0,1,4,88.60181702314907,0,24.0
94.06619656029697,5.384786528538293,0,0,0,22,826.2004934293969,0,15.4
225.32087367816143,2.6886565657041817,0,1,1,19,3936.5864182297205,0,15.2
378.4110623549463,18.88285566035636,0,0,2,14,842.9139135561868,0,19.1
865.4295965344722,20.64016160297502,0,0,1,4,144.54350304457842,0,26.4
301.17112506315755,4.270770277572383,0,0,1,19,104.10923825436502,0,23.3
371.7608824865899,61.29973162965059,0,0,0,12,431.1818998243173,0,20.1
102.12923898219285,5.963903920456333,0,0,0,23,300.4862072068275,0,13.6
552.0174543211853,2.5207202838392244,0,0,3,5,1830.6169589125934,0,21.9
136.8781171940691,7.8669711578144765,0,0,0,1,732.9400566785167,0,15.8
77.96027237220567,9.798774349718116,0,0,1,10,78.76594865173672,0,21.6
218.12104218326996,2.2216061429967473,0,0,0,22,679.1768193711517,0,16.6
49.75529367505346,9.948229347871976,0,0,1,0,524.7763727648492,0,20.2
404.4145711499559,3.991239292265269,0,0,0,12,580.1274866002552,0,22.4
100.9054660942171,1.3041745820601451,0,0,1,17,179.61396835183967,1,22.2
611.3287873849415,15.327809639311335,0,0,1,13,1768.6038012083952,0,20.7
189.36194182821447,3.439022552131871,0,1,2,3,514.9952370890112,0,16.1
319.01123805613054,2.791493357614112,1,0,0,4,448.95924422270974,0,19.7
93.52737455138121,22.80708273725812,0,0,1,19,374.8097384596236,0,16.6
177.27923114567892,8.621308518081902,0,0,0,4,345.566779752277,0,17.8
609.1315709550576,8.872853436802274,0,0,1,3,3106.3302816249184,0,22.6
132.31938431491653,0.45194345200856123,0,1,0,1,918.6795037301085,0,15.2
44.35373280496264,4.210033278704666,0,1,0,15,1090.192975098973,0,13.9
119.62530627847973,5.7368382263812245,0,0,0,21,143.04103027157927,0,14.5
541.8277091033267,1.9381140528931604,0,1,0,2,126.50635552107788,0,23.6
170.45530004601397,12.372530978410996,1,0,0,22,1934.149089008493,0,10.6
512.0165754941544,7.407155085750515,0,1,0,13,180.29012667014158,0,24.7
161.92849736750057,16.48323012986203,0,0,1,4,1513.82142604798,0,24.2
33.456754706043036,7.043101319595795,0,0,1,15,126.73010234250806,0,22.2
94.37140943737359,8.216357326085648,1,0,0,11,561.6510793418336,0,17.1
3523.340788926827,572.2983484677405,1,1,5,20,333.68117290233175,1,100.0
502.97426086778114,1.6205435354607718,0,0,1,20,453.7672772192192,0,27.7
151.86205603003117,6.679383929725735,0,0,1,7,975.0616702471629,0,24.9
33.81378353825127,2.8544282035936437,0,0,0,22,282.5408876662349,0,15.7
646.8927759097355,4.80199871186707,0,0,1,15,196.07535547440054,0,28.6
61.10157324154234,1.534744311887749,0,0,0,23,100.97201083931363,0,15.2
137.77529887331235,7.620934971694507,0,0,1,17,1530.844351077317,0,20.5
163.9637473840195,33.97275867651117,0,0,0,15,205.90880846093282,0,13.2
105.5651146074142,3.398906688437874,0,0,1,19,874.7593863168075,0,21.4
203.339299925547,3.1795436527594596,0,0,1,16,119.71607741175286,0,23.8
188.6057014559552,8.411726201669202,0,1,1,16,519.8989641318678,0,20.7
29.25438815846026,19.273925641915795,0,0,1,1,223.56571734886083,0,22.8
308.5469465314401,16.79469709413163,0,0,0,3,899.7757758338626,0,17.8
69.73233687546328,4.361365436081358,0,1,0,19,221.9155745889097,0,10.8
67.89664042346274,16.72087462249708,0,0,0,2,40.15505138837556,0,17.8
398.56301629650994,25.17766192295151,0,0,1,9,103.18498522857237,0,21.5
1175.6966535405622,124.3965064000887,1,1,1,2,232.64561699388415,1,97.9
264.2301056867912,12.318788925518385,0,0,0,8,221.86415287328262,0,14.6
55.87773177494082,9.74830323737377,0,0,1,7,583.7792878986503,0,20.0
163.10018595326875,4.4357935847546095,0,0,1,20,305.52322513304904,0,24.9
368.67469572978274,1.3326426626585937,0,1,0,10,158.40816017277703,0,16.9
598.0110362041144,13.71557215391604,0,0,0,0,1147.1616350772729,0,21.6
116.35205779379483,0.9969424696006789,0,0,0,13,341.49797401515485,0,21.8
79.09930706298856,4.549470365792418,1,0,1,6,212.18992444296435,0,20.6
401.0395339395136,2.988168404590906,0,0,0,12,108.34212999950046,0,21.8
460.502790922824,2.594531040005665,0,0,3,8,454.69148580070487,0,14.5
273.65599411316845,8.928946198959766,1,0,1,0,3685.36922724574,0,19.2
50.81935283220691,1.5292420543148215,1,0,1,16,194.1882269357997,0,21.2
245.4160129127338,14.927644953061487,0,1,0,0,1177.231812892057,0,23.7
326.4739573995786,5.782199178876899,0,0,1,16,348.6431580881526,0,24.5
105.63854525691839,9.98473414583857,0,0,0,15,262.03851934963404,0,14.8
132.8107701371531,2.1921668255782847,0,0,1,7,34.05420830332242,0,30.2
528.207638588848,19.954466570055033,0,1,1,7,262.0861173821437,0,25.5
257.9357122905311,0.18865130057815702,0,0,0,16,284.61772925972144,0,16.3
84.49259625811636,2.56653896538952,0,0,0,23,1004.8548418891063,0,13.8
312.4959987463624,5.58342767920869,0,1,0,1,588.2182263429568,0,20.3
571.567170348298,2.094171837593837,0,0,0,13,3619.6964012457256,0,15.7
44.47408559164523,1.4651128561989368,0,1,2,5,698.7091300193914,0,13.5
146.5687376730732,18.432692875349893,0,0,0,14,144.96697736649205,0,14.9
170.1255586599734,1.9914537065635776,0,0,2,6,558.6450358047148,0,19.0
384.49345879782936,4.908643688377932,0,0,1,17,1719.406266136247,0,28.3
63.5548516019915,4.358508419649447,0,0,0,22,1178.7516112644641,0,17.3
204.77021440635295,7.386313701931889,0,0,0,12,335.6438068836754,0,20.6
71.56527337671152,5.981232594561652,0,0,1,13,2559.783302583362,0,17.5
44.57007029454721,25.039354621724197,0,0,0,11,1388.8753959239066,0,16.0
183.74219267313552,3.6851378529192593,0,0,0,16,1208.190243724702,0,19.1
135.23687310457274,0.0999643514073464,0,0,0,5,410.72794232447677,0,18.3
153.2150779026235,7.597651606882143,1,1,2,22,986.1978270568668,0,15.0
263.9580518147493,10.487127765512554,0,0,2,12,3718.1198643779335,0,17.6
118.06663448959937,18.091554966989783,0,0,1,14,594.6129976242345,0,16.7
31.8940263110317,5.2479378189061325,0,0,0,1,41.92157999733723,0,19.2
471.47701865350126,1.3736997430148534,0,0,2,11,681.3483694336812,0,18.5
253.51424386216382,9.23536757469722,0,0,0,17,1507.2105473238846,0,17.9
55.83829287145417,21.549698770373265,0,0,0,13,960.1479886237016,0,15.7
182.92474822696443,17.766906792539224,0,0,0,19,731.550241033012,0,15.1
228.94875308351686,3.673662319056948,0,0,3,20,1432.7710633145828,0,19.5
523.2256062811833,0.49425051278715343,0,0,2,6,1762.196976851635,0,22.2
168.57154118894647,0.5264228561279297,0,1,2,8,163.9813784085503,0,15.5
336.24899703567246,7.610920592795512,0,0,1,5,1270.874871233274,0,24.9
342.4992461850782,3.0145040281090534,0,0,4,4,505.635386330209,0,18.8
364.23509569794953,24.8391457627585,1,0,0,13,3216.122165873893,0,15.9
315.68291801745556,7.085374116660728,0,1,0,7,1488.800165238652,0,18.7
132.75183544356943,6.3644621173532165,0,1,2,10,1864.9533463972846,0,17.2
336.22076403659946,11.05399859387901,0,0,0,17,607.1795754219687,0,19.8
122.41325957222504,16.23013685780072,0,0,0,17,486.7527538880585,0,13.7
127.81517961481701,1.6581130603298966,0,1,2,7,834.7793088093478,0,13.8
216.95280349563782,13.74699672837328,0,1,0,15,843.4689676325163,0,17.7
311.1987716916911,5.635077740605541,0,0,0,3,1286.483119636685,0,21.1
235.15393770708872,9.59291935875614,0,0,0,19,653.0080163811257,0,17.9
407.3243501677445,3.4799977755901335,0,1,0,7,53.286077775432716,0,19.4
265.93810964813764,1.4805430252321214,0,0,0,23,680.7850246461613,0,14.7
457.91321822620347,5.934155145276195,0,0,1,1,666.7508795074618,0,23.1
167.75690233005415,0.9816596865376468,0,1,1,10,421.53637964069105,0,19.5
83.99673999860619,4.197042751791152,1,1,0,13,111.6547892582467,0,14.5
2672.9715262697778,739.84689311611,1,0,5,1,2.1826791571142046,1,99.8
219.07786692590273,39.96332497667779,0,0,1,11,286.85664054551984,0,19.9
339.3966737170459,3.990906646032814,0,0,0,14,146.62154950166925,0,20.6
458.6156422173571,3.328359791223493,0,0,0,10,955.7026116933456,0,22.8
401.2003322665327,21.97943421822171,0,0,1,14,125.53368917339974,0,19.0
84.60908663983616,9.497276658250467,0,0,0,0,378.8956979967419,0,16.2
195.62465033918653,4.488886729255551,0,0,0,18,57.9938900394241,0,20.3
100.35557251233061,3.8967085108443746,0,0,0,6,329.3789920046403,0,19.7
678.0266909822556,5.816121988220448,0,0,2,11,299.93404944526947,0,27.0
435.7777582429612,3.546537618518568,0,0,0,5,1855.3226629827582,1,20.0
86.82315925479736,1.5945954006952798,0,1,1,15,1198.9217057089488,0,15.5
143.46327915683375,6.2325228114927675,1,0,1,17,63.19136117509813,0,29.0
169.62092315166706,2.6153057660682704,1,0,0,0,240.22349037133043,0,18.7
430.3233072740709,14.86161227450158,0,1,1,11,1568.7239447270586,0,21.9
63.06546140104867,1.864256720499469,0,0,0,13,863.1124896866199,0,20.1
91.19970428021233,3.947174897035689,0,0,0,22,441.20510430234486,0,16.2
51.46961194170609,0.7019931891110164,0,0,0,17,98.10602268851449,0,19.0
73.56043038141786,7.705411274128608,0,0,0,2,643.6319142545614,0,15.6
322.65228520471925,3.1478661654723368,0,0,0,7,363.7664562323132,0,21.8
49.18468353707093,16.793976535184722,0,0,0,21,1136.7817660594703,0,14.0
169.70914101693373,19.847530041113746,0,0,0,7,156.30988318415876,0,14.2
312.19319019720734,12.3463501480664,0,0,1,23,57.993643258453716,0,14.4
286.3033730791807,10.96329529559106,0,1,1,9,536.6640089132743,0,25.7
466.73158881519805,21.530165156446355,0,0,1,20,225.83161561820094,0,17.2
77.78590305203959,4.736861112986257,0,1,0,14,1371.2065184124529,0,12.3
155.96780402432907,9.04507579500905,0,0,0,8,506.93892071628164,0,18.3
53.03390106964905,0.005158918123097736,0,0,0,23,743.9991668634989,0,14.8
208.50044093185974,4.896668020479331,0,0,1,17,1337.2995793197776,0,24.4
817.0973493222585,2.08633541759168,0,0,1,16,1069.6882626807626,0,21.5
299.13705387891315,0.37601860952524674,0,0,0,8,392.36917456348175,0,18.9
79.59935010205493,4.327362335668525,0,0,2,12,1579.7864684517917,0,19.7
28.26532738874566,7.3007569522519695,0,0,0,2,371.2649030406976,0,20.5
106.03727548314629,24.352484053229734,0,0,0,8,585.750322287719,0,15.0
119.8245081031226,31.50519518324434,0,0,0,6,813.3769851597349,0,12.4
453.4243204909652,3.6406196218838365,0,0,1,19,535.0532873921941,0,22.6
350.3853824269048,1.069454698614438,0,1,0,16,588.5877471028454,0,13.6
181.0348810429672,10.028048721733454,0,0,0,10,142.3490152939815,0,15.6
176.52312870273346,2.0226188925465607,0,1,0,23,1129.552138497477,0,12.7
176.06170474010773,23.39171877421329,0,0,2,13,432.8405062521003,0,17.4
48.766958426873,1.3459086634129067,0,0,0,21,792.1155329458938,0,16.7
90.06004139620153,6.463962762919395,0,1,0,13,99.46810335445315,0,17.0
66.8683575301212,8.225990264909138,0,0,2,10,1078.5237723461385,0,19.3
306.14778664686685,5.403780003358124,0,0,0,10,857.36748311742,0,21.2
280.0350764430583,5.621347148091686,1,0,1,19,87.80469567496908,0,20.9
126.44197533603278,18.579733105587444,0,0,0,22,108.48998082997728,0,11.6
201.17679299239705,3.256470351711237,0,0,0,0,370.5280993701862,0,22.0
195.54978106824518,12.975821347534193,0,0,0,19,570.8366390206452,0,14.4
237.26162295939298,3.775784313790368,1,0,0,11,193.30935331080164,0,22.6
85.63793470025132,66.40992217395198,0,0,0,10,82.8226747110786,0,19.9
594.6777665775228,0.1847214177266063,0,0,1,15,1559.1119764165805,0,21.5
151.13102210353523,3.0275191706949545,0,0,1,16,363.2041828599654,0,23.9
298.31360943098804,4.967065872553432,0,0,0,19,695.8723488123204,0,21.6
280.620161306406,6.695176757137246,1,0,1,12,492.40216296647674,0,17.4
80.4329682949026,3.7813258233171814,0,0,0,3,1104.0004251164437,0,19.5
344.23230651892453,0.11333891807427673,0,0,0,4,72.67397472699136,0,23.5
290.3343177273482,0.188812979263702,0,0,0,18,412.53692707784717,0,17.1
294.7036103972179,2.704129667817688,0,1,0,18,966.4441977803751,0,14.4
254.25119021654544,10.83278853943498,0,0,0,0,148.72373974629355,0,19.2
130.51666287005403,4.490838773005623,0,0,0,17,113.72449052748989,0,18.0
120.09176408565733,3.125505805327702,1,0,0,23,74.9870159906688,0,24.2
193.0800395108736,4.272193163667867,0,0,1,5,180.97667847937169,0,26.1
369.76846183836255,6.983782618534387,1,0,1,10,571.4553364916394,0,18.5
83.34754898182965,2.486963881157078,0,0,1,1,523.6286512272758,0,18.1
70.10949873437795,9.595711830375366,0,0,2,7,305.2068534269997,0,19.5
307.0739501914431,11.817163513703711,1,0,0,9,88.197561166038,0,18.9
514.2340418309446,8.967007943161432,0,0,1,7,238.4588086676982,0,24.7
123.39267367247642,11.209485016045745,0,0,0,9,84.78868349803733,0,17.9
192.9180574240976,36.9478908909332,0,0,0,1,250.23453969328423,0,14.3
483.06426487081006,3.135945435178204,0,0,0,16,308.6045214159797,0,21.4
394.3373111878334,8.048316417025744,0,1,0,10,621.4138786351809,0,20.8
272.21527249698767,18.056337541044538,0,0,0,20,419.94337014954897,0,15.8
233.3958058025171,16.18191740098839,0,0,0,22,143.48976433419372,0,11.2
708.3715404220623,7.029801439743619,0,0,1,8,1113.079731011601,0,26.0
64.23241974149268,15.115822038027474,0,0,0,4,431.2686870651366,0,14.1
584.1932563921927,14.071342857330695,0,0,1,8,570.3246711011316,0,20.0
215.42338910048443,21.621876264981363,0,0,0,9,1526.9739304116645,0,14.1
32.22010281364201,3.505146850882483,1,0,0,13,1581.7603496000224,0,16.5
234.4522452586283,1.8123607402618633,0,0,1,17,603.2683649432358,0,20.6
290.35402356143754,2.7611820308860597,0,0,1,19,1475.753991286524,0,23.7
166.0292548146424,4.071039419359807,0,0,1,16,482.28158749717375,1,23.5
195.37921605146107,4.84256696271584,0,1,1,13,75.91245484164257,0,23.5
540.8950227499357,6.973105781376213,0,0,2,5,129.5962482529318,0,26.0
126.23497514033134,4.7179015206102575,0,0,0,9,566.4601791374072,0,20.0
120.66039671841047,17.74743521337101,0,1,0,9,221.17352529910636,0,12.7
84.4842730570091,67.60316972957762,0,0,0,14,119.8701809165437,0,13.3
205.22105033383085,3.3135217579631426,0,0,3,3,345.09260389303677,0,16.9
149.02203000016982,9.123095297703,0,0,0,4,195.54701073170344,0,17.8
476.1090277987569,4.519238519633309,0,0,0,9,2604.8832931872557,0,17.1
118.4782851767262,2.4510270827461844,1,0,1,14,1976.4363818013696,0,20.5
152.95415543214975,2.6083375222650553,0,1,1,18,204.08615756024605,0,18.2
100.33721713404455,6.717224096937878,0,0,0,16,502.7545152000988,0,17.2
206.72811412759583,15.493146632888312,0,0,0,19,1572.4651377774758,0,15.2
483.83644562174817,4.472430226859807,0,0,0,11,864.8137784092635,0,26.0
195.76523612629524,5.014952623144672,0,1,0,20,718.0128595187215,0,14.8
188.35923940439625,4.987790520382301,0,0,1,3,133.99460749451012,0,24.9
160.99220313757934,10.6760391270454,1,0,1,13,262.29037979824324,0,20.1
102.80865957063479,6.955300331514131,0,0,1,10,1902.5973141557881,0,21.3
142.44357758349494,4.3287294345754015,0,1,0,17,763.9856899930671,0,13.7
537.1449380015979,7.375473417673823,0,0,0,4,817.325095467208,0,23.5
57.96512307166011,12.070654848460304,0,0,2,6,927.6878923306338,0,19.6
186.54575542366658,6.208474044269994,0,0,0,10,105.19819147229057,0,19.7
137.57814229389598,9.029693175218389,0,0,2,0,682.2003008266989,0,16.6
595.5288197052126,13.733749644325345,0,1,1,20,33.36049252543543,0,27.5
305.4011658550826,0.4186476427655482,0,0,2,0,62.36986313830749,0,16.1
287.2354558869856,26.46362600519124,0,0,0,11,527.2658973117283,0,15.1
189.21251493862735,4.528513897519952,0,0,1,21,267.1129154655773,0,20.7
2773.476219379696,2018.7216429976286,1,1,2,5,39.82875787165313,1,100.0
247.5394825137317,2.226858009678906,0,0,1,21,958.5960277335485,0,21.8
69.06529567591701,12.075131665665424,0,0,0,5,370.2193884936682,0,13.9
342.55197716331315,14.346905266213467,1,1,1,1,201.84674984988808,0,19.3
214.49410888195158,2.005195041462527,0,0,0,21,598.9099278506433,0,17.1
184.81421748833802,20.105417087281026,0,0,0,15,1051.9983754956033,0,15.5
314.25438468344305,22.999156270938034,0,0,0,21,566.518068612567,0,13.7
136.01034280350981,4.988888987509312,0,0,1,12,315.1911157899444,0,24.7
222.82523564533633,5.1468641413792255,0,0,1,20,84.23136135849411,0,22.7
215.55416483000843,17.124986695390827,0,0,0,23,859.2988342909366,0,10.8
740.6596618394369,1.8305489283449548,0,1,1,2,134.14923779079422,0,24.7
181.32071224012884,16.922326966696737,0,0,0,6,176.74128309016095,0,14.9
98.28194557318703,13.03611426560301,0,0,1,7,791.409180115408,0,18.9
428.57779154311805,12.750987545735732,0,0,0,14,124.51547950060346,0,14.9
82.87178415980064,12.910571280502689,0,0,0,6,221.04511864124402,0,12.5
203.668376514007,15.579734250795592,0,0,1,16,101.9597153412111,0,19.1
305.3617290448012,1.4207101132477369,0,0,1,6,244.42117322745747,0,22.1
304.40217400643706,9.656776805939506,0,1,1,15,455.4174444956894,0,25.8
268.2403257481007,2.1376322643188495,1,0,0,7,1150.0202084713899,0,17.5
78.93098434568714,7.952241337952968,0,0,0,20,2763.5986145690467,0,12.5
423.20443697650046,1.2062503839561238,0,0,0,10,178.49195827371318,0,20.6
272.1438122346819,5.220663580634529,1,0,0,21,585.9753805341512,0,14.4
218.82737108063967,16.865891968576502,1,0,1,15,281.95786694940875,0,17.6
135.47138259900117,5.455548258525723,0,0,0,21,715.2319823189104,0,16.5
247.7865438593989,13.784665047110307,0,0,0,10,118.40478221060539,0,14.7
298.99810788587536,27.929472264707336,0,0,0,12,1765.9159838565909,0,13.5
208.86547072112987,5.11005755858048,0,0,0,1,111.24177757168661,0,18.1
130.31964729349988,13.12546877817995,0,0,0,19,291.1636831404583,0,13.4
194.99528117986398,5.973630532893705,0,0,0,16,2220.342587276876,0,14.2
519.4185388276178,18.050323243510338,1,0,0,13,408.34631939782,0,20.1
267.32124557764274,6.9360513868701075,0,0,0,6,647.69697517733,0,21.1
189.10668880577305,6.40707615044847,1,0,0,10,179.05795865774968,0,18.8
192.76150662168368,4.279270602029555,0,0,0,4,3181.686108751269,0,16.3
202.95385403773562,32.12603312629832,0,0,2,18,624.1436646880887,0,16.5
130.46280750025397,0.12066443969169018,0,0,0,21,229.05849845446923,0,14.9
153.83132692672038,17.64888940596439,0,0,0,8,392.9814484859527,0,16.5
299.48910584868315,6.1559832466051025,0,0,2,20,375.09304951779734,0,19.6
160.31472346648548,5.649686786767154,0,0,0,18,96.62228748941247,0,19.7
171.0569363576824,33.19260444998838,1,1,0,6,132.21703979730856,0,22.6
226.24531580657222,9.593521740435635,0,0,0,6,482.4730237006219,0,16.9
185.31712575039668,9.903635025487548,0,0,0,15,86.27650122503235,0,16.1
154.75455265854566,7.738977551533352,1,0,2,14,425.1429913310895,0,15.9
185.6400247997973,30.90675883440447,0,1,1,4,189.9416762594951,0,27.2
289.58497392043375,3.297868623834225,0,1,0,2,234.4738895583318,0,17.9
473.2375510582643,10.266373443663861,0,0,0,23,945.698746853106,0,14.2
116.97398408403582,4.254533967048082,0,0,0,14,3371.7445022393226,0,16.9
318.19857006299685,3.225197832003729,0,0,0,11,991.0988539573842,0,22.6
278.122142760206,8.870401946928917,0,0,2,0,249.25047903123794,0,18.6
198.323357289263,1.660040452096978,0,0,0,3,315.4193503097865,0,20.5
87.75427008755771,3.143277899341029,1,0,1,19,389.3473359735591,0,15.1
542.3271516791832,14.952814504147028,0,0,1,19,101.26081995234158,0,18.5
146.47208229610507,7.2715460072390155,0,0,0,16,235.93495500398964,0,16.9
257.8033957675772,1.6522716266733268,0,0,2,22,708.4615549296955,0,16.2
118.67727342691087,14.44808064523735,0,0,2,20,379.80912366832894,0,14.1
236.03353990914934,1.155112712215103,0,0,3,17,703.2976834128957,0,13.8
6473.728391964608,1156.7464400092676,0,1,2,23,372.5413859795489,1,98.8
140.0120891252205,28.31147707305693,0,1,2,17,1350.7107299524773,0,18.9
444.8674661677433,0.3502819143043555,0,0,0,11,2580.635135933745,0,14.5
4270.782217691915,329.7375452718657,1,1,2,23,382.9328692481064,1,99.9
237.45793912676714,8.238327312966014,0,0,0,2,788.1241269966803,0,18.0
30.359239437567428,44.33415637108885,0,0,0,15,45.158821340747345,0,18.1
244.04745833567276,11.940225729705732,1,0,0,9,3297.342677340749,0,15.2
124.20032283684998,19.12589569337218,0,0,0,11,975.5175601058531,0,14.6
404.2868524912881,5.337617071558644,0,0,0,9,635.9134465566384,0,22.5
131.69110432803095,9.3187662448759,0,0,0,17,335.08267558329715,0,16.3
268.8850386862608,2.262162689037624,0,1,1,11,867.5842397784181,0,16.7
164.91845721759228,2.0358110199848984,0,0,0,15,2270.414152222837,0,14.5
294.15514167913614,7.461882747267757,0,0,0,5,105.86049941135863,0,20.5
138.65827532861107,6.477143441247682,0,0,0,7,280.7967561859729,0,17.4
118.8482862014249,0.6488073726412025,0,0,0,23,250.51099481757205,0,16.4
112.11237365529207,8.369349634432236,0,0,2,11,384.218387880638,0,19.7
690.5498843520687,1.9688334988270153,0,0,0,1,762.9616111172867,0,19.9
289.2608598587858,9.98355086196029,0,0,1,15,173.9019514351616,0,19.5
270.5836413571565,5.0482255515584935,0,0,1,8,1655.3775372192613,0,25.1
413.8699033165587,25.00785695904126,0,0,0,19,572.033408303859,0,16.2
261.78413384751536,19.35025204498402,0,0,1,5,315.54766270922363,0,24.4
2455.334102507693,784.0209681644618,1,1,4,2,65.61883524255853,1,100.0
171.5324717868873,30.538246420826663,0,0,0,13,502.9675586411711,0,13.6
212.22324002817405,11.232639106713648,1,1,0,3,1528.643524903915,0,15.6
356.6475141320146,0.21264043534359292,0,1,1,8,35.32330987084127,0,18.8
109.2376830082414,14.905236157765168,0,0,1,14,1486.559251655054,0,17.5
64.26523318110732,26.216997921584056,0,0,0,19,676.0269438477784,0,13.5
299.4127711675179,0.7102150729115903,0,0,0,16,137.56920852134738,0,16.9
33.57824404040064,11.67405001127724,0,0,0,17,140.5931363869757,0,15.0
179.75878084029617,6.3364134148316005,0,0,0,3,35.66932173068728,0,23.7
113.03599253140445,5.621953898315185,0,0,0,21,685.6345581213683,0,16.5
60.75991914244575,3.46630384144799,0,0,0,16,271.18060194273,0,19.0
406.54670939545764,23.803804789339804,0,0,0,18,436.2374164803249,0,15.9
251.49869360913254,2.8150041100327554,0,0,1,22,1297.3357342195848,0,22.5
263.2437567807487,22.45180980230213,0,1,0,15,429.8916323507849,0,19.5
245.44580523932257,2.399573239276533,0,0,1,7,455.7947033246182,0,22.9
153.83029438575107,4.469998945432836,0,0,0,3,129.50905451916387,0,20.0
390.3649697532547,28.873003853212108,0,0,1,3,348.19494252454956,0,26.1
62.87827447156029,8.02036126716525,0,0,0,7,557.8251643943756,0,16.7
289.1559906365065,6.316029437737888,0,0,1,1,169.74171691991887,0,22.5
135.96695471350537,13.565805265059671,0,1,1,2,51.084611933554996,0,20.7
807.3823608695857,7.873447920770644,0,0,0,8,93.76767948567934,0,22.3
137.57839945635766,3.4679561080868258,0,0,2,13,244.40956280928515,0,24.3
4162.386086087454,264.7849059938165,0,1,3,18,41.68327568926979,1,99.9
222.12372674161196,5.481862541365731,1,0,1,13,111.41584697843219,0,21.9
214.623201612862,21.749052425778142,0,0,0,13,1681.4776600693033,0,14.4
330.6568691996486,8.836161027524001,0,0,0,23,973.0055073883763,0,13.0
186.94589178923707,11.536517627949813,0,0,1,18,435.1698631673998,0,19.6
254.9820155027265,3.8336207704977565,1,0,0,15,399.17428934108136,0,18.3
95.02517066114663,4.005040402999053,0,0,0,17,1191.9681102173306,0,17.7
107.94225103649053,44.02248728105936,0,1,0,0,387.62791556744264,0,21.6
36.965912364788565,5.856759613011244,0,0,1,19,504.50890320173863,0,19.7
118.0780931530808,11.847835275571246,0,0,1,23,824.3553669815536,0,12.7
118.63398422951055,7.9429850918941245,0,0,1,22,109.60373020218665,0,20.6
319.4652384894944,3.7334862694676514,0,1,3,0,323.33967321382426,0,16.3
136.072890402982,4.293269621301074,0,0,0,0,176.3086148076858,0,17.9
39.74842925731426,10.474881843470742,0,1,0,9,263.88710443926016,0,15.2
184.33195523061633,25.83498749375295,0,0,1,17,1095.038994287714,0,21.1
283.4390464171901,17.938495504245825,0,0,1,11,85.68896507305658,0,21.7
198.88209622633678,26.790126938730815,0,0,0,14,71.39739903123217,0,15.9
133.12653250376005,0.07892580550572531,0,0,1,7,596.0510532315379,0,19.6
451.63536183793366,8.304836368267514,0,0,0,3,1038.2917253887776,0,24.1
167.25991863849598,1.1894368521492273,0,0,0,14,359.98807286499334,0,21.7
353.2296730582296,19.154090047117066,1,1,0,5,1043.6578209794216,0,24.4
178.08687914376443,3.6661943606778755,0,1,1,8,188.83535062481045,0,20.6
309.70248290190665,5.770980818675923,0,0,0,2,463.31498995245784,0,20.7
224.39989165524324,1.7887031951296002,0,0,1,19,320.0806997390585,0,21.5
470.70171361000945,19.540932752823622,0,1,1,23,730.9147759872271,0,17.6
801.4586160822691,3.4308198560641596,0,0,0,15,645.8326068128652,0,22.2
36.275802755695146,10.438288321799833,0,0,0,6,103.1361259072187,0,17.6
431.09367879146754,3.8466092651103883,0,0,1,2,1056.8725398528059,0,24.1
522.6152471681767,20.569018904210353,0,1,0,19,1926.1613446475626,0,17.6
307.561182465141,6.924453601652438,0,0,1,13,551.5967564658126,0,24.2
184.76533842319736,11.434473660366406,0,0,1,9,34.11251274974835,0,21.8
317.6855770349991,7.470305519073261,0,0,1,7,135.01128992839324,0,24.4
2331.657693065466,445.2137322096427,1,0,0,17,249.1715315822521,1,97.4
137.42901882530376,7.555373031382282,0,0,1,17,696.500427034052,0,20.3
126.82800122321179,6.486571223558897,0,0,0,6,534.9044317528096,0,17.6
117.6994404905688,4.7557333328327624,0,0,0,10,1038.1295519431733,0,21.2
117.55318794534085,10.01847117484941,0,0,0,15,294.0474722774833,0,15.5
236.34455635147734,5.055840392839603,0,0,0,18,439.7103134653017,0,19.6
196.12425556286843,8.545711370177305,0,0,2,17,504.66939053247825,0,18.0
1057.7100983325277,5.191297253638181,0,0,1,18,1895.3983183340058,0,22.8
159.04731540273627,16.04229484509232,0,0,1,6,722.3045356993363,0,22.0
245.41719961677126,5.95764313080048,0,0,1,15,1274.9169951872423,0,22.8
185.04279517438098,17.770548093316425,0,0,1,2,66.44441019981184,0,23.5
186.9044216913754,12.028163996297815,0,1,0,3,1416.3104090800339,0,19.3
383.5669735222566,22.52821223279706,0,0,0,8,757.2619979749469,0,19.5
31.162467682614487,15.706683296973694,0,0,2,15,1168.61143923311,0,15.8
56.9412519359679,6.954158627169469,0,0,1,11,99.67082863499799,0,27.5
104.3505066318707,3.1410425831701736,0,1,1,23,1634.5910260587264,0,15.7
102.6767619022485,25.16708902540831,0,0,0,4,1701.6426746521806,0,11.7
44.586270265597605,2.596369316281633,0,0,0,18,94.68916415234743,0,18.6
782.3053596535403,14.62581282981126,0,0,2,16,586.2390474468571,0,17.9
151.35831089409376,7.714715492254232,1,0,0,4,318.6813244558415,0,19.0
188.14916110616443,15.199021408010617,0,0,0,17,660.0103734709002,0,15.5
88.00446326404455,31.755433551950567,0,0,1,16,3226.003719624133,0,18.1
204.51611540243653,3.303224721636843,0,0,1,5,394.6126301839308,0,26.5
135.93547130241018,7.084971395457883,0,0,2,13,655.774967641112,0,18.8
12.061824615323694,8.336662847457466,0,0,0,10,349.9067984334856,0,32.2
78.42238113344649,7.650628164305337,0,0,1,5,813.0540771861544,0,20.7
261.0887887781686,1.8563888856947341,0,0,0,3,1215.2650970763686,1,20.2
62.58783994151901,14.29726923935554,0,1,1,20,32.67638407153619,0,18.7
192.9596772544529,0.4716554337100385,0,0,0,8,251.1539675788719,0,19.4
308.2882018119425,4.501588124936089,0,0,0,20,623.90424502181,0,20.5
220.02162227269594,8.352549241731984,1,1,0,21,112.98154415622042,0,13.0
65.1790643612453,9.823818387536559,0,0,1,16,614.6750177905665,0,18.4
74.72248525954997,2.7950283227731183,0,1,1,2,551.6977452375602,0,15.9
458.9567233701449,18.137117995866916,0,0,0,3,1628.392882360468,0,17.3
245.14251087150234,0.4555090292247262,0,1,1,21,705.0002786324691,0,17.7
362.97353387663213,0.828885433656067,0,0,1,11,2121.9824030813315,0,20.5
218.6706548138024,0.5691064495701925,0,0,2,2,1762.484070716475,0,16.4
449.5714158556193,2.9835372430312064,0,0,0,17,892.745954598726,0,21.9
117.79023933370704,3.0118649715171615,1,0,0,23,1912.9166183667924,0,9.8
372.5572189118624,9.171743618286168,0,0,0,22,276.6758410522209,0,16.1
119.29985442072858,0.8923773837296696,0,0,0,7,98.52549741145022,0,21.0
154.14959612130534,19.400353475962937,0,0,0,5,919.5934950467041,0,15.3
73.57930103155954,12.044306872545452,0,1,2,10,256.9879789145874,0,16.6
167.69363514467884,1.2440194406114558,0,0,0,14,66.8512814541406,0,23.3
40.1926176635477,15.07467445079021,0,0,0,8,48.401923265041965,0,21.9
166.58449965196277,12.545968374021696,0,0,1,12,50.95593796267631,0,21.3
685.3689857599206,18.364108970290125,0,0,0,6,378.35781488311005,0,16.4
23.041844096899943,2.5404577496430343,0,1,1,4,109.77858164455212,0,18.8
231.57949405619928,1.3499261068658475,0,0,0,18,926.7236585518965,0,20.0
770.891440467243,2.9323435843621213,0,0,0,21,101.1047707960856,0,21.6
306.5181829433412,14.410554850171822,0,0,0,15,681.8797233514586,0,17.4
413.58267996005367,7.666149652575011,0,0,1,23,231.85501795150586,0,14.4
443.8731132865505,2.466591759778771,0,0,0,10,56.689259596930846,0,25.7
176.07737934376607,24.708124334382365,0,0,1,8,442.441754403801,0,23.7
40.21166399675697,5.4132584108132695,0,0,2,1,1179.0186567217645,0,18.6
169.21094747470536,10.366678767080888,0,0,1,16,64.01019482724327,0,22.4
160.16984270526348,8.878494161543735,1,0,0,11,63.50481755978678,0,22.6
205.5940561714079,5.945197194530725,0,0,0,17,506.5814063421513,0,18.2
129.2237249467337,25.192282236548532,1,0,0,4,523.1234859093645,0,19.4
222.54127751076,28.115234418934094,1,0,0,1,459.61510901146437,0,17.2
404.07311991698714,4.32101323088916,0,0,0,3,926.971130879966,0,23.4
967.4453389471581,5.441203219291589,0,1,0,10,92.19882892470724,0,34.1
154.21738840013234,31.299244018113637,0,0,1,18,2013.2555145021706,0,20.6
66.72563399617074,31.765752182494683,0,0,0,8,131.65466241643566,0,14.1
100.21335526860517,10.705897209169555,0,1,1,7,53.51469828961138,1,21.9
208.1399505827465,7.372505498285696,0,1,1,9,322.9353681389505,0,24.8
65.86023579586572,0.08697629775361862,0,1,0,22,170.3446979537586,0,11.6
463.96745937796925,13.944957962958924,0,0,1,2,609.6095349646844,0,21.5
214.15059361887515,1.0780571142560205,0,0,0,21,402.4403497189993,0,19.5
163.62233137873116,14.355923845956244,0,0,0,8,769.9864811127234,0,16.1
9091.315729509002,481.88246324424983,0,1,5,9,7.17966999112171,1,99.9
269.9820833753705,1.029104156534131,0,0,2,8,396.7998181801345,0,18.2
148.04882856232987,0.2345270238562127,0,0,0,14,274.2462715647917,0,17.9
1724.1667499328619,881.2082280402212,1,1,5,3,10.206431407729283,1,100.0
148.0559244329794,30.830977959525903,0,0,0,8,200.9479326584877,0,14.3
333.83466386140134,1.2163340932382436,0,1,0,12,341.3428264884521,0,17.4
5186.08874871795,268.2276358839611,0,1,0,3,45.36526669902867,1,98.9
35.272345134481064,3.698933926099338,0,0,0,10,182.39735074333697,0,22.1
467.28559116489794,11.139588329000652,0,0,1,12,275.0986885588811,0,19.7
549.5501701210718,4.141171881314015,0,0,2,6,41.767782693180905,0,28.7
155.91927955500006,4.055351923949333,0,0,0,2,387.31514215054835,0,21.6
87.2876291922907,4.798372426798849,0,1,1,0,455.6111998555412,0,17.1
14.382969531212998,6.051355053739552,0,0,1,21,3119.7927939935867,0,22.3
149.59580369877207,2.8860455728738414,0,0,0,1,344.766910257142,0,20.1
109.69574045833255,16.767367502335297,0,0,0,6,525.036421628894,0,13.4
399.8166973977006,4.835937716746356,0,0,0,13,512.6492823258138,0,22.8
106.96897821169158,1.7213046617914833,0,0,1,18,1275.4857123598144,0,21.3
174.94545383083783,12.760973366810584,0,0,1,7,1534.3457472817222,0,22.7
91.18219284106964,0.646869068700673,0,0,1,17,31.233387275597064,0,27.6
118.99309247415185,47.24852619885857,0,0,0,10,669.9692213032644,0,14.2
118.78188263211665,6.819130639451875,0,0,2,5,1007.0137756732738,0,20.3
94.43984081516413,1.2156337785943843,0,0,2,8,1995.6800663299982,0,17.8
378.47673168284217,24.63772574657094,0,0,0,6,332.86310807673203,1,17.5
197.53904302940867,7.799341181913419,0,1,0,1,928.6719970579147,0,20.3
429.0659528680927,1.494028483883564,0,0,0,11,109.27433175942636,0,21.6
277.8985056346221,3.270474601948653,0,0,3,18,2371.51713493012,0,17.2
186.24263706808583,9.008541623527666,0,0,1,22,110.64030380744333,0,18.0
244.22498363519287,2.5315982061192734,0,0,1,19,169.98375564010803,0,21.4
62.228340108073155,20.714320037466305,0,0,1,20,496.02225162691747,0,17.0
381.4690985619189,1.8628566200022463,0,0,2,12,1639.8647494761008,0,19.9
42.00189890857617,2.931351783346277,0,0,0,16,464.69822050079375,0,21.6
302.0825471641434,4.018796227515027,1,0,1,3,955.7002608212707,0,18.7
397.24722516911385,5.357649314046733,0,0,0,4,316.8728916489912,0,23.3
117.97888761441897,7.939280711638442,0,0,1,9,537.586209875428,0,18.7
112.81521601309363,2.2925630539104667,0,0,0,13,454.36025578234415,0,20.9
197.75559938385285,6.418533569770975,0,0,0,2,278.3497037904581,0,17.8
129.0465143035272,6.8782141786178155,0,0,0,20,266.20536725388513,0,16.4
384.49967924443337,2.5409404462726144,0,1,0,6,209.441480404922,0,17.9
399.6266819286683,13.717670322286839,0,1,0,4,595.7970168841747,0,21.5
113.09165081163962,14.283913322388967,0,0,1,3,995.7514152612048,0,19.1
221.8324295704391,0.5606374700167027,0,0,0,20,318.4748328955814,0,18.5
108.20914665735025,11.082774967476253,0,0,1,2,61.46181605409002,0,21.5
408.85913550816923,5.963452891906065,0,0,2,22,55.79441711628317,0,25.1
200.79315176126173,17.19321520532896,0,0,0,21,901.3468428618522,0,13.8
37.38893466747427,20.51176260711378,0,1,1,7,654.458257654012,0,22.1
245.72557236830139,0.6331574251156399,0,0,0,22,1488.3827099068567,0,20.7
205.900681743196,2.689999971265331,0,1,0,6,1476.21608872987,0,15.2
117.65656336520905,3.0451667757045153,0,0,2,21,377.130346504282,0,16.8
502.8022726297472,14.865532193845736,0,1,1,4,1572.5542820630972,0,26.1
191.57684097025285,0.23613410287487102,0,0,0,13,125.60808117086721,0,18.0
411.72724346071215,6.726721953998055,0,0,0,1,562.4223799011536,0,23.4
415.20731452420364,6.847673556364819,0,0,2,15,227.04094828051058,0,22.6
77.82379403038121,1.945249027015581,0,0,1,8,1404.216064559314,0,22.7
128.00417325553485,5.389760067113134,0,0,2,8,219.65693211276596,0,22.6
90.78006569115557,1.3944010971327183,0,0,1,2,3139.3016453984546,0,18.3
252.9905662700334,3.9740617199161816,0,0,1,11,455.00486107305034,0,23.6
233.67167809436523,18.075578227799216,0,1,0,7,2395.4425315631865,0,15.1
87.36377616383521,10.388668173648592,0,0,2,6,161.9067310897834,0,19.6
174.1220709901426,6.253257050319747,0,0,0,20,526.0414855980522,0,17.8
615.7936185812224,1.0822514199170195,0,1,0,3,344.81544835480287,0,19.1
35.37914295688415,4.351230634417233,0,0,1,5,1259.8258447169455,0,24.3
376.52101721849414,6.046208466486126,0,0,0,1,384.67447895608285,0,21.9
252.0082347464667,11.615997597063018,0,0,0,11,550.9823559905335,0,16.2
188.10100167408532,24.485251225769446,1,0,0,14,182.83610335845765,0,23.6
148.14983240140575,10.795421312023665,1,0,0,3,3092.761779857003,0,16.2
65.35051652877227,6.711100332663813,0,0,2,18,171.43103640779069,0,21.5
3891.3954156877626,695.1590075457596,1,1,5,3,307.07505754408186,1,100.0
196.24148235431088,16.23778296052768,0,0,1,9,1847.0585263761027,0,21.6
135.76180285544916,9.3961045666216,0,0,4,8,1013.7244439658087,0,16.7
163.6309619455296,10.639670884367268,0,0,0,0,2168.91985544805,0,13.9
269.0587103298593,21.816350592505792,0,0,2,0,122.98633334241569,0,18.2
490.9553464221872,0.6298597237379652,0,0,0,8,113.51453464962034,0,22.4
175.24179854433328,29.49062585282033,0,0,1,2,2106.4468119427297,0,23.2
585.7473086177383,7.431958418751243,1,0,2,19,914.3830356428116,0,20.8
369.6105986819686,3.8795552623567877,1,0,0,18,95.7547434286719,0,22.3
60.332957860964484,10.955566745186527,0,0,0,21,202.84083103358748,0,12.2
82.0466991983416,13.345966007871056,0,0,0,18,337.11525605432774,0,12.8
269.33206718275983,15.959904584738306,0,0,3,7,1336.132283733985,0,15.9
361.42694524432216,32.17400739471567,0,0,0,15,1450.7165713534673,0,16.3
233.15759222582477,0.7665167055671219,0,0,2,23,482.7220458423232,0,12.5
158.0398295857377,0.5942645282372416,0,1,0,13,825.3654484301037,0,18.3
118.9630532270838,18.142482526585574,0,0,0,5,463.6931412538156,0,13.8
163.185472684508,5.933063107531414,0,0,1,7,81.4972288968203,0,27.1
790.5102458679612,3.6335918177018645,0,0,1,22,168.00611974116782,0,22.3
114.3473294103585,7.372102445412039,0,0,0,12,315.4801340646833,0,20.2
333.78413287031634,0.21078523160389045,1,0,0,6,773.5965514232511,0,19.1
121.42380689475605,13.878178790049192,0,0,2,1,1010.1920427081968,0,15.8
270.4500815311941,7.763753947038115,0,0,2,0,450.21291047564745,0,17.5
144.0991670750249,4.191803971520178,0,0,0,15,1178.7057522263478,0,18.8
64.6889575958064,2.493140371805913,0,0,0,9,321.39666379273075,0,19.9
215.58962160629338,9.447360103635724,0,0,1,14,349.1730049565669,0,20.5
233.40253343030892,7.7665066601924755,0,0,0,9,439.6533968741482,0,18.8
185.34748174538993,9.603465556089581,0,0,1,21,686.4420780066573,0,17.2
281.3201441724333,18.32152156083522,0,0,1,22,130.18321453611082,0,15.3
1666.1786232988375,1221.1763309180014,1,0,2,1,81.18499471165943,1,99.8
21.224902589997075,55.48578810037773,0,0,1,1,1119.2518884687652,0,25.5
396.8382998840693,11.02247555115789,0,0,1,3,692.7551498365856,0,24.5
501.92592676991916,4.672894699096577,0,0,0,21,532.8307392393298,0,22.0
391.21306511675493,13.034585378634436,0,0,1,13,748.738449105777,0,22.7
285.5922505622897,22.621605785972786,0,0,0,15,591.7897027738759,0,15.3
181.88415147977838,2.0802699283128634,0,0,0,4,324.07293019618294,0,20.8
140.84199074366518,5.181761703172892,0,0,1,3,806.7222069130148,0,22.0
220.91173085572123,11.460848557473604,0,0,0,15,55.92084929516673,0,16.8
187.66497590865353,12.295914417749868,0,0,0,1,2554.4683508709422,0,12.0
125.29373193410429,21.288435123805776,0,0,0,19,221.07406318448858,0,12.7
172.55345412558026,19.548573731608098,0,0,1,16,1003.5593790285756,0,20.8
79.36283107841868,7.67029193371476,0,0,0,13,235.25547246635264,0,17.2
230.45082318495352,8.979478803556786,0,1,0,22,194.9513714952364,0,15.6
323.98625770803903,4.494219659940606,0,1,0,19,1231.1276100787393,0,15.5
92.64777340327468,16.365776849654797,0,0,0,6,335.673266341142,0,13.7
142.95687148383763,6.57533830772458,0,0,0,19,50.15828547409312,0,21.0
406.79531342996773,2.2538969430137445,0,0,0,11,488.0007577789933,0,20.8
208.24356389140925,0.877575176659389,0,0,0,6,88.3708481070135,0,20.9
9263.230929833211,310.34138340795,1,1,3,1,280.6378845326975,1,100.0
415.655474228553,0.1960363223196952,0,0,0,1,790.0068180704003,0,18.4
50.37876826155698,4.304978476394362,0,0,0,2,340.00896473601296,0,20.6
161.03865410809755,19.36843816106683,0,0,0,16,2939.8208997498978,0,12.5
130.88943252335164,10.690521567711087,0,0,0,16,379.16244399434095,0,14.9
6759.816921975872,882.7424282270642,1,0,4,14,128.4375641162091,1,99.9
223.4416920386848,1.4442798939243657,0,0,1,0,371.70432298422617,0,20.0
378.56867569078247,1.7593848813428195,0,0,0,5,141.43910462641284,0,22.7
211.9658444319429,14.948942086421194,0,0,0,23,140.36432435479128,0,9.4
188.76530544666983,28.3971878880349,0,0,0,6,401.55716864437625,0,15.0
382.0119581531818,20.74275283476628,0,1,1,15,662.9286828585281,0,24.8
327.48783925787376,1.2768080713578613,0,0,1,16,208.89256845832895,0,22.9
501.0857632188106,0.7622423336772939,1,1,0,14,756.8470233388414,0,24.1
417.7353917939649,5.2140907126698,0,0,2,21,552.2685987767959,0,16.7
181.72374658825808,0.4714308641114536,0,0,0,6,1904.7511235667823,0,16.5
496.82931127714915,6.227846961009285,0,0,0,19,70.9944695853311,0,24.1
266.28917543624846,14.312199508465332,0,0,3,1,715.2950353779229,0,14.4
521.2744789377595,17.76388070072105,0,0,0,19,944.9029227269262,0,21.2
134.45031836527974,2.512845209364231,0,0,0,6,177.86221231778154,0,18.9
122.85408248855319,13.581728341162522,0,0,0,1,44.987615292705186,0,17.4
114.13872475783427,4.758216657727587,0,0,0,15,930.660332387517,0,19.4
105.25823245897693,8.653361471065647,0,0,0,4,154.75474513151244,0,15.9
132.42717095997494,15.248685740172048,0,0,1,7,316.9272805925783,0,20.5
350.88938011553927,7.051674293425592,0,0,0,9,1680.758604810134,0,20.1
238.80371536028974,8.083643568200483,0,1,0,2,119.90044295348798,0,20.0
73.72024032184812,4.67254241620343,0,0,0,3,543.8667024419068,0,18.2
108.7685041820418,1.7703743646635857,0,1,2,10,764.5585001816187,0,12.5
1662.331636866123,220.57800628797858,0,1,1,14,138.59674416739068,1,98.9
57.14910473659574,1.205812929563156,0,0,0,6,90.81836964086132,0,19.7
173.61592621547587,0.223245773461583,0,0,0,15,189.91213640095395,0,16.6
227.44890014550344,15.276809213815852,0,1,1,7,91.12916021505436,0,22.8
26.85326968603917,23.379143204294856,0,0,3,14,527.5315159251768,0,17.5
272.72112935692013,3.405376777352084,0,1,0,22,639.4325301750903,0,13.7
24.5682541627677,7.920940490140691,1,0,2,13,497.84405223425836,0,15.5
204.172365300088,2.0091055890792964,0,1,0,16,770.8688779991716,0,14.7
433.38614253532694,0.40522455562262766,0,0,2,8,438.6910126772261,0,14.5
105.72288497139715,2.0181191701549905,1,1,2,4,525.9633526196553,0,12.6
2431.7633406473014,1590.5146864725868,0,0,4,12,130.30534796765156,1,99.9
296.69153503219826,4.200551197328274,0,0,0,7,1379.271587019273,0,20.3
66.25076955319119,9.841752244581125,0,0,2,17,2069.812062853626,1,14.9
140.31558214614898,12.058402341304822,0,1,0,1,1863.4763342492547,0,14.0
211.882827766409,4.155104510862033,0,1,0,16,2353.9492071875293,0,11.5
228.8594803732214,11.23688398814811,0,0,0,22,551.8704809107804,0,11.9
255.66850991962343,11.557660875688107,0,1,0,5,100.58788124845444,0,21.1
828.4954167830499,25.11149871354492,1,0,0,3,1204.6416651616244,0,29.7
373.8767526738282,7.0879019815108615,0,0,0,13,1202.6556298463836,0,24.7
165.0645772902822,5.200798580471095,0,0,1,1,184.18867755118674,0,24.6
240.36065923832152,1.4367982562883272,0,0,0,12,2068.5910023975275,0,15.8
720.4381607884105,2.599309393681546,0,0,0,16,3197.1074914096903,0,14.7
647.401699664159,11.001514052538974,0,0,0,19,356.5260479555628,0,17.0
256.6910122031835,17.049574911827925,0,1,0,4,132.99868667605483,0,21.3
442.52252236267026,8.155186078736206,0,0,0,23,2356.7672698559986,0,12.9
436.71408641863826,12.05681165320984,0,0,0,1,63.28011742856123,0,20.3
193.82651230514148,5.029094813174656,0,0,0,5,244.1213435265991,0,18.4
332.4941748088803,6.936671289561399,0,0,2,17,227.47074746906412,0,23.0
102.73580538549805,2.7460669139302913,0,0,1,23,766.7991670099925,0,15.8
161.0983772603243,9.377617841028135,0,0,0,23,245.21381253097388,0,11.9
235.4838476605335,16.57165805435852,0,1,0,6,2098.3219001409443,0,16.0
89.9839770804126,15.41285444879029,0,0,0,8,174.65063621061014,0,15.2
202.17318113793394,2.957855456555207,0,0,0,17,1465.2611529506369,0,18.0
68.83729860488238,25.652141748404503,0,0,1,16,685.1626847383884,0,19.7
130.76638575752614,1.1233828175387544,0,0,1,20,30.998662701532485,0,24.1
140.53161029245558,0.18395986555578558,0,0,2,13,1664.5075933059509,0,16.5
128.6995337634874,1.9875357445007595,0,0,1,20,672.7492628952091,0,20.2
345.423669468404,10.791333496160945,0,1,0,22,709.955377469475,0,16.4
1122.4064514065694,5.796690610090629,0,0,0,15,172.7175566429114,0,29.4
375.8138257581882,13.543280575472652,0,0,1,0,1689.7725877222938,0,27.5
339.31543335631034,4.392649541533998,0,0,0,19,43.98226717853255,0,23.8
119.42344359661963,48.51630681689022,1,0,1,0,223.81798405580557,0,31.3
134.10213192229853,7.3214814709303235,0,0,1,13,216.97977453675847,0,22.9
241.61154764900053,2.7952702112000156,0,0,1,8,2633.118553357707,0,21.9
226.03336607397364,16.661381894073685,0,0,0,22,476.7193579833954,0,11.6
170.56639268517628,7.146773764244723,0,0,1,9,406.36413100791714,0,25.9
71.88707692474071,6.822402662572178,0,0,0,0,937.2111537747677,0,18.4
224.12835587852578,5.809016383930437,0,0,0,23,261.4853047170715,0,13.1
308.5231053011329,15.726887165107454,0,0,1,22,927.0952078983612,0,16.7
390.31716514460174,13.937170656641975,0,0,1,13,2659.554903326115,0,19.2
691.1597746301644,8.699834659003487,0,1,0,19,169.07503692650377,0,19.1
434.1372104873681,11.580920851111532,0,0,2,4,133.59558569417393,0,16.4
365.3565424672515,6.478181403223585,0,0,2,18,498.0166239126656,0,19.6
155.70260861066217,6.724809870924948,1,0,0,4,1098.351382186707,0,19.1
147.52708014130164,12.955410159283769,0,0,0,7,1645.2523828024662,0,12.5
256.0961625889831,1.7750997072431045,0,0,1,20,782.8447319871251,0,22.4
210.77895963481762,23.37599243524422,0,0,0,14,2565.1540571409646,0,12.2
86.69155162002633,4.83034811130414,0,0,1,12,336.51286357930553,0,22.6
497.74688636605174,48.842750103493,0,0,0,20,230.01494498553507,0,15.5
179.13476295738215,18.880354022759327,0,0,0,2,43.410728309311054,0,21.1
102.5874930516047,17.002265962659404,0,0,2,18,746.0351509721256,0,14.2
91.08972054181673,5.12966572947107,0,1,0,12,388.52744677669403,0,14.4
39.39423323077729,0.5856693152968634,0,0,0,8,1991.197015664243,0,18.6
393.24452413091404,19.999773947715724,0,0,1,1,1561.436834974011,0,26.8
234.14294834685404,6.317402041505468,0,0,0,18,579.8699546915581,0,18.6
259.8239465308786,16.894302349770484,0,0,0,13,457.828224507615,0,16.9
151.0225679826303,0.46009261973046883,1,0,0,17,68.05112265087743,0,24.4
174.82619087962868,7.506484392690046,0,1,1,11,885.1605700769579,0,22.2
256.3791381307233,20.846025458863323,0,0,1,13,1000.2888884517212,0,20.0
55.04642281501186,5.728524295068088,0,0,2,14,1449.8097815589758,0,19.1
339.15892682623735,0.14160059349262372,0,1,1,7,255.01687613593745,0,16.3
330.22302165980864,5.8891521413505465,0,0,0,9,204.24111324017105,0,19.3
159.1532643991119,25.162797650134316,0,0,0,18,312.957849338187,0,14.0
427.8271062663333,12.669708663345153,0,0,0,16,131.59112406001475,0,15.1
55.052332853006945,19.78197327196037,1,0,2,16,529.5160033118194,0,17.8
255.40356424107398,3.8571181226589557,1,0,0,22,550.6044140510302,0,14.1
169.6121990493265,16.204901699542017,0,0,0,17,325.2493072182383,0,15.3
134.63413953179852,5.146940133274668,0,0,1,0,309.9945441029535,0,21.9
185.2926065529439,10.848708581683189,0,0,1,11,2638.5610274090322,0,17.7
390.6372632046222,0.33065035197133547,0,0,1,22,1826.803726256689,0,21.6
208.98255495408492,7.676281650448396,0,0,0,13,66.43371919252803,0,24.3
197.0444003602343,5.676071173431123,0,0,0,9,336.0828109706646,0,20.3
750.844928720737,7.841621941497794,0,0,0,19,386.4905550388135,0,18.4
65.27936219823077,13.99082438002474,0,1,2,14,31.763320660870715,0,25.6
200.4565058126646,12.249989155205345,0,0,0,14,120.14703991177304,0,14.2
140.98611852665044,2.0026458970900816,0,1,0,11,1354.490513042449,0,14.9
290.5665726688236,2.6842906910894118,0,0,0,1,144.42755239462923,0,18.5
72.0214937542992,1.0813520488249497,0,0,1,2,943.6104692464041,0,20.0
237.83096863019563,17.003799897779867,0,0,1,5,133.0818652319632,0,22.8
187.18400611574276,3.612883085306442,0,0,0,2,227.27504006597664,0,19.0
215.0838591356275,30.552122763951047,0,0,0,0,2179.0994677285175,0,14.8
421.9715399747969,19.956729761339584,0,0,0,8,1317.876552547571,0,18.8
111.78195817429773,13.967088391718075,0,0,0,1,293.4191046401573,0,14.0
151.8256498032394,8.012138859396094,0,0,0,2,216.4679016881246,0,17.0
129.5531652466676,11.215234800493617,0,0,0,12,914.3818989769085,0,15.1
203.1384356615587,6.341540093561201,0,0,0,8,552.7630773358804,0,19.7
224.98516013506614,0.03351027175408943,0,0,2,4,1476.7264981055675,0,17.4
439.5663544283158,11.080930696916084,1,0,0,10,763.4859504245001,0,21.7
3440.3566115504564,821.1500543221346,0,1,4,21,296.8381137158671,1,99.9
67.2311093860267,14.382165204827826,0,0,1,3,218.6872158772349,0,20.8
17.3857525123038,1.5624495600753838,0,0,1,19,116.67276230905912,0,22.5
258.9507507379658,3.1883508539861967,0,0,0,22,739.5427174908207,0,18.7
328.9945355296788,13.683802006844621,0,1,2,14,1440.1024053118429,0,19.2
93.60959891398855,14.775566050867287,0,0,0,14,4264.417196448407,0,11.3
343.3099862024926,6.2633230412662595,0,0,2,0,711.1349518124014,0,18.9
196.06545281818973,12.369494259843078,0,0,1,1,104.16811049533081,0,22.8
436.37352512865465,21.271622419872152,0,0,1,5,978.4319634009098,0,22.2
152.49000733951175,22.045587275380186,0,1,0,14,403.9130148488192,0,15.8
216.10998015175971,3.158857447436335,0,0,0,23,282.907880439132,0,15.2
417.70064397571514,1.416604985536132,1,0,0,6,216.25282361721722,0,31.5
2569.5908697703926,891.985070557974,0,0,2,20,183.04840349726467,1,98.9
94.21363463361864,0.22067106496465483,0,1,1,9,101.40373668155976,0,17.5
379.5346559845125,4.245020280596974,0,0,1,13,140.74956173051626,0,24.5
569.5149565175907,5.144398415650826,0,0,0,16,1021.7685955529447,0,22.1
49.91787687824308,1.9626003976690838,0,0,0,13,667.0769783160104,0,20.5
339.9443341849828,2.620248798322596,0,0,1,12,1326.1256937440546,0,24.5
132.64896993769003,11.492690808198814,0,0,1,7,42.77926373131453,0,21.0
289.2750534025146,1.2639681080046636,0,0,0,4,250.01809117888132,0,19.0
263.86492433977565,11.419978528395493,0,1,0,2,1609.4007249618448,0,21.1
218.8322672688833,4.569135125395012,0,0,1,3,973.222004542243,0,23.9
110.6458856818785,0.3811767159390906,0,1,0,9,228.80982230275436,0,13.6
74.85313438636402,9.939202926428976,1,0,2,1,36.828019046211864,0,17.1
6161.214522896066,3359.230362113051,1,1,3,5,29.02175069356253,1,100.0
368.0095053094248,12.116852283240682,0,0,2,6,1554.0638017869746,0,19.0
133.35441711564218,6.165602391203596,0,0,1,6,121.99243252546876,0,23.4
60.06053387687506,8.42668228782598,0,0,0,8,564.1897853633213,0,18.8
575.429593706265,1.5022604538406674,0,0,1,18,997.954384846882,0,23.9
3176.2220454450003,958.5706254997774,0,1,2,21,235.2408904740178,1,99.8
157.99131423968123,0.16704719568565798,0,0,0,19,100.02699460871229,0,18.5
341.54215484513963,5.144587588922921,0,0,0,11,321.2856183672883,0,22.0
435.47430461665607,2.0443252023982104,0,0,1,10,952.5266341541272,0,23.0
37.06474599485787,9.086581362911666,0,0,0,10,928.6530107568763,0,18.2
271.6387062464197,28.698425476370062,0,0,0,7,1767.0271044769277,0,13.3
551.2872184960538,9.25433245804027,0,1,0,13,45.49607507346403,0,22.8
364.2262271030312,2.326715406596187,0,1,0,2,370.59110695836455,0,19.4
360.23038590401245,14.262551036391706,0,0,0,6,559.5160088276732,0,17.8
258.4206413527601,0.11115184782368187,0,0,1,13,1119.8417632316596,0,21.8
281.8906621958944,0.4615509385970087,0,0,0,5,312.3396242027114,0,20.2
65.56688814637442,7.647953152986182,1,0,0,15,1933.2109267859532,0,18.0
218.37200309624177,3.284734739960941,0,1,0,6,1277.6300066603587,0,16.6
182.36773154974435,17.91910188532139,0,0,0,23,77.3312563063067,0,11.6
131.56015313202818,6.144094041634992,1,0,0,8,2486.0796065828017,0,14.9
228.1203752979778,17.3342557191483,0,0,0,7,1473.8968025382865,0,13.5
138.78765387963014,10.176560455000276,0,0,0,11,674.7134468556669,0,16.1
221.987270800744,23.831287816885656,0,0,0,21,655.9651855625732,0,12.2
368.71582579102085,2.2393449903458817,0,0,1,2,1674.109698035735,0,23.3
136.72483057053097,8.858573881525233,0,0,1,4,349.4748239542023,0,21.9
237.38447728183246,6.211501920315506,0,0,1,15,934.5256789451518,0,22.6
209.6066651666952,11.505178799466059,0,1,0,12,275.05689415977383,0,16.9
248.0063424922178,8.062388017622363,0,0,1,11,91.00959945481,0,23.1
104.68886652730666,3.8309063627866093,0,0,0,21,1294.9383047349636,0,16.8
300.3057855629659,16.672706756469083,0,0,0,14,2326.295593594217,0,13.7
230.36410613084033,5.41375091115381,0,0,2,17,349.9114002709232,0,20.3
283.35610254969345,4.336138452645396,0,0,0,7,580.4974245333383,0,20.5
108.22073830380641,1.2947367992425152,0,1,0,22,423.6377041338638,0,12.3
239.71820639842582,20.737196705010977,0,0,0,20,1418.0722194081266,0,16.7
182.69216459253937,41.79813055619448,0,0,0,22,291.3453058104615,0,11.1
401.9982970987972,1.8782937676754001,0,0,0,10,202.67529068761155,1,19.7
874.5900768753893,16.366640221301314,0,0,2,12,639.2307635110941,0,28.3
38.70005528162377,0.7191995519212947,0,0,0,20,1714.8646647023907,0,18.2
324.95549480237815,2.1054919366384808,0,1,2,1,1963.9124358589838,0,16.3
188.11160318031668,2.688651801063354,0,0,1,7,178.37201267788313,0,24.3
92.04286832665977,3.607973410212793,0,1,0,11,341.0656714725164,0,14.9
116.01084582113297,11.121585209759171,0,1,0,19,566.0996114708531,1,15.0
32.09679632784792,3.4433383215089273,0,0,2,18,816.1752517760405,0,22.6
885.9547319142979,16.40289482831535,0,0,1,21,142.71715720169087,0,22.4
287.4654023824858,3.9505522185946855,0,0,0,19,532.2004912467266,0,20.6
113.0378966007736,2.259591143672135,0,0,0,14,1077.984274832547,0,20.4
56.554698291655086,3.5048231784596475,0,0,0,16,759.0054428576418,0,19.3
183.68296876441443,5.767217406374987,0,1,1,4,457.34725303508037,0,22.7
218.75368930761823,8.47652475210557,0,0,0,10,877.539165788795,0,17.8
525.7760697298637,0.5485001699402371,0,0,0,10,1259.6761882911878,0,23.6
195.2693651139812,8.64942597109263,0,0,0,9,286.83567825270603,0,17.0
81.81708837632866,3.160809379716563,0,0,1,21,91.27042029443095,0,24.0
109.64358169785777,6.175696170988349,0,0,1,15,572.0097914583712,0,19.4
68.27521693001539,18.139275876473643,0,0,0,18,680.3526996071091,0,14.4
279.6163265184847,4.112458911637142,0,0,0,2,1199.4409893455022,0,21.5
553.1391648408655,3.008600937997695,0,0,0,6,934.1560461546397,0,22.9
49.43920633647739,5.968131787541819,0,0,1,23,675.9882810715726,0,14.2
400.3648581843476,6.388975079490171,0,0,0,5,30.64304715322384,0,32.5
394.64831212554486,36.123269578310996,0,0,3,1,772.6237791316508,0,18.8
32.01028701999848,11.30486097278286,0,1,1,19,1853.7708044471256,0,22.7
294.5668194992576,9.863153304520031,0,0,2,0,1815.890876535214,0,18.8
143.82112401066647,14.897781560203223,0,0,1,12,1309.4407379193465,0,18.6
70.84906777454776,27.529485157519737,0,1,0,8,1210.629639306295,0,12.2
152.0865403054164,0.47413038140647745,0,0,1,19,638.7937558814978,0,22.7
90.69707881066064,8.88092194469781,0,1,0,20,554.4288079271586,0,12.9
87.55360034661607,4.521923371222872,0,0,0,4,2033.705067336093,0,15.3
254.36699256587983,20.536694702079963,0,1,1,6,2339.9993234200515,0,24.5
2191.168597016685,119.40979690846491,1,0,2,22,198.30256908038325,1,95.5
267.974743728387,6.00499212699311,0,0,1,7,30.48599576437527,0,36.7
68.85179671583488,5.523896832511688,0,0,1,0,348.45405762166746,0,19.7
223.43679695147995,11.753331270310806,0,0,1,15,880.5680783514672,0,19.6
306.95245264901735,5.167685477420126,0,0,0,22,1249.2391207179717,0,18.3
292.27488440845275,1.1447672376506115,0,0,2,1,985.6838999309077,0,16.9
157.29502510230623,28.448997236624507,0,0,1,2,2506.261360121222,0,23.3
326.05152402643705,9.409455347163796,0,0,0,21,2827.5358453779713,0,14.1
209.31702646203158,9.038153339402436,0,0,0,12,149.34213403079892,0,16.9
43.248488909790964,13.968783174074266,0,0,0,1,249.01475744241895,0,15.5
101.99736411275394,0.6335598159961202,0,1,0,10,206.3724080329204,0,15.6
110.58071215975197,1.8209934477359895,1,0,0,3,1786.4791375416992,0,14.8
106.08896027847916,5.435671772894203,0,1,0,18,339.0220740512511,0,13.2
480.19261670475305,13.097897238274687,0,0,1,19,43.61929354143294,0,16.6
121.40856251238793,1.6840941687729252,0,0,0,14,2814.3315733525747,0,15.1
42.171068896782344,5.719683064085501,0,0,0,6,967.7906991971973,0,19.7
167.83549733438113,14.638875248404812,0,0,0,21,82.89635455251297,0,13.2
42.92466922239981,4.98469026155196,0,0,0,0,1991.1090845880776,0,17.5
29.621036029601502,0.3703702604585167,0,0,1,13,634.3495178118105,0,23.2
135.90508033444263,8.11678949208448,0,0,0,6,1726.2822937095796,0,14.6
633.7111404350508,6.90246862239501,0,0,1,18,1088.2716114267218,0,24.7
58.883499154694974,6.815324427490311,0,0,1,19,182.48190469474525,0,21.4
333.314644238945,19.04699698700608,0,0,0,15,377.59556389871227,0,17.9
45.83748961167551,1.5372940244407511,0,0,1,0,158.38449832269455,0,21.8
137.69553600364247,12.298029910386392,0,0,1,8,571.8167273893442,0,19.5
167.6305243726617,9.63807382755886,0,0,0,13,1487.7008191755392,0,15.6
245.80654012200353,6.797192780655537,0,0,0,21,613.5925816267307,0,18.1
481.49265943661277,9.274341614353338,0,0,1,2,465.7374097778535,0,24.0
291.7760241597739,13.778456218970558,0,0,0,10,1014.8123863026088,0,16.2
338.1237352469214,21.685280533684,0,1,0,19,443.9395918043851,0,19.6
92.53275275968738,6.254658028770878,0,0,1,17,1448.1911396314974,0,20.4
130.18543108347725,10.82957797925313,0,0,0,14,548.3649642952304,1,15.4
61.557418209627244,3.3287871776227793,0,0,0,1,892.9679622063884,0,19.4
176.19179904833928,11.177904594957425,0,0,1,7,42.589865698231314,0,22.2
405.912182322516,11.433359824860558,0,0,0,1,1503.7873018635053,0,17.2
310.87075500018057,12.719887615379848,0,0,0,22,577.3323786939195,0,13.5
415.00175309336987,37.017005071061384,1,0,0,10,823.0254423664414,0,19.8
179.88671202063097,6.4938555189781075,0,0,0,17,557.9827344173835,0,18.3
118.98759473247222,7.80948758605307,0,0,1,17,160.92602695061677,0,20.1
36.44187360453077,5.780169327879946,1,1,4,21,141.4279522693077,0,16.4
312.1226547686986,7.778937902163446,0,0,1,1,447.9431148736461,0,22.9
308.21602903385747,2.900154318904143,0,0,0,8,191.3281602300031,0,20.1
332.2666066208814,1.8481493848353836,0,0,2,1,225.2014577484067,0,16.3
52.524830845910024,52.10232961814583,0,0,2,17,586.8158815589528,0,15.9
247.33312731666126,9.85399803465499,0,0,0,5,430.50535795096596,0,17.9
410.66842638035774,4.536407264139784,0,0,0,5,2423.4111322600897,0,17.7
118.23447954233028,11.430215341730763,0,0,1,17,105.56998923066709,0,18.8
72.91908385776256,7.157208357769323,0,0,0,0,55.586420091514704,0,18.7
133.99228280712515,21.943348513374286,0,1,2,11,180.0765167728387,0,17.3
140.03588052812987,1.8276897007802417,0,0,1,7,1676.5356406516958,0,23.0
286.3409700746726,5.096847835740532,0,0,0,13,682.1341607405785,0,20.8
85.15843261665049,2.8931391022522184,0,0,0,10,1743.6129844346187,0,17.5
261.88241546660214,1.555818808862672,0,0,0,23,608.5006937857386,0,14.7
103.2209396220695,9.940094787125831,0,0,0,9,342.16606451862833,0,15.6
102.36072277384613,12.219046687811627,0,0,0,5,1568.2215759206588,0,12.1
140.03993591710997,39.01104011340381,1,0,2,6,497.5488819439724,0,19.9
200.02923895932503,3.731983834849064,0,0,0,7,548.5869908148369,0,20.4
239.80147144381846,4.640387205259597,0,0,1,12,138.99702397397513,0,22.6
255.49786935397353,0.543061082760297,0,1,0,21,553.0079179239818,0,14.7
4670.893521546619,297.59983013667147,0,0,3,12,124.33768890792126,0,99.9
104.33417278078512,0.5082379498647751,0,0,0,9,229.7470950133406,1,19.6
588.6230573302405,7.873937319467273,0,0,1,23,1409.9769771788729,0,15.1
277.6703163398354,6.089907940649089,0,0,0,20,390.85728979568324,0,19.3
233.76769110038103,0.3185054815903819,0,0,1,23,1181.9492784962222,0,16.8
74.77392931295662,3.2156509693703255,0,1,0,20,979.5754760849406,0,11.3
56.23540270246671,2.508186308772701,0,1,0,18,750.0140462755753,0,10.9
238.6587244997072,2.7344479729218376,0,0,0,13,2598.3495122269524,0,16.5
677.8069897917671,0.4738668977895301,0,0,1,20,527.8910049369761,0,22.0
425.95151622841087,11.951641918577248,0,0,0,20,775.091402581742,0,19.1
60.61031684797598,25.35787246740502,0,0,0,1,1444.3289466553554,0,13.2
194.60162752319636,1.5468551140707794,1,0,0,11,84.9356798531543,0,25.4
65.34518935764355,16.324636977730307,0,0,0,5,492.87646736760905,0,14.0
96.53092483722345,9.680577416398492,0,0,0,7,97.10118693312853,0,17.0
160.7145538633849,15.293672169706898,0,0,0,18,328.622900660216,0,14.8
127.09903106266994,27.216142490376107,0,0,0,21,306.0620303348689,0,11.0
202.8521294313981,9.773450053502795,0,0,0,6,422.5966632797355,0,16.6
221.09275378238806,1.6948249726268212,0,1,1,20,1438.618852455752,0,17.6
98.60648736835627,5.078950763745203,0,0,0,11,665.8209307825985,0,19.0
132.1697638860622,11.98072392979919,0,0,0,10,590.2791114477877,0,14.0
279.48730618585284,4.783640774026896,1,1,1,14,89.7747983379958,0,17.2
337.2397842779692,1.618768638815664,0,0,1,10,1025.1107288673397,0,24.4
203.12980311872366,18.230897789020354,0,0,1,0,850.6039339284099,0,24.0
152.6295561775641,6.607810786089015,0,0,0,3,128.2335285963636,0,19.7
199.6107765599048,5.197312573997232,0,0,1,8,1180.3564918042114,0,25.6
169.92048639691916,2.188239743129343,0,0,0,6,125.33144033585079,0,18.5
105.30388110219992,3.848334507252939,0,1,4,15,139.76672088585877,0,18.7
187.25161333092444,16.349954655227116,0,0,1,21,283.05524108323726,0,17.1
114.3145259318477,3.9820934243423975,0,0,0,11,824.825038918837,0,21.4
67.76248431223823,6.107570324689848,0,0,0,15,1694.1591685099154,0,14.7
277.5204264362911,26.203246530627247,0,0,0,7,284.67260744501726,0,14.3
237.40153099305275,6.9329219628723315,0,0,0,11,44.81748306821061,0,25.0
82.0579597403093,4.660238079644829,0,0,0,6,155.1827735523018,0,17.8
262.37328179988776,2.1077695664667275,0,0,2,12,391.4161163127052,0,18.1
422.0329158274106,6.006157726564305,0,0,0,14,91.68906240044211,0,23.1
143.1178294910746,4.684251535994916,0,0,0,13,99.76318248095964,0,22.5
735.9950318216886,168.0336935740251,1,0,1,1,25.284092117704013,1,80.6
87.1227750892205,2.9879705138188735,0,0,1,8,807.4225144047384,0,23.2
77.84026839017342,11.315596983332783,0,0,0,12,850.0990016227245,0,14.9
204.69268873317796,2.9290438382579054,1,0,0,16,528.0671222999204,0,16.3
80.2547426007172,7.228813357823233,0,0,0,1,558.4333847115481,0,16.0
188.21663221014742,16.951564650218998,0,0,0,8,416.9830436362343,0,16.4
658.1172678375077,3.3062050907210305,0,0,1,15,1281.4706807914827,0,25.3
284.2108924448496,11.457798993462633,0,1,0,1,725.7318755117818,0,22.3
627.3743038649545,1.6407300410339496,0,0,0,21,56.4332296782234,0,21.4
84.68110419519543,10.317078380910138,1,0,1,6,65.4645551858703,0,24.0
393.66129257919357,0.4459030272790446,0,0,0,8,208.17907180427807,0,19.3
45.98977876658911,15.143886764533997,0,0,2,6,478.2282149710587,0,19.4
245.37575203558796,3.091131400342797,0,0,0,8,939.1564596180344,0,22.5
413.202613233895,11.604519748163602,0,1,0,15,254.6915275586917,0,16.8
46.3803696825664,8.552320385427079,0,0,1,5,424.70586020956335,0,22.3
144.99655994149225,2.6498690043650943,0,1,0,16,1223.9567622521142,0,13.3
59.008775592286625,3.250120463537307,0,0,0,17,280.2717968282435,0,19.2
187.98287559339843,10.677195676502496,0,0,1,12,2459.4763319812814,0,17.4
177.10085015185348,2.848773221311031,0,0,1,18,1298.591358459882,0,24.8
28.575322403235003,13.472464636368178,0,0,1,23,561.4443484951148,0,12.1
504.9280315355077,13.55463348637613,0,0,2,10,889.9147133815754,0,20.5
58.992414307302774,3.049337358789352,0,0,0,3,779.3921293387907,0,19.7
255.59739626644136,1.2143635533285957,0,0,0,17,245.871193897459,0,17.5
82.65031545919202,14.380575223751762,0,0,2,0,1062.9866102617732,0,16.5
211.3339899923237,11.169838766325716,0,0,3,12,1097.249142918148,0,16.3
252.33685465666588,9.404334651313802,0,0,0,12,471.13789556803334,0,19.5
310.00442518895875,14.351500428460966,0,0,0,20,791.6607358793265,0,17.3
460.3818568249978,12.957695517142668,0,0,0,10,1886.9864115919588,0,16.2
466.40220234577157,40.61871364281597,1,0,0,23,386.8994167331893,0,16.1
214.59359360011942,0.076620906959971,0,0,0,10,103.48130639083409,0,18.9
37.71200373403941,13.310666509851409,0,0,0,10,747.2183564118155,0,18.0
171.74690628278267,9.044925839410755,0,0,0,19,186.89256220421694,0,15.6
52.34393128173503,0.39443868960092154,0,0,2,20,1025.0441680850192,0,16.3
9573.608476326594,1926.262412508461,1,1,1,3,38.12226185484373,1,99.8
71.56784245272155,8.416398598087651,0,0,0,21,361.3375085517378,0,13.3
176.45735908337872,10.907007761990723,0,0,0,21,544.1015439559081,0,13.3
718.7789256503802,13.068813426556051,0,0,1,15,1848.713660250098,0,20.3
87.1066405497491,17.137557738591536,0,0,0,9,530.7193301393045,0,13.9
403.6008310990771,2.4415981360889556,0,0,1,4,413.4066706789783,0,23.7
143.49206119144992,7.783287115572913,0,0,1,9,626.2332653370406,0,20.5
40.76076105898599,10.425598367785206,0,0,1,18,147.41661798509497,0,18.1
195.60279002276454,4.458272605145293,0,1,2,19,31.033191784060268,0,29.8
476.3816260096826,0.9876619995302519,0,0,0,16,258.0774291016345,0,18.2
166.78190112982955,4.860251764396695,0,1,1,12,36.689293587611594,0,23.0
89.82182301892279,0.09661181786018179,0,0,0,0,415.233701116749,0,15.9
457.39699201170424,14.859476245860778,0,1,0,12,423.0709249956925,0,19.7
266.66969124914186,0.9596805887727604,0,0,0,10,1282.6767041913968,0,21.3
308.7986911375054,10.927631329292915,0,0,1,16,1038.930952505709,0,22.1
176.06009805424907,9.792306057597516,0,0,1,7,582.0649830289219,0,21.4
173.7189083102402,41.26557244280652,0,0,1,12,1061.7074286110046,0,19.8
518.0318755906242,8.150450071734124,0,0,1,1,137.78382555452117,0,22.5
2545.0451137723776,1230.9685484669387,1,0,0,5,169.9325552059172,1,98.8
151.54761219164064,7.464442960860112,0,1,1,23,1527.7202971211657,0,19.6
215.82989171375976,13.237337585929458,0,1,0,8,1679.8386403049813,0,15.5
1345.2827979899655,970.6847550555204,0,1,4,6,164.48819797897744,1,99.9
100.66328021943609,6.904541473271355,0,0,0,16,461.4220201372367,0,18.0
88.81057139894075,2.1027637230401615,0,0,0,2,893.9320516917409,0,18.9
54.34830374454281,2.5711877719805596,0,1,0,17,608.0741711275398,0,10.7
456.1292328076662,9.451610350349018,0,1,0,13,741.3128225016303,0,21.1
134.97174464147437,1.8641882483646763,0,0,0,21,1694.41328203269,0,15.5
224.51777074240397,14.082616774250605,0,0,1,6,490.5216701776121,0,20.6
5697.679906696954,705.6010042912777,1,1,1,5,104.5938758007411,1,99.6
382.8041376730467,16.51095487853966,0,1,2,20,38.62020544068827,0,22.6
63.2129389725065,11.738293377342005,0,1,0,17,86.6933663946088,0,13.0
274.6179217852562,3.2794948085961937,0,0,1,11,777.9286428421193,0,24.1
265.83224836378065,3.909768389686943,0,0,1,1,493.571302029008,0,22.7
135.3043491381036,5.08331437245356,0,0,1,10,219.33520873213803,0,23.8
130.59331438022042,1.8289616643812925,0,0,1,6,187.81915096037216,0,23.3
154.86002162746934,0.9154792086644638,0,0,1,17,1303.4295794517002,0,27.1
578.2858257608091,1.5644163674121712,0,0,0,14,1190.47798980292,0,20.7
331.1063438220257,6.281945944222612,0,0,1,20,877.8860574426761,1,23.7
117.72194437421187,28.677812534051647,0,0,0,13,230.91382092634274,0,13.3
702.9885082847342,15.112982507513705,0,0,0,16,209.58399651052588,0,13.6
272.85786039845505,6.168922409355326,0,1,0,7,1711.1066468675838,0,15.5
215.82645146809998,8.412056259212953,0,0,0,4,1705.814835482887,0,15.4
683.0139261757291,1.5285975313702787,1,0,1,17,877.0472148669822,0,25.9
189.1867515048667,0.8607834293406365,0,0,1,16,163.27510305069194,0,22.4
130.34368029552363,3.4224002530313076,0,0,1,9,184.46821432991993,0,24.6
334.6854462506082,3.721833675190265,0,0,2,6,1370.5566203198362,0,22.3
324.34531729542726,5.589656474207683,0,1,0,13,55.64237110553972,0,19.4
197.706505562086,4.211233414614234,0,0,0,1,2671.335106394676,0,15.2
90.00539247277597,4.357099012445199,0,0,1,17,763.1066765443776,0,21.0
171.93422164499637,9.972980041103389,0,0,0,4,581.409737579938,0,16.2
117.69543003438264,3.450765646568561,0,0,0,3,816.2219007810927,0,20.3
400.11044329967,9.53660526685399,0,0,1,21,75.37276953551356,0,18.1
625.2549120696266,9.324477022716914,0,0,3,12,1423.7934418702869,0,22.8
77.98821423661722,27.02593235689576,0,0,0,9,401.8327570405714,0,14.2
599.8938331200176,1.5918259459547939,0,0,0,17,136.64971638740832,0,20.2
173.40532991833095,2.1957807314032847,0,0,0,3,188.84944270641878,0,18.6
305.19901378030636,1.8780132863077894,0,0,1,16,638.1907425536405,0,22.5
2469.28010081991,1380.2040010377254,0,1,3,17,382.5468832194104,1,99.7
77.68391906835829,14.699608522347782,0,0,0,12,1609.977011343252,0,12.1
122.22977348795389,1.3059611808757716,0,1,0,3,624.6293895520612,0,15.0
145.64997045915186,7.462575886155297,0,0,0,5,4498.731005802941,0,15.6
110.21150337179117,26.58490720212383,0,0,0,23,197.69425472614668,0,9.8
3328.590327373513,901.4221350425546,1,1,3,2,160.5469444313194,1,100.0
190.50020607609653,11.699716358122437,1,1,0,14,403.54953504779695,0,21.3
85.27564680074256,3.2183744591204597,0,0,1,11,490.2121542615196,0,21.4
125.50767793246885,23.977730945541143,0,0,2,8,163.2650237367341,0,19.3
123.67984149208182,2.4059742574275083,0,0,0,4,2413.483845538786,0,14.6
494.7246264254323,37.81608534702355,0,0,0,5,756.2832887544298,0,18.2
52.1968604249776,1.4417522670638572,0,0,0,8,2057.6732245194653,0,17.8
52.874337460826546,1.7318650568239111,0,1,0,3,289.5686399188548,0,13.0
426.6996031350576,0.5221405182404774,0,0,1,21,1064.7359057393896,0,24.9
336.77789496023473,14.50532770725627,0,0,1,3,1396.3533967039532,0,24.5
71.93609089698772,11.716938864289425,0,0,0,18,361.5844587538962,0,12.8
141.31061659076,0.16467457743865646,0,1,0,1,441.5153288217074,0,16.0
219.22540463764918,10.000393726550369,0,1,0,0,986.1203897860412,0,22.7
168.0493748822342,0.5023983222309828,0,1,1,14,394.3394898995972,0,20.3
183.98409413015298,5.789044441332978,0,0,2,9,882.9732462243619,0,22.0
240.284837687677,4.6177315513858215,0,0,1,21,293.5203468947253,0,22.3
52.241675580276215,24.039385217600927,0,0,0,14,303.67180893373194,0,16.4
223.4042306899369,1.9866547650384492,0,0,0,19,919.2598125130828,0,20.0
128.40325966020993,4.833735174872446,0,0,1,11,1433.0884940769486,0,22.8
226.84812945096803,1.783675635210822,0,0,1,8,2240.8613805552463,0,20.4
463.97491286392534,8.266772582256344,0,0,1,8,287.3995553300178,0,21.9
21.001824246304427,5.148324159890949,1,0,1,6,394.2867835326186,0,20.7
183.2639353985406,28.241758206867868,0,1,0,23,956.3248570791475,0,16.0
270.95702197534126,2.0991342964665183,0,0,1,23,1603.467767820576,0,17.4
232.38086350070134,1.7824331860707923,0,0,0,13,594.1233792004472,0,21.1
251.02916611707732,0.06208249209115458,0,0,0,0,397.8324890115983,0,17.2
544.6405653636582,5.031086881909881,0,0,1,19,1932.8115481840593,0,26.2
106.71246264216819,8.30141390836588,1,0,1,7,833.9705131439379,0,18.4
313.30312165374414,6.177181061266449,0,0,1,5,71.77899458024815,0,24.9
80.34556043500453,17.847543848864337,0,0,0,10,2321.7455635785036,0,10.5
206.94440677072566,10.011112530367578,0,0,0,3,210.3450459000058,0,15.9
62.200935691926496,12.915237411750137,0,0,0,8,1020.8088310241621,0,15.6
212.83674371380073,0.8413466331599443,0,0,0,20,1710.0314365509105,0,21.0
459.88049931956573,6.573205234951419,0,0,0,13,556.5844147255086,0,24.6
279.417485086102,17.537147875760994,0,1,0,19,597.6028792930372,0,17.9
152.83849403579833,20.061165021068884,0,0,0,20,156.95915175211894,0,13.5
577.0540154557797,1.6293789438098234,0,0,0,22,59.900541311088745,0,23.0
172.3443079840839,0.2884719446948575,0,0,0,15,447.03054043418774,0,18.0
408.528499566788,3.071190729865886,0,0,2,13,218.19958304125842,0,21.2
163.6085074762118,6.334264734213495,0,0,0,14,419.03818543472914,0,20.7
211.67217128103968,8.810609830479004,0,0,1,9,1285.7323077290623,0,22.5
625.5059724246348,3.301956362859145,0,0,0,22,2501.8026730788215,0,14.6
214.60918697899774,1.2704129563377928,0,0,1,19,1153.656550207973,0,24.2
288.68308706061237,0.4291331961877274,0,0,1,20,860.0866880501931,0,22.9
106.14830930374812,11.903132648927905,0,0,0,23,577.403014838551,0,9.1
207.1797028076734,1.865565884020444,1,0,1,2,183.30931906694047,0,18.3
484.4884120504232,12.840849801987204,0,0,0,15,3045.3513888731977,0,16.0
159.44074416590536,6.980211409327411,0,0,0,8,87.61223076721947,0,24.0
2376.9619597057626,670.9034841418252,1,0,5,20,30.6753482958507,1,99.9
431.54935259819297,0.819495774101895,0,1,2,6,864.302531090217,0,16.0
61.54581301922399,1.6935953516318554,0,0,0,11,360.36598132768535,0,20.8
523.1162802214554,0.3088974270307445,0,0,0,9,1025.5594577123447,0,23.2
323.0810640576335,0.3325015656320062,0,1,0,9,986.1351911192403,0,14.4
189.32189559371992,5.167217235800553,0,0,1,8,126.28183853942708,0,25.0
73.75810360928946,16.310513516379633,0,0,1,7,1124.2723029790343,0,20.1
251.33568736135274,3.846980414497372,0,0,1,17,2252.0206215395046,0,20.5
166.5375056404456,17.18889908979936,0,0,0,9,32.59703187436956,0,38.3
233.70155593700355,16.604390834355346,0,0,0,11,107.58957775157758,0,18.2
376.1132026725775,1.5660710197834324,0,0,2,16,1483.4003241875992,0,21.2
89.97157714289754,2.1158348643226716,1,0,1,17,96.26373792126373,0,24.4
114.28377978266734,8.93901170805357,0,0,1,0,420.73540939685444,0,19.8
191.47603647245288,7.077016945349818,0,1,0,0,63.23840002974497,0,22.1
54.45693449391289,3.573266862655217,0,0,1,6,126.91853546378712,0,24.4
137.36634561042194,9.573992747145601,0,0,0,0,1473.3011654328534,0,13.9
388.1325867479113,0.33429777870365185,0,0,0,17,221.08786167935116,0,17.1
66.33328193789512,4.255888115270266,0,0,1,17,726.7917295078346,0,21.3
180.9006228504857,21.49621587381445,0,0,1,11,488.3394928190791,0,19.8
132.0382861415792,3.0214052820740473,1,0,1,21,76.4122827515346,0,27.7
207.7584597870735,11.518890498871807,0,0,1,19,396.0067781024167,0,18.9
122.32597341453145,9.377854265442934,0,0,1,14,1841.1712226849145,0,19.0
253.19005878204328,3.072323503214423,0,0,1,11,528.6889894820353,0,23.5
308.9006307825511,3.4773979914925843,0,0,0,16,97.04773695123878,0,20.5
619.2782791081727,15.232402625155471,0,0,1,8,1807.9692728047935,0,21.6
480.71581148680553,4.229729910675703,0,0,0,9,559.2555929065502,0,23.6
79.95978723445994,3.6855486012685645,0,0,1,16,971.6208293009116,0,21.8
256.69132672577973,23.360639686109874,0,0,0,0,1575.7642177272892,0,17.5
628.5954734242619,12.166589681562535,0,0,1,6,124.05175238125146,0,19.5
220.3986523047197,5.561535791751415,0,1,1,6,309.9888678523295,1,21.6
293.63844210445967,5.201638454453534,0,0,1,22,2898.358292683345,0,16.9
298.6254005643355,1.667338201079131,0,0,0,17,168.52436358285973,0,17.2
263.09517203226386,28.83964824517371,0,1,1,2,339.2820097639924,0,33.4
409.5158310817883,0.3306744774036708,1,0,1,10,328.9402685577088,0,18.0
141.12278819756062,6.360257930296758,0,0,2,1,151.66057715989035,0,18.3
179.85593468485473,5.251179157457981,0,1,0,20,36.281153485280086,0,15.9
196.63348610332656,3.139719703597049,0,0,0,8,204.60881243709744,0,20.6
408.5511506732365,4.7148823788637975,0,0,0,19,405.96200357020706,0,20.8
57.70843515469193,5.179052531534268,0,0,1,20,81.21635863076935,0,26.1
40.49747363727613,6.349567461623553,0,0,0,16,90.87886148124304,0,20.4
249.84525183279598,2.2747640622381815,0,0,0,0,905.3096189763944,0,20.8
330.4317692602961,15.04630252905602,0,0,0,13,962.9035298064896,0,17.8
464.63841085464196,16.11917652720248,0,0,0,15,196.2044278724747,0,15.6
85.61306421164313,5.379293536226016,0,0,1,9,286.4874307150682,0,22.9
169.81403192318226,4.816136905360613,0,0,1,19,48.25993268464852,0,27.1
269.19303822379254,22.255247684630987,0,0,1,5,705.5649589653992,0,22.9
254.23065474573337,1.7262005516431558,0,0,0,20,3139.6065235677074,0,16.5
211.67418726649544,1.7660636393279245,0,0,0,19,767.7293802752038,0,20.1
396.35512029721446,6.614711152630797,0,0,0,17,129.20751852662144,0,21.6
638.1194142938447,2.0538545218242272,0,0,0,6,1544.010450688751,0,18.6
542.7859845556709,42.827026545918876,0,1,0,12,116.27668619105272,0,24.1
70.3690423372971,0.682536019480036,0,0,0,3,313.5493675289859,0,18.4
55.540290552672104,11.038129176066679,0,0,1,11,681.4273843140617,0,19.7
177.22550139785542,26.990588058196778,0,1,0,18,271.950590470614,0,13.6
464.804430272514,16.867197556815746,0,1,1,6,342.2800386134496,0,26.4
194.1803123465547,15.230310739905535,0,0,0,20,2089.3952804704095,0,12.7
459.20397431600964,4.840232262266578,0,1,0,20,375.95727927481215,0,19.1
2115.7958968666812,290.9712993796405,0,0,3,1,165.7022984488762,1,99.9
35.283792709949275,14.994111738909066,0,0,0,13,118.0780505839258,0,17.9
260.5767021716641,5.433180638104921,0,0,0,22,2446.953973159399,0,14.5
318.5232369120953,11.036262550492472,0,0,1,4,1300.6628050305944,0,25.5
65.31782217016419,1.0538427096079375,0,0,0,22,51.55435051251641,0,17.3
410.51975754252817,3.7202153497380457,0,0,1,11,518.7656725850609,0,22.6
612.3607220678778,1.0775582908040544,0,0,0,8,1025.5917351409944,0,23.2
101.49516080962646,6.536418621320982,0,0,0,16,84.77934716199198,0,22.5
149.21385764862003,14.096428458119076,0,0,1,7,1337.5692133601935,0,20.5
290.4906162965328,20.515713771925462,0,0,1,19,143.67658836616462,0,17.8
535.9735718055438,32.429463074735246,0,1,1,19,456.7689279642575,0,29.6
252.037672381217,11.687677329740366,0,0,1,2,76.66726575023674,0,21.1
181.170252509927,3.965216965338459,0,0,0,2,195.71832798285226,0,19.0
231.11383891750165,3.939529136502622,0,1,2,14,394.5613783815018,0,16.1
368.0677874687567,17.411517695434494,1,0,0,12,78.37689847956895,1,25.6
171.32883985214283,8.646299515034501,0,0,1,19,309.2331185355152,0,21.4
99.7410185108718,2.113379252657999,0,0,0,12,721.2460381609138,0,20.1
343.8228872139075,1.5998340534417794,0,0,0,20,675.6646833090896,0,19.5
297.615461606036,2.246175494308142,0,0,1,6,1100.9149644373676,0,23.9
83.67793136003618,20.308617017858847,0,1,2,2,125.09494512976121,0,15.3
61.37725943608048,14.855155678830142,0,0,1,13,1654.5506003212945,0,18.1
120.94835535401897,8.066500474915836,0,1,1,4,590.4284780289614,0,21.3
287.9329963350872,1.1496819707257788,0,0,2,6,160.07285612115663,0,17.8
453.03188589345075,8.253908002089426,1,0,1,10,37.532850296161456,0,22.2
80.03006148474722,5.39057776466462,0,0,1,3,684.3730858343896,0,20.1
180.62296103864958,0.8403450907821537,0,1,1,11,172.80343968090105,0,19.4
376.000865389337,4.523209411435672,0,0,0,4,40.59035723254314,0,30.9
133.6304585990933,19.10781277797348,0,0,0,6,1341.1455839152434,0,13.8
270.8155272900414,5.364578152991868,0,0,1,21,1358.8362711537159,0,21.4
52.99404993197974,11.119585057310148,0,0,0,1,3699.268525599985,0,12.8
314.8034618275676,3.768004563074423,0,1,1,11,507.90494357929146,0,17.6
82.6009398196366,6.738194123846579,0,1,0,5,73.92201173196622,0,20.4
128.05087455638096,20.482736698138133,1,0,1,21,126.93543853990715,0,18.9
342.5071664736898,7.714952257102263,0,0,0,23,3395.2751149361898,0,11.1
401.7517075107853,9.968021020316447,0,1,0,7,926.8852761920812,0,22.0
586.78387785197,38.91830901135098,0,0,0,6,398.01321110525834,0,15.0
316.94547312698575,19.424152389673882,0,0,0,5,1509.5580392508764,0,17.6
2489.4971841627125,494.416135230347,1,1,4,1,852.4751636228627,1,99.2
64.44596614826915,25.63910746158631,0,0,1,19,468.6713145825153,0,18.3
58.962455502587154,41.39970185041378,0,0,0,0,1046.6884344882815,0,16.7
233.13948654523102,12.31278368748822,0,1,0,15,1009.8535219037246,0,18.0
273.4136820918656,9.534168104494487,0,0,1,11,298.04401093387867,0,22.3
108.46621377874641,0.687869313589773,0,0,1,2,434.4303982262831,0,19.9
181.6783681785245,13.829201082341859,0,0,0,19,926.2272633856766,0,15.3
71.01156741335632,7.988101688684366,0,0,0,15,462.9977106052994,0,15.9
201.46329267607217,3.3419922019963186,0,0,0,7,162.84280638145555,0,18.7
152.21473511580206,32.578851945302176,0,0,0,21,484.9157805647716,0,11.8
155.1427763228493,3.366275597839031,1,0,1,10,357.0239168712892,0,19.6
175.87483735282063,15.368529431931462,0,0,0,9,524.3803754816679,0,14.8
84.12669769542542,2.629551140495968,0,0,2,1,1291.8878712624225,0,16.1
186.937656158187,5.822174033940409,0,0,0,2,1738.4398363124776,0,16.3
161.2698255749803,2.704647937978522,0,0,0,12,1102.1831028082263,0,21.6
347.5866925860302,20.453746730349174,0,1,1,4,769.7737962392417,0,27.8
260.9827146965832,6.258391822348696,1,0,0,23,1929.0399496206762,0,9.5
389.7272088821412,28.528161389698862,0,1,0,11,514.0400852380608,0,18.8
200.70918129281216,3.3648093479696235,0,0,1,10,94.88724467656544,0,28.5
163.23191472848237,4.421634790647709,0,0,0,1,63.6342723787845,0,22.8
139.29340734150747,19.26897829921432,0,0,0,15,449.1418441333958,0,14.4
91.74849141778735,4.155898576820212,1,0,0,0,384.9521179681667,0,14.5
81.68411073205857,7.7465727629209855,0,0,0,7,110.31826434624574,1,17.0
185.86298120034115,2.568616061257509,0,0,0,10,33.21874550587175,0,37.6
127.95006091787617,3.1748867125337505,0,0,1,14,814.3150269246711,0,23.3
80.18665858762489,1.0207003218775095,0,0,0,11,871.1850762437183,0,20.5
151.42020422192397,40.504223405445195,0,0,0,20,1396.022585876321,0,14.5
311.85562341163217,2.4556112232659255,0,1,0,21,718.8747652048677,0,13.7
323.91229243246545,4.73356765728227,0,0,0,8,255.0476583925148,0,20.0
514.3572967319525,0.6473888036419466,0,1,0,8,816.9540145338751,0,20.6
601.7413703921691,2.0065689349199047,0,0,1,12,323.7082556036097,0,25.6
98.32845407526843,5.217397008102107,0,0,0,22,129.09765073298345,0,15.0
261.3690411568585,9.97489834493652,0,0,0,15,804.9664979920791,0,18.2
275.01712720522846,43.81861843841017,0,0,1,13,531.4224586536945,0,18.9
432.727949465543,23.18955064321424,0,1,0,18,180.25361382370542,0,16.6
274.12195811225695,4.974702817327333,0,0,0,0,344.19339281165776,0,22.2
132.93723158808154,3.3088199255605684,0,0,0,19,67.90330054766932,0,24.4
347.2872997799852,1.0010752015042919,0,1,1,17,579.1702005733811,0,16.5
126.28685542461433,0.08489942784491507,0,0,1,14,646.3989727454766,0,19.9
278.81673552557265,14.078249319512583,0,0,1,7,599.4048396479126,1,20.0
375.59595979022254,3.963790080655342,0,0,0,22,1677.4956939648048,0,19.8
127.53764081219161,5.9551610274945155,0,0,1,9,312.61965465487793,0,23.7
105.41289064185787,8.619320647196485,0,0,0,1,43.211048775451886,0,17.4
111.06758917127267,27.32866834205301,0,0,1,19,905.6745292678333,0,18.6
309.00999084445436,3.8774739913708944,0,0,0,18,121.22520090297915,0,18.1
138.26114936208324,15.0887747285248,0,0,0,17,113.68156324057186,0,15.2
375.5845293674027,5.86582245621353,0,0,0,2,596.7945831799669,0,23.1
220.91466031382612,19.805062020950917,0,1,1,22,316.0959708104711,0,22.2
135.9991197602536,10.125803642001319,0,0,2,21,190.49606252248364,0,15.5
191.03803174044424,7.094092111000257,0,0,0,8,633.171760948441,0,21.0
70.75223292347964,9.347765025775574,0,0,1,1,1115.4450525887517,0,20.9
90.64934010047949,7.2449556625698435,0,0,2,1,453.1668032180703,0,15.8
31.137632575534827,2.6088699857802404,0,0,0,23,628.9661695794076,0,15.0
496.1407345032033,3.5583385306423394,0,0,0,6,717.6440545095911,0,25.4
730.434793362433,10.790294216408338,0,1,0,15,2066.3427767589365,0,16.1
840.7794712191333,725.2773059023586,1,1,2,5,106.53415069037726,0,93.5
287.3583960759482,9.17299536293727,1,0,0,12,411.13777642486195,0,19.5
214.06408952541003,10.088562280562794,0,0,0,6,247.18389267497707,0,15.1
293.98930451245616,1.3702460207187308,1,1,0,12,684.9066574310615,0,16.9
592.8627808627979,5.020453531623174,0,0,0,20,215.97054253403715,0,19.3
403.2468821568482,3.910381941806309,0,0,1,12,977.0510617173951,0,24.6
228.22177987491605,4.632124922776165,0,0,1,23,2626.4789440479667,0,14.2
65.99424917312058,3.8882239151437834,0,1,0,20,3112.87412019512,0,11.4
432.1170220817996,11.362470484483163,0,0,0,5,126.66245441076138,0,17.0
190.84725355599426,20.03864900986215,0,0,0,5,1399.8391619902823,0,15.1
73.15294234276402,2.5051211866994167,0,0,1,2,847.7234549172297,0,19.7
439.02854465991436,6.344283282124543,0,0,1,4,800.0671096865575,0,24.7
345.53120316847907,3.3876487455730686,0,0,1,8,147.28857237964593,0,25.3
403.9895584712074,8.671102855783838,0,0,0,12,1387.5955365840307,0,22.3
67.88252560468145,18.861083164803787,0,0,0,13,3007.1790136383556,1,11.5
239.42377466893706,3.35751726433925,0,0,0,0,61.85775681857258,0,25.1
193.9525088346132,1.7351888254830992,0,0,0,5,353.08013341997923,0,20.7
401.21098511177183,632.7407600187461,1,0,5,23,172.26827753312455,1,72.3
46.12166302133187,24.386405027189358,0,0,1,15,206.693815012792,0,21.3
148.859144286427,3.3866868628774127,0,0,0,10,35.41423940332363,0,30.2
211.66600303404226,23.252535659193153,0,0,1,2,655.4437952330244,0,23.0
204.60613786537172,1.5957137142980748,0,0,1,14,314.26635513612626,0,24.1
407.1452572155123,11.039932723086828,0,0,0,5,269.9079492989891,0,18.4
299.2836357577786,9.14181223297872,0,0,1,6,52.68533577852528,0,21.2
437.95184982237197,2.0079784165443413,0,0,1,17,261.23120339842194,0,22.6
320.44559407348885,19.429928440228416,0,1,1,1,328.58201477870495,0,31.8
359.2327766050402,2.106286405736232,0,0,0,0,437.1779875449076,1,22.0
201.15051858637358,12.72914113372559,0,0,0,16,340.7916412477912,0,15.3
99.80316645925309,7.6623521148295834,0,0,0,5,2020.7032197077654,0,13.5
232.72458859675956,5.481109267312325,0,0,1,3,345.9926526998882,0,23.7
66.87780576028483,12.610939689379952,0,0,0,4,142.02614263219613,0,12.9
511.005621101116,6.237322703745019,0,0,0,9,1924.7378251046632,0,20.6
334.48621601506215,22.874455958923473,0,0,0,7,380.8785933723725,0,17.1
178.58070076673212,5.701180439274187,0,0,1,8,1433.1936141626961,0,26.2
146.01505267452882,2.2496238743326713,0,0,2,12,455.16662049046533,0,19.0
145.396517297502,55.640858981044744,0,0,1,6,657.908540172881,0,21.6
84.3193744066999,12.50592961569392,0,0,1,17,875.8579736727597,1,18.3
138.7736387020633,18.2018094529223,0,0,1,17,256.3168554492877,0,19.3
206.19152200347128,10.83989551384199,1,0,1,5,572.2909718213568,0,17.2
77.58723189128004,20.59725903318183,0,1,1,5,4018.9477971125993,1,19.5
100.84241424415602,7.03554827337815,0,0,1,17,720.713064003955,0,21.0
62.143961039276455,0.16250352310493313,0,0,1,7,477.32612470579585,0,19.0
3946.852978074652,371.66110991202385,0,1,7,1,627.2692848908392,1,99.3
56.929773954263595,0.42096880475988024,0,0,0,15,1038.9367799124914,0,18.5
132.25508154467693,50.78460397855777,0,0,1,1,1250.3310763371105,0,20.3
354.70640239117,10.455601799629063,0,0,0,13,158.40969151662907,0,17.5
199.30847948851763,1.3936249467135504,0,0,2,1,638.067858668613,0,16.3
488.34688020553426,8.219804846923124,0,0,1,13,1064.338826623028,0,23.8
230.30004063341727,4.061150243972026,0,1,0,21,307.71248195869015,0,13.8
126.61074431610557,1.7086919995701892,0,0,2,7,65.76121611767715,0,29.2
31.216500150117955,6.8678250748136085,0,0,1,1,2082.512049079227,0,21.1
233.15551950041547,3.6173656190839707,0,0,1,20,1180.2560813916543,0,24.7
651.043257847258,14.246656983695578,1,0,2,4,1959.2059402629852,0,26.6
312.1511330477732,2.2838873255443617,0,0,0,14,1183.3171188095716,0,20.6
609.9552333433991,9.749996016449492,0,0,0,17,584.4030787716306,0,19.6
161.93240672936156,0.24629859505919874,0,0,1,8,1317.2055333962196,0,24.7
464.6775254877082,9.070386336049603,0,0,1,23,1728.5246735775777,0,16.1
505.6158081431413,1.2685360936496752,0,0,1,15,77.18882871574122,0,29.0
3686.8176881167924,576.0543233803338,0,0,3,8,310.2224326631411,1,99.8
1700.765768896016,463.4162510598416,1,0,1,14,9.812999664847418,1,99.5
173.56668594335804,2.1333205142783545,0,0,1,2,417.00645177203313,0,23.3
3608.5378982472857,307.52740912560887,0,0,4,3,35.58675873408638,1,99.9
116.08094096206494,20.75885767787142,0,0,0,8,130.93973453369685,0,14.7
116.49168129591213,9.281802193521735,0,0,1,4,2323.6257746412775,0,18.1
358.65335957167565,5.04417820602154,0,0,0,3,241.9336186218342,0,19.9
28.127241146012768,28.373395098902925,0,0,1,20,2635.6336737392426,0,21.9
250.47635153956253,2.858595483611373,0,0,2,1,258.8203809914021,0,19.3
204.0948579811902,12.141319641958205,0,0,1,4,1036.7945275489433,0,23.3
321.8495357762376,2.078620416339265,0,0,2,2,1445.5856601131065,0,16.5
541.0476348814292,3.5696729869073343,1,0,0,13,442.23857029489756,0,24.2
155.71192554995147,6.935791473688136,1,0,0,8,434.4948029971726,0,19.4
112.59545233196688,15.73090167279481,0,1,1,1,295.2181386867738,0,22.8
395.8208088682582,5.274429523563118,0,0,3,8,266.255954419562,0,16.6
206.2549863733052,5.467909195683018,0,0,1,23,70.91495353729772,0,20.2
293.10832090772885,6.661746995161947,0,0,0,2,714.6178939938192,0,21.6
90.37844576722848,23.166082295482767,1,0,0,1,173.2734349264405,0,23.0
179.5336345514613,2.4461272293346408,0,0,0,3,1073.8409167245788,0,19.9
409.5782455935228,15.485451381108582,0,0,0,16,85.08920402613506,0,18.7
230.0548682020433,16.35047501958026,0,0,0,8,339.14179916622106,0,16.2
199.01684230562765,6.037914143925206,0,0,1,5,899.5844836047687,0,24.2
130.63525002537682,2.795159691253665,0,0,1,1,164.88406563625585,0,21.0
105.27440869035996,10.545154308842482,0,0,0,4,3232.876529159275,0,12.0
50.95680485526442,4.2103683521169,0,1,0,14,4303.528425660202,0,13.1
136.45382463555615,21.36905234916849,0,0,0,13,1123.2244581052528,0,14.7
53.288520543121926,5.5719195570757885,0,0,1,16,87.85687267075053,0,26.7
263.30424386648883,40.69950165456182,0,0,0,14,910.0310158390466,0,14.8
412.22739147776963,6.967581824403831,1,0,0,0,120.79704914958195,0,26.7
19.21122595740656,10.326124377861506,0,0,0,0,113.72397387469847,0,17.6
110.74326178686175,11.909658779864923,1,0,1,15,40.97399826217397,0,20.7
107.32213003327772,17.268658236134012,0,0,1,15,175.72574597495995,0,19.2
124.2004901658667,7.501446016930159,0,0,1,17,77.16983681925552,0,24.2
504.6807723260644,22.31544693277016,0,0,0,21,2172.466650441084,0,17.5
70.77042055183792,3.3260408209601446,0,1,1,3,430.75816400329785,0,17.8
79.89119684995676,1.3516505695758179,0,0,2,17,185.95365359715845,0,20.4
201.76843354715461,10.006713156502979,0,0,0,18,113.46975973167098,0,13.9
190.68639524189206,6.292006411341463,0,1,0,13,207.63205390025064,0,17.2
146.48020728731112,11.52455068499521,1,1,0,13,84.2441964897295,0,16.4
306.1825928895216,11.845279883852639,0,0,0,9,361.59280924300776,0,17.4
460.1423978184521,24.95628466255809,0,1,1,11,2176.4534000115564,0,18.4
128.42348656847616,12.010759235724713,0,0,1,22,526.8956524363878,1,14.6
180.61471759273059,2.2937043665742363,1,0,0,16,1488.349721145699,0,15.3
234.2114917407917,0.3174955774339868,0,0,0,20,1626.495488572493,0,18.1
381.379179270961,1.5385860621710827,0,0,0,9,177.72013290269877,0,21.0
282.3674680871384,5.656276612512358,0,0,0,18,669.3431896396671,0,19.9
148.70975918110744,4.848425453465693,0,1,0,7,2008.1994568496445,0,15.0
170.8252066588845,16.423386192771016,0,0,1,1,920.5465001084187,0,23.1
145.94571930509971,51.57661714525418,0,0,0,15,174.97377917934017,0,13.7
357.9096777177346,7.162769950230972,0,0,0,14,57.504468113986874,0,25.2
636.2954722550575,0.9564889303066716,0,1,0,4,305.431752082486,0,21.6
145.04971742913904,8.583895775584537,0,0,1,23,951.4768638797196,0,14.9
187.19163410394265,10.594580327133123,0,0,0,14,407.30406574855596,0,16.8
457.13259291158244,8.005248167804158,0,0,1,22,68.41269252596894,0,20.9
82.15545655464811,3.7535767945263108,0,0,0,9,2197.311325327799,0,15.5
326.7718611957192,0.3915934944351382,0,0,0,17,262.275081809938,0,15.9
164.4514062514618,20.780185111053427,0,0,0,19,477.1275749173341,0,14.1
545.6977895450397,17.367395163619847,0,0,0,20,2405.7021246689696,0,18.2
87.9344569987356,7.071846581399744,0,0,0,11,1591.8593495527502,0,15.8
279.45851849621437,10.570466881010585,0,1,0,4,100.93257435202858,0,22.6
78.16535327518021,37.15096669114801,1,0,1,15,861.3861412017874,0,23.8
215.40440552430704,5.423972443287428,0,0,1,23,147.8359330485398,0,15.7
40.98478310843505,5.608256428055156,0,0,0,21,316.6059267228033,0,18.0
104.26260034595704,4.588500830475458,0,0,1,0,244.94966432309502,0,20.9
45.48456155817942,2.105147094154174,0,0,0,15,1070.2608979798881,0,18.6
448.768806338907,1.949650634042364,0,0,0,4,100.78857820141684,0,22.3
252.69914797351956,5.009791620592075,0,0,2,10,501.1382974692578,0,20.4
208.78071319505585,23.55011890013171,0,1,1,17,375.62748442642595,0,24.1
170.65641204597452,19.5279129604317,0,0,2,7,577.7027149468818,0,18.1
522.4548096145614,13.884308986631218,0,0,1,12,562.3224447544774,0,20.1
230.65064909545723,0.28143106263709594,0,1,2,8,831.2325339446777,0,13.5
197.43131158613457,0.3921234387554426,0,0,1,19,1989.157942589455,0,21.0
2709.1689393981515,1165.6857446110057,0,1,2,4,35.9761097106526,1,100.0
254.17317226556514,26.859313925061745,0,0,1,15,911.2095292855533,0,19.9
173.85598545652098,25.02607696543972,0,1,2,10,79.61909791839155,0,18.8
173.0005577853129,2.4476906123308795,0,0,0,14,281.91573777197743,0,19.9
282.0145149643415,23.0517285186612,0,0,0,9,2640.5758470122114,0,12.5
182.60376373202928,0.005105591089946843,1,0,0,18,1158.6792098091755,0,19.5
232.50043294962848,3.7299352819307576,0,0,1,5,325.44478051579074,0,25.4
314.97477896120427,5.936147361744843,0,0,0,15,553.5686143941772,0,19.9
143.99325554023125,17.367068235139445,0,0,1,13,528.9450990715343,0,17.6
74.16614136741528,25.900310884032432,0,0,1,5,525.9008874868697,0,20.7
193.13202525131496,9.176867211341039,0,0,0,13,1458.579651038564,0,16.2
158.08394449537116,2.5476250553121806,0,0,0,1,394.0177822586897,0,20.7
58.04413456327052,25.850419529995932,0,0,0,21,511.2569916793979,0,11.7
384.2032365883966,4.3346786724168975,0,0,3,10,2497.841259442226,0,18.5
352.9381566783203,0.7402259511639526,0,0,0,14,186.46490761710473,0,19.2
55.95717085156409,7.632532437049955,1,0,2,19,77.95537983925533,0,24.3
160.93298709113293,6.3014763736315675,0,0,1,20,764.7472023839698,0,22.3
160.6042520119965,9.451144137365949,0,1,1,15,303.6382684559494,0,25.6
216.29778708201985,18.256798063738167,0,0,0,10,1144.9814535937958,0,16.2
170.8952324777678,2.127288455763194,0,0,0,20,231.3243119544695,0,16.5
183.04166249438626,3.827531257043891,0,0,0,3,828.7967747315403,0,20.7
659.8280416124676,0.15409044083122775,0,0,2,4,496.9659100050244,0,16.9
235.41925909119823,15.422490501247712,0,0,1,7,675.7605246706793,0,20.5
373.59465240901574,3.917663335224357,0,0,0,16,263.8572172146139,0,20.4
194.417386963733,3.8189581182933683,0,0,0,10,882.793990246332,0,21.6
199.80242376138176,21.32972237029989,0,0,0,1,151.29568920062118,0,15.8
223.22696832727323,1.9566886331750883,0,0,2,4,1285.3209535446288,0,19.4
159.37110565232916,11.771830968259358,0,0,1,11,314.84634380573937,0,22.3
137.46510602667394,0.590485046190231,0,0,1,6,1689.0647689091377,0,25.4
19.937192874374457,4.7122465602287775,0,0,0,6,625.9386113259123,0,24.0
263.5910873771478,1.0557588728722334,0,0,0,13,463.098481064288,0,21.4
258.6388254957953,28.793884454099096,1,1,2,11,3394.1589593833696,0,18.6
65.628851871925,9.77573276808314,0,0,0,17,625.1989542414258,0,16.8
417.05091841306904,13.03625019294613,0,0,0,17,140.6007165773526,0,15.6
101.81041224666069,0.7833830913389946,0,0,1,22,207.68917426463514,0,22.3
42.34612763671891,14.484832689083536,0,0,0,23,279.99003885859895,0,11.9
240.6659797199072,11.276859574901621,0,0,0,18,102.8650512655625,0,13.8
306.6211435572701,7.255769806043529,0,1,0,23,1244.9470743460463,0,14.8
211.61984163111924,6.076696135656764,0,1,1,7,271.35267976089017,0,19.7
2851.9087440446165,544.8772529696862,1,0,2,23,42.15612155788427,1,99.7
157.5470823826694,8.13902479670316,1,0,0,11,1698.7957191398295,0,16.7
190.51252666145598,2.782917368373045,0,0,0,5,61.79177990920045,0,27.1
45.26708996824736,12.220687587145518,0,0,0,17,1393.279334741093,0,15.8
93.95136553672631,7.753846853450385,0,1,1,16,525.9618526451138,0,17.6
260.90682743676524,47.39987773069438,0,0,0,6,176.24419356126225,0,14.8
148.1427417103228,14.838986964198117,0,1,1,12,411.0424632913731,0,23.0
8157.983440188739,835.5886541353107,1,1,2,5,120.21602137892147,1,99.9
320.1615746097443,0.21770291290528257,0,0,2,0,882.4183383655408,0,14.0
77.82169473710454,1.1194673853803365,0,0,0,17,874.9642407925413,0,18.6
201.25261715091867,3.3616650353081132,0,0,2,16,459.02204899474566,0,22.2
511.5738351270114,7.092836441913528,0,0,0,17,403.7371087037414,0,23.2
139.13187964643768,1.5114363711565189,0,1,0,1,220.61883389800028,0,15.4
213.20151793287678,0.47322516788459124,0,0,0,19,129.07558791932388,0,15.9
46.96697278766763,15.367678777422485,0,0,1,7,811.7010229360333,0,21.2
22.46099783743326,11.244454925790636,1,0,1,9,1490.6722824793853,0,21.9
218.27386126103892,21.03201771985943,0,0,0,1,184.88411592729037,0,15.6
109.4333131150851,10.19655545070267,0,0,0,9,910.881623355087,0,15.5
92.88984527102785,3.0544775143559537,0,0,2,5,474.63593298426593,0,19.1
204.4470779650134,35.91791199882143,0,0,1,7,431.43713352924436,0,25.1
703.6092602025445,12.346739616737628,0,0,0,6,273.4427613550874,0,14.4
342.0045268855631,1.5332961183935543,0,0,1,17,342.79039906685057,0,23.3
140.07418774950838,12.224010972169449,0,0,1,19,572.2777934550161,0,16.6
443.18651732181473,52.91641298990617,0,0,2,19,76.138224212309,0,18.5
257.16115778163777,1.87587598187605,0,0,1,5,134.0835618141687,1,23.3
199.69306682173146,1.5806883443201194,0,0,1,19,200.97142670780127,0,21.9
414.3963661864295,10.354345612674017,0,0,0,22,934.1334150098662,0,17.0
85.17800712470228,4.555529572821449,0,0,0,3,364.65740541470825,0,18.7
169.28767289569655,0.35714676824284897,0,0,0,23,51.509035601959226,0,18.2
181.66186000447425,8.296603584749997,0,0,0,9,1040.2052001532734,0,19.3
267.39928599689523,2.6381037864581076,0,0,1,18,764.5720591262589,0,22.5
189.26600932641549,9.435650041959596,0,0,1,5,78.0533878386203,0,22.1
253.93981067639731,0.6466180007909457,0,0,0,15,264.74100700878796,0,17.8
637.8348970567298,10.711857927662955,0,1,1,4,1200.683488934305,0,25.5
214.12901715428214,13.707283446647736,0,0,0,16,469.68326447085303,0,15.0
150.72007847652807,6.208300209400865,0,0,1,5,209.58785696319848,0,24.8
120.35886631730314,14.835833412206135,0,0,1,2,1362.4222575004783,0,19.6
140.63485788491778,7.233934968363948,0,0,2,0,320.2675192678313,0,16.7
131.44614436466696,2.15567318992521,0,0,1,10,517.8097641110487,0,20.7
281.98986307237925,1.5729167757023408,0,0,0,9,99.69320297751827,0,21.2
328.4313798968215,6.720385789720314,0,0,0,21,234.52435510280992,0,16.8
248.63558087270317,4.296016975765784,0,0,2,1,239.62383915693985,0,19.3
452.94805287659824,12.72604483491272,0,0,1,17,460.7029718676859,0,20.4
134.29368851194755,2.113277850466975,0,0,0,19,1853.3608112496227,0,15.7
114.83817550012968,8.191132638929641,0,0,0,6,401.02769072152506,0,17.4
537.646219037772,14.263054704119044,0,0,0,21,474.19946258247506,0,14.1
504.22660384569963,1.0252041657019766,0,0,1,15,1084.7056215242292,0,29.1
267.2288278525651,22.114771621457486,0,1,0,15,162.10999356424253,0,16.3
282.1624273441349,2.4516845996244796,1,0,2,0,535.809729023296,0,10.7
206.54524798416148,0.8135581195048618,0,0,0,9,48.50207482275369,0,23.7
274.86242053443243,4.044661373716679,0,0,0,1,206.3245355712307,0,18.9
493.2929994314629,14.289467884511597,0,0,1,7,113.17701174953746,0,20.9
188.6483575249817,6.135430246488759,0,0,1,0,336.0752447511946,0,22.5
20.9644931168508,4.843576785346178,0,0,2,2,95.63321810023797,0,22.1
141.42400846247773,8.214134474539854,0,0,2,5,118.51507391090357,1,20.8
160.32703878912332,35.642023103688025,0,0,1,5,719.477042534296,0,25.5
638.8182666109487,11.668195420236506,0,0,0,21,343.97949528823835,0,13.0
96.51554984027324,2.9824357964394967,0,1,1,8,194.1966140173803,0,17.6
105.93840720011603,21.250181042631915,0,0,0,0,547.2487851568956,0,15.2
185.24072041126436,2.4633593140041916,0,0,1,23,248.59998723463238,0,19.3
119.62768716765325,5.1975123288903955,0,0,0,14,308.4643532310135,0,19.8
94.43808466317897,17.461797974045133,0,0,0,10,769.3182110310714,0,14.2
80.25321313665823,8.55256061168646,1,0,1,22,2132.6595523344417,0,15.7
50.348177542996055,18.078071148667274,0,0,1,15,355.99261934454705,0,20.1
68.85600434763793,5.009877038458447,0,0,1,7,366.81789893511205,0,22.6
245.3481821774123,8.62759185959926,1,0,1,0,664.1736223164953,0,15.5
169.30228979234974,4.018422887855086,0,0,0,10,588.9941443095837,0,21.1
56.13214835416357,6.507127423055441,0,0,0,2,391.0546389076634,0,18.7
205.90900308499891,18.07167452316604,0,0,1,13,1836.717122516374,0,19.6
131.35280739091456,48.52859611833946,0,0,1,8,1041.8001980908766,0,20.2
614.924015971732,17.815097777031074,0,1,0,10,467.18530867531274,0,16.6
124.7314251220088,2.7232208699572156,0,0,0,14,45.31452715628581,0,25.4
129.832690624394,21.629781590640558,0,1,1,23,711.9262346500607,0,20.7
305.5986253969533,5.147049700221587,0,0,1,16,53.18536558877118,0,26.2
204.48634003077237,7.668540923373737,0,0,0,21,608.7450364473846,0,14.9
8118.417705932061,1102.664234292063,1,0,4,20,255.86205970442478,1,99.7
356.39377273223744,7.5550331907710815,1,0,0,11,191.64721079099274,0,22.1
121.97068360118128,6.963329342324498,0,0,1,17,1737.8990278271206,0,21.9
443.6431533828505,22.038268501538155,0,0,2,23,1474.728744885773,0,13.0
532.153158097818,2.5754091506588197,0,0,0,7,75.61790378553401,0,27.4
272.3681065092241,2.2805115388321022,0,0,0,9,2960.5072945924626,0,15.3
285.3095966003119,4.001341276968109,0,0,0,9,663.9782193837809,0,21.7
554.3622687340284,2.4611319721910796,0,0,1,18,703.0022129995765,0,23.8
197.5487466927052,7.494698406121707,0,0,1,16,2549.2961865780135,0,18.0
137.34085019272712,8.53984513920307,0,0,0,13,1015.8916004166067,0,18.3
119.46359985573591,6.228079711856955,0,0,1,20,449.6014096151514,0,19.9
107.43254121392559,4.182140193173642,0,0,1,9,1703.8155280043939,0,22.9
364.1622156479991,16.867099261060496,0,0,0,14,337.8003594369899,0,18.3
353.275645156052,16.724202467936557,0,0,2,23,218.59368393044767,0,11.6
265.1853123204873,27.822335931274853,0,1,0,5,311.547691657815,0,21.4
330.5341755469235,3.0951148071885863,0,0,0,21,623.8080669647131,0,18.4
2110.9834647602156,343.1243465404901,0,1,4,12,113.47266965994122,1,99.8
295.2705261598904,0.9456994744432016,0,0,1,2,890.1993898711268,0,23.3
298.0506243342657,21.45814853630539,0,1,0,0,216.87305576248835,0,22.1
334.75525534555544,6.9449322637896085,0,1,0,10,42.595977344683746,0,23.2
290.64520134862903,24.728856825891324,0,0,2,16,1213.281957353708,0,18.4
4682.17631376427,1037.8815462965492,0,1,5,8,2.2208764271567802,1,100.0
143.33849302740046,17.50795977892351,0,0,1,6,1405.1868837168563,0,21.8
487.9965535465282,14.276392670245503,0,0,0,19,224.37741135248206,1,15.3
88.58200005280507,8.359940773325803,0,0,1,19,1657.7808331768597,0,18.7
554.0542127070753,22.9173007062804,0,1,3,5,786.6698090117206,0,28.1
310.8942410083377,18.8016583105421,0,0,0,5,116.44729171074418,0,19.0
58.406709291502985,4.53697249544448,0,0,1,22,95.59589672183108,0,25.5
1648.7367617256843,393.7495374035252,0,1,0,21,185.84218519618386,0,97.4
35.19332083616839,40.59847603200842,0,0,1,23,316.56765346518955,0,17.2
165.74810842857786,20.972073489236593,0,0,0,12,695.6974448183214,0,16.0
123.67432183947129,4.840824930412987,0,0,0,19,2489.390052022756,0,14.4
75.55227502466,7.113560772710678,0,1,0,11,291.99091680642493,0,17.0
220.41328808689192,8.256980411772485,0,1,1,12,593.9642390876377,0,21.1
16.421995813568437,6.03065314296891,0,0,1,4,2049.34706913293,0,22.3
350.1946087285674,23.811882595676465,0,0,0,2,1468.1033524941615,0,17.9
214.46327592646185,4.075130396805606,0,0,0,3,152.2171026350835,0,19.0
294.01347629175996,2.5767364297244706,0,0,0,20,140.14933253549015,0,16.4
54.580897991347356,4.408193873160923,0,0,0,6,304.9551023139979,0,20.1
386.957867594549,11.085244931527157,0,0,1,7,648.6131811715039,0,23.7
632.1040027691006,2.569085171119709,0,0,0,5,159.36664611682644,0,23.5
186.99864602784922,0.3600319209607551,0,1,1,21,218.96670702225293,0,18.3
184.45039543739026,3.7695556810538027,0,0,0,10,175.95586765430735,0,20.3
349.41911599006,10.058647025078118,0,0,1,7,2754.3082259622793,0,20.4
116.76577653540896,1.767744822232618,0,0,0,22,848.347676428438,0,16.9
89.92818235742556,3.3019910078045323,0,1,0,15,58.57503782780466,0,14.6
245.61095480165656,5.4433915161846205,0,0,1,14,606.5303996742238,0,21.8
840.8368025868551,1.5949166937751784,0,0,0,1,2526.8272917271047,0,17.3
254.5318759082384,8.225700287527642,0,0,0,4,493.86300577995917,0,18.9
35.53416466687385,1.5660314672667563,0,0,0,22,765.7459910178588,1,17.2
212.3109125411538,72.57772691560243,0,0,0,16,431.93254167718374,0,14.3
86.2670783083913,22.41104074032637,0,0,0,13,876.699808302154,0,14.6
412.4934936933242,0.9497476348417383,0,0,0,6,269.21688279136663,0,19.7
145.8836699043,15.5695698260721,0,0,0,9,1200.155034447635,0,14.3
418.7689760809973,2.5087178952539837,0,0,0,4,271.57588518245745,0,20.4
86.49991359664385,13.37170322201019,0,0,0,4,1591.3155785823383,0,11.3
245.35694978295183,4.203173672282183,0,0,1,22,778.9019232837484,0,21.1
88.8241261592719,5.310579653859209,0,0,1,22,1008.0845657128629,0,18.6
496.33390099393847,11.207463384672714,0,0,0,13,201.09951728372155,0,17.2
95.00746730094778,8.317831383514942,0,0,1,22,1468.8928924879858,0,17.0
77.67166602255685,7.440699468736433,0,1,1,11,1467.267288228972,0,19.2
382.1609330371401,0.840569956638117,0,0,0,14,564.5401433770053,0,22.2
282.33178493259226,4.878474875282266,0,0,0,8,729.9083052041449,0,21.4
305.85393750842326,11.262837416329413,0,0,1,4,151.00946145476573,0,23.1
183.11994646959658,46.643515162883034,0,0,1,1,3478.162992909817,0,21.2
460.1376383326223,1.8793218827929565,0,0,2,21,371.2179246929658,0,16.5
171.11209164616812,0.1695278288281943,0,0,1,23,1275.0775265870454,0,18.6
229.38501952563024,2.383699576206109,0,0,0,18,1220.6493969325259,0,19.4
213.9981997653933,2.387014233124114,0,0,1,21,495.8705297095944,0,20.1
165.45253715734285,23.540356387668446,0,0,2,2,100.32585267637431,0,18.6
194.3029785595103,10.828872686257855,0,1,0,7,3005.0266072417285,0,15.8
107.89713459644484,8.249942893350035,1,0,0,22,156.2084999158958,0,13.0
95.43103174668782,1.3755572928984192,0,1,0,2,136.4572226749806,1,15.1
240.57022954692667,16.30050409386755,0,0,1,2,194.85429656223465,0,22.9
136.96336569684,8.365279805998844,0,0,0,6,104.91421727513962,0,17.5
214.21766024421788,25.496170181242846,0,0,4,8,1177.4715505887589,0,17.5
212.09998632608603,5.026669947672264,0,0,1,20,224.08769999704379,0,21.1
81.1409680979383,3.775045780207334,0,0,0,0,2522.5761069636815,0,14.7
103.93871272469633,19.039894031491148,1,1,0,3,33.031177960812414,0,21.1
58.69741702438615,5.755689337099087,0,0,0,10,76.1881481527823,0,25.1
342.7950970534622,33.1311713069859,0,0,1,21,656.7189487808671,0,20.3
193.8297818339267,11.820840593343405,0,0,0,14,829.7306394992514,0,15.9
260.89462953549514,1.1286981602555797,0,0,2,19,439.8252492152776,0,17.5
673.2931712886525,8.314862543327001,0,0,0,2,524.0650790267692,0,18.8
226.88203774495713,5.102678463800388,0,1,1,18,1047.1646779431,0,17.7
252.23254254398896,7.644660560154615,0,0,0,15,1505.1908432183047,0,16.7
257.80679465943814,14.29710465119114,0,0,0,7,1190.8945667059966,0,15.7
216.98428424601335,7.313546506924781,0,0,0,12,504.88631175602353,0,19.9
47.4751583190426,6.947687551527739,0,0,2,18,1145.1970733198207,0,18.0
122.99822534961326,4.231103412961713,0,0,1,19,172.5643071116094,0,22.1
12.79507053236917,10.847264915506031,0,1,0,9,775.5184536253616,0,24.3
522.368822484648,22.373157377278666,0,0,0,23,456.0911412010602,0,12.2
333.4167253502737,2.3999339442435677,0,0,0,15,703.512699013759,0,19.8
179.36757635795198,16.687936868850407,0,0,1,14,549.9911846040072,0,18.8
119.8734508782718,7.71134261052932,0,0,1,21,1095.593682168597,0,17.4
144.94878693461698,1.22974492334671,0,0,2,4,89.39907067658991,0,21.9
363.0456550488369,2.8569126726119696,0,0,1,4,712.4082961617005,0,25.6
31.824659646284694,1.2236120671779653,0,0,0,12,249.0991542378319,0,18.5
61.57451630397412,9.697011265210149,0,0,0,22,2223.7100549686656,0,11.7
332.71007878108304,8.695525766641428,0,0,2,15,2996.799421684273,0,19.5
115.84516159640319,11.633085162729301,0,0,2,8,1068.4227293653307,0,18.7
189.0333163140819,12.45137024572297,0,0,0,22,194.25134460718604,0,11.0
148.10319530357756,11.221558925584135,0,0,0,2,66.21625648671792,0,19.2
326.2738100562696,14.441750558551025,1,0,0,10,86.6210824967902,0,20.1
186.72297164624155,8.366660642123387,0,0,0,14,233.1905467608083,0,18.2
292.85937063648953,13.879142802498192,0,0,0,10,258.3020792099939,0,15.1
454.4529618775418,17.514379399721278,0,0,0,2,83.51004410947439,0,21.6
113.91723621268822,12.44786140155501,0,0,1,11,127.74510731176278,0,19.2
309.40918297283724,9.414666076820685,1,0,1,16,225.31038693540106,0,19.0
176.53164224168668,22.37380421167005,0,0,1,15,557.8752640220245,0,18.2
79.09962379283387,6.334921900482416,0,0,0,6,548.1401583507228,0,17.1
137.80608515728923,23.490592728206938,0,0,0,20,261.0581261122053,0,11.9
378.93142503997973,3.3694718513106183,0,0,1,1,897.1303229045053,0,24.8
475.8239438826746,6.906500842251318,0,0,1,13,267.7806980634048,0,25.0
648.1198460281275,36.75348919158699,0,1,1,9,2369.625205174249,0,21.7
60.77201282179145,5.4451490451871365,0,1,1,17,606.22766013412,0,14.6
331.9911732339666,1.7348126291558807,0,0,0,9,614.8337377740412,0,20.4
106.17400843706223,1.7566519170310186,0,1,1,19,218.46399818863256,0,15.7
398.9684737085476,6.085625828812441,1,0,1,11,203.07125082989492,0,23.3
75.54739841900619,3.0252611350027157,0,0,0,10,707.4740310825856,0,20.1
160.0579331520343,3.284628923787785,0,0,0,20,175.93473250000002,0,17.9
114.22104488241636,25.99117507041847,0,1,0,22,386.722061208013,0,13.1
112.1067295292609,16.182130959916492,0,0,0,17,218.99565486963436,0,13.9
57.97680247434295,18.615020026772417,0,0,0,5,235.79753445900243,0,14.8
382.73543986672735,4.791723000568894,0,0,0,4,2797.8256582835406,0,18.5
19.530484773944305,15.1814242281245,0,0,1,13,125.5917907191511,0,22.9
106.8853133774377,2.13985220523446,0,0,0,17,781.9547351755748,0,18.6
321.38194831109485,2.8278757768045786,0,1,0,23,1231.651444984203,0,13.0
334.27841560912054,7.9033010785612134,0,0,0,19,93.7483206336913,0,19.5
317.43888341929585,10.253020206774096,0,1,1,21,1275.0608527143406,0,23.4
210.67733873704066,2.955443318486624,0,0,1,4,2253.047612409701,0,21.5
157.49829806420794,17.03269305934002,0,0,0,18,506.55704362441395,0,14.5
319.30948014325526,1.8072815541562661,0,0,0,21,184.42874445837683,0,15.9
6829.483065799679,308.95297767088545,1,0,3,7,41.89530809157202,1,100.0
42.11918486834899,3.9735822138596686,0,0,0,1,111.78956940822891,0,20.7
145.44908378714425,3.0981782264527276,0,0,0,11,994.2412520327495,0,21.7
3154.293829859714,336.6001779424832,0,1,1,5,294.1417204711849,1,99.3
203.182663333566,2.4203414517442985,0,0,0,2,547.0790777463674,0,19.6
371.28196843600176,2.699684655223314,0,1,0,8,190.37577372746873,0,17.3
75.18715657099415,3.0083427151617212,0,0,1,23,1154.8955238327937,0,16.7
402.4637371050695,41.11042013905964,0,1,0,0,341.6772088292708,1,25.0
98.25522099221612,5.4848003151045495,0,1,1,23,586.6603389885228,0,15.2
73.06842661778629,4.046916771209918,0,0,1,18,622.9690184401594,0,20.4
188.69488311721102,1.6204036603333603,0,0,0,11,862.9025456864892,0,22.8
488.2261775794618,33.08727327151635,0,1,0,7,2038.8548930121772,0,19.2
193.7368574032494,7.3953123725886085,0,0,0,11,439.26961956199005,0,20.6
3814.5199281458777,511.74313868569266,0,1,0,14,210.4588388719277,1,98.2
1252.6317151865233,401.201571640718,1,0,1,13,377.96597905861023,1,95.0
184.5939435412007,23.404465341983304,0,0,1,13,771.464361430176,0,19.2
237.71741882587344,12.223799319584597,0,0,0,11,126.32301263681303,0,14.6
66.28070494269107,1.3038724826207833,0,0,0,16,367.5477676823721,0,17.8
461.8057158316974,3.5504980273344464,0,0,2,15,1522.9086069422667,0,21.8
41.70216550402547,4.874205042179711,0,0,0,10,1479.4276503511073,0,21.4
272.38986754319313,23.632979535944845,0,0,0,0,575.9700362565685,0,19.1
153.41297705146653,20.414049766806862,0,0,0,9,1207.9621926390182,0,14.9
235.8964684235661,5.844311513346029,0,0,1,2,88.9269059279863,0,22.1
112.92315432322754,26.12214858628375,0,0,1,9,832.5364516951059,0,19.7
453.47055458499864,5.725392122693459,1,0,1,22,740.0162123825882,0,15.5
304.5898224561078,20.563837297899326,0,0,1,7,296.57877732094056,0,22.4
166.63794523031402,3.9562247388930554,0,0,1,12,946.6689860604787,0,25.0
407.065930755561,3.0844959130362533,0,0,0,1,258.93067876722944,0,20.3
163.0842608092426,1.959568226054797,1,1,0,14,722.1794487052235,0,18.5
281.62925590154845,4.285718826500379,0,0,1,17,129.91940511690674,0,22.5
226.88272698485383,2.071403656496855,0,0,0,11,460.2095740473385,0,21.4
84.53638841400374,2.029747323252786,0,0,0,23,279.82002870961196,0,14.2
170.5961154061947,8.942781529925615,0,0,1,2,154.4997185794215,0,24.2
174.4417312560893,14.898657146142888,0,0,0,17,723.8443416298505,1,15.6
229.67663147074663,9.644013616519864,0,1,0,12,86.68368968996293,0,20.2
35.11022668838459,18.97037424228077,0,0,0,0,343.24801913255243,0,21.9
173.93816303541055,21.36342541895059,0,0,1,10,312.2750532830119,0,21.5
79.76248927682771,25.478233469440543,0,0,0,22,47.72279595532315,0,14.3
379.4841777676253,0.382893621282958,0,1,0,4,696.2079024446273,0,17.0
92.48079801054291,1.4492930466322753,0,0,0,18,264.33739975387516,0,16.1
243.45160516560514,2.650036995685563,0,0,0,9,779.9980110502429,0,21.8
229.7315236716709,1.1069209537643954,0,0,1,17,207.69449556358754,0,21.5
398.0750553474178,2.959351707889049,0,0,0,12,334.82696934483465,0,22.8
63.296911715587036,12.153252325936815,0,0,1,22,1655.260708319741,0,16.6
93.75347580749195,4.769454973133733,0,0,0,6,554.71648829002,0,18.7
194.4767989145596,5.513327656311479,0,0,1,14,410.2646776567133,0,23.7
159.57476008358034,3.6497586851367,0,0,1,19,35.419604177314305,0,27.5
429.4453287430433,18.07538971050695,0,0,2,16,1247.0616458514057,0,19.4
222.99451724952135,14.682165147693773,0,0,0,9,58.149410806836855,0,20.3
388.3566351477047,11.742356517764216,0,0,0,22,1100.3373560804525,0,16.5
195.14780293074577,4.947829642079122,0,0,0,17,93.41562678145377,0,20.3
122.17898135657836,6.280258813323157,0,1,2,1,851.4129123980629,0,14.1
262.421694752189,9.670273523927172,0,0,1,10,397.1920404442165,0,20.9
66.8656757775386,2.780549738540902,0,0,0,5,191.6868270965725,0,19.7
377.09138119652823,10.756423656606625,0,0,2,8,1150.9024668988673,0,21.7
197.16095286806726,0.5682965518179751,1,1,1,2,525.8612643452898,0,16.9
106.8154679927506,21.064954237924372,1,0,2,14,650.7552029721193,0,14.1
104.26243921910438,1.91196376114975,0,1,0,1,374.6293306631068,0,15.3
266.0247674283647,17.589525944273216,0,0,1,17,1006.4555257733903,0,20.3
145.78624554708668,11.793814210617152,0,0,1,16,1052.604480282023,0,19.4
97.72155107236856,4.952404997598554,0,0,1,20,2291.934894958767,0,18.5
354.00442265519945,4.489356651224037,0,0,1,11,1220.9429470584282,0,25.1
42.51876628205439,8.874968046075871,0,1,0,6,187.41051120723975,0,17.2
370.42761881965635,14.488546503677188,0,0,0,15,90.23842043577653,0,18.3
214.18423336715642,8.34711861310137,0,0,0,6,757.6073635042594,0,17.5
251.55059792836636,12.788342707471989,0,0,0,3,286.35043190889996,0,15.6
624.1767363034493,16.276102890082516,0,0,0,3,714.5254688064621,0,17.2
250.4590954592894,5.91582995574142,0,0,1,18,505.7077118362833,0,20.5
93.99122934881522,2.4364251603007054,0,0,0,8,31.508887987067375,0,29.8
385.4242967318741,12.404525907966262,0,0,0,9,4612.773662103621,0,15.8
81.71845695816312,1.4857427527814444,0,0,0,4,2555.58614655113,0,14.1
85.64127112065837,20.782119972489788,0,0,1,2,375.8402322570707,0,20.8
97.30331909723775,1.0927909496089239,0,0,0,4,449.7065059821295,0,19.0
225.0164211017895,6.1717399809181375,0,0,2,9,1364.0219931863835,0,21.8
208.32321237248047,3.0327444021726877,0,0,1,22,246.07645888214284,0,21.4
313.8669215081117,5.558054585270357,0,0,0,20,3989.6843745562064,0,16.8
15.724385380249904,52.207417912154966,0,0,0,8,888.5902121237355,0,21.3
161.68886395907458,9.775903340385181,0,1,1,11,109.62072321878799,0,25.7
159.69736250759772,22.4828616638581,0,0,0,16,1725.3708318531894,0,13.5
72.23044551500438,8.660595524037081,0,0,1,13,48.540733240678634,0,21.4
149.0790859724001,14.596501125072928,0,0,0,20,1065.0789180889549,0,15.1
160.19851733224766,5.878591998809891,0,0,0,17,86.24778968463366,0,21.0
247.13446969831892,28.67802404857984,0,1,0,15,293.8921432208796,0,17.1
281.5421522146309,10.019980884883529,0,0,0,8,1036.8688225615215,0,18.6
21.526141046507888,2.2289864704071776,0,0,0,7,39.54855067838197,0,23.0
336.7693944334098,9.154056621383072,1,0,2,19,168.39016912116696,0,15.9
5974.790196436845,2122.873875737863,1,0,2,5,14.585075897445034,1,99.9
310.65469749479735,1.0375419061380533,0,0,0,12,227.29682076845722,0,19.8
4790.540645733404,699.6328221494543,0,1,3,6,18.752363717669738,1,100.0
67.5942507879249,7.632679595681282,0,0,2,10,268.1643734419339,0,21.0
574.3045793536943,5.040023915333059,0,1,1,12,1004.5796578162661,0,18.8
238.58975571067276,33.362797724017476,0,0,1,10,156.36144980050355,0,21.4
318.7091176452295,8.076810900460712,0,0,1,18,755.5042061647669,0,22.2
530.3822873770081,2.7049030499949116,0,0,1,9,55.65763531574119,0,30.3
189.80350589695618,8.698586064993776,0,0,1,10,146.82245293868812,0,21.2
153.60402549977877,4.1221960314927255,0,0,0,1,2112.426972893569,0,16.2
112.88964760225751,2.0755465707703324,0,0,0,10,79.76361209965913,0,27.6
65.02485672938047,33.92101336449194,0,0,0,19,560.0525832505089,0,12.3
130.26639380866092,2.234380283027462,0,0,0,10,1545.8368206165203,0,17.8
309.4875969516214,19.216674807960395,1,0,0,9,879.6187917169547,0,19.1
261.10631509210873,13.498619170482982,0,1,0,19,659.0540814652047,0,18.9
160.42393738780163,8.714073470763315,0,0,0,15,1198.5605366766904,0,17.2
92.82206496182462,11.56214270272079,0,0,1,20,2233.068548399344,0,15.8
221.76937918025266,8.2988266809445,0,1,0,3,449.09332112810495,0,21.3
90.55150968727133,2.7246674843817402,1,0,0,2,3233.542810611505,0,12.0
223.07845727257245,2.186942420323626,0,0,1,5,2540.848288240286,0,20.5
409.6852501071991,19.197170060092017,0,0,0,20,409.2513861988591,0,16.3
192.25092005236957,16.800601922954577,0,0,0,1,884.8190859836357,0,16.0
848.0246947112045,1.5103661005615805,0,0,0,21,703.9157869142366,0,22.3
1945.855103791607,228.6601394704702,0,0,1,21,152.0913771720626,1,98.7
456.5307710468978,4.415587918259707,0,1,1,22,218.6975071098641,0,15.8
115.8947537478095,38.02379015116117,0,0,0,13,124.38325542153774,0,13.6
301.7131037654278,9.00593730135976,0,0,0,10,312.80447457101513,0,20.0
187.06663101176107,27.85930811640473,0,0,0,4,77.61469530730957,0,19.2
224.2054717841097,9.091549187941073,1,1,1,7,1056.2441736984167,0,20.4
242.46120528230307,2.107118509682356,0,0,0,20,830.660310294952,0,20.7
454.2838750126817,2.0855818808995332,0,1,2,18,81.42860882020261,0,17.6
180.87462679836497,10.946402836708712,0,0,0,11,84.23820391648135,0,18.6
289.6718415202306,7.046505098336117,0,0,1,18,999.2971606082172,0,22.8
102.55539968810596,18.286235173469628,0,0,2,2,524.0049548226511,0,15.1
256.17337465108295,6.909746390667084,0,0,0,14,318.000673173417,0,22.3
307.90654337261503,16.790787145971436,0,1,1,21,536.3250387328524,0,22.1
230.55751843320613,6.435981471524911,0,0,0,8,44.58680972893407,0,23.7
538.2054400988103,6.619723678869028,0,1,1,9,218.13970299705187,0,27.4
550.7343204429434,8.589983619573207,1,0,0,14,771.8011966594595,0,22.6
382.2598864905965,8.497535113979465,0,0,1,20,1055.6440155507912,0,26.3
35.34460970618569,4.68481891893582,0,0,1,12,1312.0825637771839,0,24.0
239.3641421487363,2.706112104313979,0,1,0,23,883.978701151557,0,11.9
196.36157101705513,3.2978364402469054,0,0,0,20,1403.262657034032,0,19.9
171.22883056736367,22.511464907178162,0,0,0,19,248.81085343115166,0,13.1
358.3048072918712,1.1066188953480003,0,0,1,21,2302.6217605370643,0,20.1
239.8225362225788,4.956973614918834,0,0,1,5,142.21307158522262,0,24.0
144.62764706429164,1.788318326772617,0,1,2,11,283.9434747861941,0,16.3
196.358691422628,0.04983127253084106,1,0,1,20,1890.9122023511406,0,26.5
520.5110453918791,23.773385502685443,0,0,1,14,838.0050473425017,0,21.6
84.76634658302895,40.525963801053905,0,0,3,10,432.8810692278,0,15.3
154.2956545882054,2.044876606461259,0,0,0,11,820.8275449701387,0,22.1
131.5928720671293,6.924797932500101,0,0,1,14,399.8880887386354,0,23.8
124.72676022009504,0.9627509847004915,0,0,1,0,200.43651146645996,0,21.0
338.74237494479394,4.417749145683745,0,0,0,22,66.92958145132607,0,24.7
145.08134423942295,0.42478421962678936,1,0,0,2,919.416369139025,0,15.0
189.92899359373976,20.006002200856393,0,1,0,9,1346.0281427258283,0,16.1
3736.3376456905917,195.75614844523977,1,1,3,8,5.492305839358011,1,99.9
123.1472499742524,16.528266460785822,0,0,2,19,1316.3697869729285,0,14.6
228.30079058227125,2.277397180573846,0,0,0,13,1236.556882606131,0,20.6
148.57746892764487,10.971014738922921,0,0,0,0,550.8905958114705,0,17.0
59.45679743368285,4.612285729937985,0,1,0,23,501.4923034442775,0,11.0
52.38645456419396,11.528544882462407,0,0,1,20,80.60532931953708,0,18.2
302.51961195589996,16.522625203885497,0,0,0,23,559.1963623443987,0,10.3
116.24705540444374,4.104723858838383,0,0,0,13,368.23957295356917,0,22.0
112.36680749648461,5.6224606411144595,0,0,1,12,178.79751394700006,0,23.4
363.99666797058376,12.235813606727003,0,0,0,20,1101.0464159877408,0,19.7
69.46161153103652,0.9318113732198116,0,0,0,1,893.1449846140349,0,17.7
446.3948240750052,10.417310989985483,1,0,0,3,72.93333295224454,0,28.3
120.92107287331814,2.4714914939761985,0,0,0,22,227.51746166850418,0,15.1
318.05836406204276,2.524139216041018,0,0,1,16,641.4438439684945,0,23.4
166.58776187160672,0.2845923107957548,0,0,0,12,690.0999395473776,0,19.9
697.355967354467,24.313344010545432,0,0,0,0,614.6515639238539,0,19.4
511.3432065256664,1.4523468663106964,0,0,1,9,576.6709202863036,0,26.1
157.64739711052303,2.5996872912221085,0,0,1,22,446.47958552047174,0,23.4
39.77272567853055,9.107616938206249,0,0,0,4,1152.4558318467216,0,17.3
267.8442761354553,33.50925188836312,0,0,1,19,723.1039553689981,0,20.5
185.25768812438204,15.30143938022625,1,0,0,14,224.8350043362971,0,20.1
21.872007040124632,6.29983897268335,0,0,0,20,388.64694551573416,0,22.0
528.638102434891,29.760292923726798,1,0,1,13,1470.2563892422136,0,21.4
155.31747569042665,4.178706846431876,0,0,0,3,195.33116463399782,0,20.8
120.59591619158857,33.10385906340405,0,0,0,0,1025.7016341501674,0,16.0
61.23997244297501,5.495606606636259,0,0,1,13,878.461819706005,0,21.2
60.50617093254471,8.83040200366645,0,0,1,10,248.41846559499456,0,21.5
125.39471294063192,6.1722032558352256,0,0,0,22,340.1646924148081,0,15.4
60.48709410787254,41.12083549395056,0,1,0,21,1051.1918390415708,0,18.4
208.07501671012406,5.483846068213763,0,0,1,2,446.50123444619567,0,22.7
78.65156379482785,1.3814860316108686,0,0,1,7,1114.9287922095584,0,22.1
213.83675515039548,4.310906777631853,0,0,1,4,858.7654684401621,0,25.0
270.50447729916436,3.2887881450508774,0,0,0,14,1377.3950885007862,0,20.8
73.66220609624766,1.0631153851088797,0,0,0,20,713.4124888265304,0,18.6
536.6309418202123,4.281900870926852,1,0,0,14,893.748584641265,0,24.2
277.4660823806676,8.76299347312879,0,0,0,5,404.28782939952384,0,19.0
253.52588068860777,23.18556773565687,0,0,1,19,329.87846090479184,0,18.7
272.3440839931245,0.5334963223406203,0,1,1,6,1268.7351530526591,0,20.9
380.8544471832839,6.26047525567076,0,1,2,3,677.2657376117779,0,15.7
213.16102383514993,10.61106044988116,0,0,1,21,3300.9504755072603,0,14.6
260.84967166329193,6.999756039654407,0,0,0,17,1321.0843132715906,0,20.2
159.89150399748576,13.544812365469255,0,0,1,19,284.2709608408879,0,19.8
149.42857632792524,13.656082324946444,0,0,1,9,527.7769963525897,0,18.6
130.83064416965254,5.76479283985185,0,0,0,14,2263.2606232313715,0,14.3
355.38726333509135,1.6484183429809176,0,0,3,18,240.30098118398155,0,15.2
273.9156041248595,3.3304965527373627,0,1,0,13,213.0985626036479,0,14.9
461.2314936235518,8.930911157642582,0,0,0,2,222.79545726380778,0,18.2
354.40183519845766,5.741944422402867,0,0,0,2,270.51455174451485,0,18.7
266.3932976202421,8.14384590343873,0,0,0,7,827.0032594827646,0,18.4
499.86440577586404,18.188138249829333,1,0,0,18,669.0476833854696,0,18.3
28.86395957626711,3.121519814543819,1,0,0,23,472.98025136758207,0,12.6
1138.3427002368387,217.51433707593068,1,0,5,14,18.055444479454835,1,99.4
131.79344293648384,1.6011315376511357,0,0,1,18,896.6074111416814,0,21.7
37.25908211037665,2.1379517805891037,0,0,0,21,1290.402982444742,0,15.9
525.5869764755925,0.5271864154498381,0,1,1,17,460.0006303467271,0,18.0
225.87258384709003,41.98180459253439,0,0,0,13,2043.039809833581,0,11.8
469.1295543264716,11.516332593812486,0,0,1,22,1314.566612730062,0,17.2
362.5559004459744,11.63437554226559,0,0,2,9,1183.332047010659,0,19.5
154.62215411723108,15.074814304522032,0,1,2,0,2172.4453788300893,0,17.3
277.99352445207893,6.800413829020931,0,0,0,14,1564.1088176048265,0,19.0
118.52933162944767,4.444606519649335,1,0,0,14,931.654165170339,0,20.0
3984.2301351109218,392.91221230226176,1,1,1,3,397.6040567283741,1,99.0
161.42838205176687,4.624182840745903,1,0,1,4,505.07732740740835,0,18.6
103.55270498111564,14.497918660476204,0,0,0,21,1774.1935804901148,0,10.8
179.6133998610714,4.063666135626543,0,0,3,9,1248.3558703762938,0,19.1
253.19114694694994,2.987600053987275,0,0,1,14,518.2733726005589,0,22.9
66.75156462451581,16.437441113075714,0,0,0,14,884.2379568533044,0,14.6
3671.3954197765715,633.1120769852183,1,1,8,0,67.38280576456044,1,100.0
664.7319637673845,1.3329133453955044,0,1,1,18,238.29111881202485,0,19.4
87.1241874140118,2.453818451875831,0,0,2,16,194.53880802563768,0,21.4
142.53753811839837,6.16440603941183,0,0,2,20,107.06248959089193,1,20.9
535.2002048686733,6.743675879150983,0,0,1,13,123.7318325073784,0,28.6
249.09546748578958,1.3251569620498067,0,0,0,22,935.9512328642147,0,19.3
219.61347368882437,14.02127600750348,0,0,0,12,536.847421831533,0,15.4
202.14337489113177,7.724402079777544,0,0,3,9,517.5295378052316,0,13.9
207.93104887283548,8.40063446399415,0,0,2,17,354.19870054934734,0,20.0
297.8557126509423,13.46036162100288,1,0,0,16,303.81990320174043,0,19.4
232.23002857472875,8.200410093608651,0,0,1,1,36.45757423642625,0,21.8
319.5265762348246,16.75040423762836,0,0,0,5,543.0416151319762,0,17.6
108.85369420677993,7.206294028604349,0,1,0,8,854.7647881755611,0,17.2
137.7718749448768,11.821194634126183,0,0,1,1,642.0850488275241,0,20.2
755.143102964433,8.367125962717475,1,0,1,10,1086.6598012530674,0,29.4
129.4007765703808,3.5381405523636227,0,0,0,5,355.1309605852298,0,21.5
489.6650679803767,5.747374923657325,0,0,1,19,801.7203646432805,0,25.3
616.5057857648496,12.119336204779778,1,1,0,21,89.68692647123078,0,30.4
153.03453649177973,17.093417871613415,0,0,0,23,503.8055970967988,0,10.9
160.85453954556746,2.5475242092217676,0,0,0,14,808.3683764369448,0,21.9
74.42738699756896,4.3725901548090675,0,0,0,22,65.06709686734837,0,22.3
5740.641389439232,181.31566883138103,1,1,3,22,46.49670132146737,1,99.9
161.04130868290548,2.4429007112256262,0,1,0,11,593.8217241345347,0,15.5
178.07550726243025,7.050537869128161,1,0,0,23,3378.198145656216,0,9.7
77.15302120676955,17.15450967496261,0,0,0,18,2924.168027786555,0,10.7
224.5754916201737,0.9368806689092242,0,0,1,8,408.7355000195756,0,24.2
187.05120567539058,5.481486250196372,0,1,0,18,766.7115802911044,0,14.8
136.42285147489528,1.1338223151845828,0,0,1,5,345.66620752744444,0,23.9
4226.9794756570145,797.0894113363373,1,1,3,23,159.45586346268456,1,100.0
389.35386940877527,5.054054523155823,0,0,1,14,858.2908287743543,0,26.2
169.8571013192154,6.301423803000413,0,0,0,9,1165.6036357152605,0,19.9
145.83006168172471,19.517291464031203,0,0,0,17,369.8603076978185,0,15.2
301.4113733067347,15.558692933925188,0,0,0,19,655.6143429896,0,16.8
219.52938353301815,1.4369607238468896,0,0,0,3,246.81027461313678,0,18.2
183.15328736923345,18.59931440434509,0,0,0,13,1381.8735423165456,0,14.5
131.53862522626966,1.8919042568343982,0,0,2,21,1039.833661549104,0,16.7
1072.8362585967209,77.62169913550323,1,1,3,5,60.55063743889761,1,93.6
279.5525819798629,8.39319211548338,0,0,0,8,1048.9566122057527,0,20.0
90.21076875138219,13.476984754797266,0,0,2,10,571.8934178055493,0,14.5
355.8647790027027,2.844837370983347,0,0,0,8,2294.7530625250893,0,17.0
121.39203495328069,0.784989732911694,0,0,1,16,2445.5321367471365,0,20.3
85.00044541417451,9.461099792589822,0,0,1,23,1338.923044345853,0,13.1
66.63952716265257,14.644514723098032,0,0,0,7,1801.4890639380935,0,11.6
245.02387728631493,53.220738845523535,0,0,2,15,450.74613003292376,0,17.9
50.55053830491115,18.105117549739916,0,1,0,18,234.92527847952982,0,12.1
123.52692419449686,9.239516423892617,0,0,1,13,2117.1384017123187,0,16.6
37.15697848104682,1.409848225735563,0,1,0,13,358.6303143806582,0,14.6
172.07078344766907,3.2856241751161925,0,1,1,5,1359.1754506546636,0,21.2
202.02072502348042,17.36638716328363,0,0,1,23,187.0793007958462,0,13.8
339.942529575357,4.9261468118274365,0,0,0,17,123.10209316381136,0,19.2
168.72599124948462,8.074985625663984,0,0,0,18,553.3624330516691,0,17.0
239.47000173617187,42.832622843837655,0,0,0,6,1332.6077758057047,0,13.4
85.94398792644347,2.139230450834733,0,0,1,4,944.9342533506308,0,21.5
366.9934689001556,1.896400084775451,0,0,0,6,222.31937264946933,0,19.4
323.9006413121277,4.122652098808657,0,0,0,20,440.15570564143525,0,20.4
215.54065551023828,15.95871028146725,0,0,1,0,430.11087379239467,0,23.8
151.79690672779307,9.815979103234072,0,0,0,5,86.65973342268472,0,19.3
171.3426972119016,21.005280581625467,0,0,0,8,404.23445106032165,0,16.3
160.7865694153032,10.388911843405538,1,0,0,8,74.46514172294106,0,18.8
650.17688715667,23.865620176776382,1,1,0,7,603.4894751923246,0,27.4
133.79979038723516,0.43843890378945544,0,0,1,7,76.47348007606064,0,26.4
280.9620114377585,7.594450957574659,0,0,0,14,78.67975020834953,0,19.8
226.54840412976355,7.629134198941637,0,0,0,10,1080.7634261079122,0,18.0
118.56568846800025,3.336796127899153,0,0,0,8,378.2120596658049,0,22.0
149.14392715583998,7.981469780064537,0,0,1,8,563.0093165733604,0,21.3
46.251762672918545,16.071205548564528,0,0,0,17,835.8916470953068,0,17.1
646.4792483682639,1.2202095533744213,0,1,0,22,676.1969483743702,0,13.3
117.68266028293733,1.3731663985324174,0,0,0,1,109.28630050771505,0,17.1
342.04381386793136,6.6357063026087175,0,0,0,13,239.4285345271062,0,21.6
70.07620990604859,38.63311924431993,0,0,0,12,32.62487989862024,0,27.1
5448.77378287035,408.02393818758196,0,1,3,3,148.6812151235854,1,100.0
200.40714239777841,6.3437190324010775,0,0,1,0,424.101897150226,0,22.5
145.8108710059841,0.37089690454166846,1,0,1,6,956.0102966363959,0,19.0
266.51388976271136,7.126071962323981,0,0,0,15,924.6782948764456,0,20.1
198.80643207335189,50.000873866291435,0,0,0,8,78.13619377688536,0,18.7
102.07083650149855,20.593341189671428,0,0,1,19,883.5679989440142,0,17.5
407.1489803406401,8.560256254158453,0,1,1,11,544.624820389183,0,20.5
213.46328343812715,2.7752701202928036,0,0,0,0,190.4837519299887,0,19.3
89.08859013854995,1.875810412245255,0,1,2,19,1219.9442152658487,0,11.8
394.81527862602474,3.9274980845561966,0,0,2,19,178.84467101823182,0,21.0
228.66231582690182,0.29851878186561465,0,0,1,6,1129.0122678941593,0,22.1
200.40704720230244,6.2758658540643,0,1,1,14,949.6326286677352,0,19.6
276.1440007633664,1.2444975519875803,0,0,0,18,1691.8089393568262,0,18.6
267.36602492334896,11.374861574882408,0,1,0,12,1261.196351049328,0,18.0
450.42717971383075,1.1682707085646054,0,0,0,13,335.0473139508389,0,21.4
252.086168206885,10.907107472359572,0,0,0,13,220.20321965963475,0,15.9
184.78656746964316,13.938952599876451,0,0,0,15,600.8224177353549,0,14.4
242.12308331328074,4.356258723809526,0,0,0,4,220.31284780077723,0,19.7
206.76132365121865,11.535254121554148,0,1,2,22,473.7993960195057,0,17.3
283.01578141017404,3.958457097478378,0,0,1,21,116.59592396350145,0,20.1
437.84863999107694,4.416066091233533,0,0,0,17,2315.6535637015627,0,17.8
540.6437782514613,0.30601094421560665,0,0,0,6,172.430335838787,0,22.8
68.36229584316293,12.731594775393706,0,0,1,12,232.7024017422184,0,18.8
513.2686464529462,10.14775545924144,0,0,2,15,95.57572094911028,0,23.3
17.380862791185454,4.887314810599455,0,1,0,18,98.46920200868259,0,14.7
88.86267418062916,2.009759221788603,0,0,1,15,698.7385882636086,0,20.0
338.68479096905867,2.9996566032213017,0,1,0,0,278.38182431077155,0,17.5
262.7446372942531,1.6324881685712576,0,0,0,9,385.24685473848785,0,21.2
66.26968734386794,16.417857759204384,0,0,2,4,606.1040378885428,0,16.5
315.41159676992567,4.130391200653273,1,0,0,21,547.4750008733093,0,14.5
169.87930825208335,4.150091683987428,0,0,2,9,631.6691063028686,0,22.1
25.10479347569515,0.24111419906367054,1,1,0,18,89.46444263522328,0,19.5
231.52586339101006,0.6649978397495236,0,0,1,10,447.45254563641174,0,21.2
283.9747384058819,6.90904889371566,0,0,0,22,1746.8721142136728,0,16.3
46.59629673508222,10.676275779752988,0,0,0,0,1222.4223239666603,0,16.3
8556.88519293244,822.4485786417614,0,1,1,5,254.6982748776812,1,99.6
138.60345071538654,9.43815686937339,0,0,0,21,230.22474013123966,0,12.5
63.57573069540504,16.808474521434245,1,0,2,4,956.4074161152191,0,17.0
114.2930770500196,3.0713086431749375,0,0,2,21,285.3715246077303,0,20.0
616.7554645030916,25.579183853141306,0,0,1,20,771.9609420084128,0,21.6
280.1781400363462,0.35256556984080095,0,0,2,20,222.5142448595809,0,15.5
187.49031421242344,1.4637318583956322,0,0,2,11,1086.8453229320323,0,21.0
60.06510934439922,12.356450948420285,0,0,1,22,660.2788605254661,0,15.4
170.4230760601302,4.552685089876399,0,0,0,5,450.8019661364168,0,20.4
473.6245692324463,10.648699318939322,0,0,1,8,191.77345718588498,0,20.3
326.5687653888739,8.027202086186001,0,0,0,12,333.64746273091845,0,20.8
51.85613989321189,6.354384686464915,0,0,1,7,105.60966925332664,0,25.9
155.88025388483504,0.9961659946155659,0,0,0,16,392.4480599896342,0,20.3
121.22538840316362,11.805046820446394,0,0,1,4,59.74453431390178,0,20.9
25.758847882689462,8.297740894608614,1,0,2,8,269.22738402901126,0,18.1
141.44853095970652,4.785454882877924,0,1,0,23,2478.959370989857,0,12.7
18.33762043113679,21.87070938559826,0,0,1,23,70.021085686433,0,18.2
61.39306147100694,2.858989509225606,0,1,1,16,1354.730887237211,0,15.9
213.71668754719784,0.11831939578028051,0,0,0,20,726.3906715537687,0,19.5
44.415440229356875,4.89797176146771,0,0,1,6,916.507889802466,0,26.8
646.7048051613183,3.4625774232268927,0,0,0,13,905.3614898616352,0,22.8
217.57392447585318,15.113218668530243,0,0,0,23,1582.5995374615616,0,9.7
155.6665871790187,1.8728797627912641,0,0,0,21,158.0950067436538,0,16.1
58.54028916168499,37.52619036949099,0,0,0,4,275.7487134481489,0,15.0
78.10711891154826,9.103854445526382,0,0,1,22,300.0389438952672,1,17.9
30.292955420063915,9.784456439052946,1,0,1,18,282.5675798819723,0,17.0
464.9013573494184,7.333684970876163,0,0,1,0,387.3286553086686,0,23.6
309.84296108292864,5.837083665361698,0,1,2,18,226.35687073954682,0,16.8
211.57112482476603,8.094805537222339,0,0,0,17,534.5082842307959,0,17.5
50.02651106795501,3.57019003434084,0,1,0,14,1021.8221351156358,0,14.3
556.7911546035672,6.73573787100169,0,0,0,4,143.92130005469892,0,22.4
102.17077364099876,6.448103429525803,0,0,1,20,607.1813675238602,0,18.6
272.11328392071755,18.454687591695876,0,1,1,15,277.2396248201244,0,23.1
146.55217431235607,2.5657807725265385,0,0,0,0,368.3091816246006,0,19.6
413.87771984679324,15.515074929503987,0,0,1,12,47.17331243814887,0,19.5
198.8088807324873,7.581546654585722,0,0,0,9,268.07715976477004,0,17.1
238.89082658604835,8.303834719491155,0,0,2,2,71.91142235989886,0,18.9
47.82363467263064,6.5912506045350545,0,0,0,9,1185.4954366018753,0,19.7
174.67283132283623,27.265447094960376,0,0,1,10,405.21739378372797,0,20.6
117.45200579664267,6.023105782575328,0,0,0,0,239.55142649450545,0,16.3
114.76749109275386,2.418684410940389,0,0,0,12,854.0033508190293,0,20.9
30.62992310110922,10.659940283083941,0,0,0,1,192.04767941094636,0,16.5
151.00454976396307,0.36940907036867776,1,0,1,22,402.9886016597996,0,18.8
214.92952664612417,3.1495102502992927,0,0,0,19,1660.5253286825819,0,19.1
345.1577500648498,13.755755622326918,0,1,0,23,342.1225910377487,0,14.5
140.6755791359258,21.235645887373664,0,0,1,17,1298.632824064639,0,19.5
89.11819198309358,3.40095070374512,0,0,0,5,45.99397705628719,0,27.9
197.42411884260065,5.5774012215843305,0,0,0,9,1372.204183509493,0,19.2
96.76108991953559,14.701448432094482,0,0,1,20,298.7569289311659,0,17.2
415.35288609246516,10.69585319629957,0,1,0,20,129.6238606426815,0,18.6
140.89626918717428,3.277514056037238,0,0,0,0,379.35459174501426,0,19.9
144.3133353814994,5.560836516830497,0,0,0,16,76.22169083797755,0,21.6
74.99397581686019,3.0999338952802487,0,0,0,4,437.0819643930968,0,19.6
327.26776461128236,1.6996492330748418,0,0,0,15,537.8222077353871,0,18.9
64.57128708552027,8.142069226187486,0,0,1,4,39.87772152776151,0,22.4
214.75978483876776,3.859974570971402,0,0,0,2,805.757301191358,0,20.9
212.9547807606602,18.220023561544643,0,0,2,23,477.3367244256102,0,10.4
119.87093367081074,3.501045461770745,0,0,0,15,298.6984427516007,0,19.7
380.23951521723654,3.9638402346540187,1,0,0,3,1152.078151488365,0,24.0
66.2656081833198,8.424443227956527,0,0,1,1,841.4812155855615,0,19.9
461.254773328387,13.35875623326001,0,1,0,15,283.82014275005116,0,16.7
102.94276037975798,2.1087514480029563,0,0,0,5,37.355114000140766,0,26.7
47.325633445192665,10.832251795610851,0,0,0,18,759.3352681180298,0,15.8
116.85207473325569,23.09086885799183,0,0,1,17,383.90492947468584,0,18.3
141.5099993694237,0.32477503632056093,0,0,1,6,160.22530030044157,0,20.8
285.61663011820207,9.800879578356835,0,0,2,11,340.2138453085911,0,18.7
241.93290852694474,3.2025232288883,0,0,0,18,118.42945492647728,0,16.8
133.7151083635541,3.783944457965796,0,1,0,6,192.38129647992974,0,15.1
169.33042473890444,4.765060274504287,0,0,1,8,1103.170644187203,0,26.9
254.7199829661882,59.82124151837432,0,0,0,8,127.56765170415304,0,15.6
459.86158818994033,3.9106502557346854,0,0,0,15,994.8466125462871,1,22.4
118.57477575905527,6.300552761255154,0,1,0,14,295.19366866317284,0,16.8
315.0442304434499,7.79690819299048,0,0,0,23,90.06333010720488,0,13.6
241.64680835011947,3.959367257222496,0,0,0,9,198.46382430866373,0,20.2
165.59847899074825,3.194079316074471,0,0,0,9,1138.0076585827499,0,22.4
53.33176316377629,15.118182977042313,0,1,1,16,873.7719906808558,0,20.3
1140.2441196267487,472.03410905614265,1,1,3,15,244.88394158562414,1,99.7
226.76908204794978,6.988781686975512,0,0,2,19,1417.6240906377482,0,21.0
62.134202172748815,10.491808003273755,0,0,1,3,1911.395904750979,0,19.4
399.05850205653934,1.437978134096836,0,0,0,3,1175.9007886132697,0,22.4
315.53957774972304,6.549330246169139,0,0,1,18,447.87699486974407,0,24.7
119.64091072630562,4.858026472380791,0,0,0,21,752.6923195248002,0,17.8
209.62719696032653,11.610704812809386,0,0,0,8,167.28449728399187,0,14.7
265.6642684379386,0.4044197443327176,0,0,1,23,1399.6139885620737,0,16.9
356.8527955548855,18.10145854743565,0,0,1,23,2539.7309808892132,0,13.2
624.7416597047694,17.43595321570749,0,1,1,4,1792.4291210097651,1,25.3
264.50424539652545,21.745370830260956,0,1,1,5,844.7592862360455,0,26.8
138.61869577493044,9.087806868989881,0,0,0,16,1201.6515229888334,0,15.8
257.5202199013904,11.81850212822372,1,0,2,3,163.44810908913902,0,18.8
403.82548379791587,10.13353681234584,0,1,0,15,1068.8067758664197,0,19.7
341.72027146171274,1.4507736867887677,0,0,0,21,409.82029762857405,0,18.0
224.60690630029924,4.060931788263278,0,0,0,1,379.8961659361567,0,20.5
2623.6179771191423,1658.3637430957936,1,0,4,8,98.47727960678425,1,99.9
156.07203621381527,3.7880194242359084,0,1,0,14,33.38991093384317,0,24.8
191.27230739131653,0.31554881758520814,0,0,0,1,314.5906141939126,0,17.2
18.122387507462467,3.4325547139719856,0,0,0,0,140.86379661773293,0,18.5
590.0673162122408,0.10011322745472699,0,0,0,15,295.0344582171607,0,19.2
506.54979866278205,1.4431908196855483,1,0,0,13,239.44288212495985,0,29.2
381.81179811092244,5.336715677374151,0,0,1,12,925.0723690509949,0,25.5
5753.266227869099,696.5693486929105,0,0,2,14,143.99316866478156,1,99.5
82.2677549979179,7.234512585187368,0,0,0,8,1958.628772139002,0,15.6
408.06105223099564,23.8709691646403,0,0,1,18,113.46758112485779,0,19.1
418.70133489077,14.84393799002298,0,1,0,10,336.17615980309984,0,19.0
60.79390085452154,1.8836638783920452,0,1,0,15,202.12642939991818,0,11.7
137.80806251150585,2.550661231326521,0,0,2,2,2913.3492151854825,0,15.7
354.30819345503613,4.420035120530793,0,0,0,22,212.37324080596932,0,16.2
87.69986202278238,3.064997799847012,0,0,0,9,1485.925097708413,0,18.1
56.97968845038956,3.9874085038571607,0,0,1,17,357.64630131049887,0,22.6
186.08309248937783,13.1119327327602,0,0,0,1,1071.9673614365156,0,15.2
176.18529674421887,22.41794081490089,0,1,0,13,878.6016791047746,0,16.0
191.99805291472293,6.482209476598522,0,0,0,11,1567.4052525841314,0,17.6
194.96109755456283,10.125293311953767,1,0,1,10,168.65814658326042,0,18.4
314.0062211087744,49.06222863323179,1,0,0,15,96.09651634852484,0,30.8
251.34466086130166,3.600899838445125,0,0,2,19,1078.3759401393208,0,23.7
83.83169414499329,16.111000347476228,0,0,0,9,1330.2038243958732,0,13.5
180.74766785000662,31.33448878101379,0,0,0,18,596.1697478002554,0,12.8
349.3557529422263,2.4063486109930725,0,0,0,2,376.8244652361068,0,20.7
200.7932942171692,19.569200836461306,0,1,2,23,224.4531437286206,0,14.5
437.2138898139225,0.9384333117543613,0,0,0,21,459.13013966685287,0,19.3
553.0845731469352,4.2801236954254485,1,1,1,4,2142.59560855548,0,23.6
170.26461006794807,13.838716520251124,0,0,2,19,717.1822219042914,0,15.6
131.5022865462241,20.871516395955496,0,0,0,21,292.54305469682436,0,11.9
78.21947926448368,0.3618937671328547,0,0,1,14,588.7305981332279,0,18.5
226.81609050124462,12.458240380572768,0,0,1,11,823.36531164043,0,20.2
188.6364593258432,18.76693553097929,0,0,1,16,1518.8932430824761,0,21.0
154.41201629072557,7.391164570737763,0,0,0,8,239.47378832737945,0,19.8
227.10604251767248,3.698582924174425,0,0,1,15,843.4077573516755,0,24.0
344.0747498005135,11.429925433457267,0,1,0,20,55.549792852231434,0,17.6
229.4978226739855,43.03982660021593,0,1,2,15,98.62558730595508,0,23.8
212.14991081620624,18.035244048360642,1,0,0,15,785.1866549550208,0,20.3
110.98371668898582,1.7372702172069547,0,1,1,0,1148.402263927181,0,17.9
193.31348552880755,17.297790394093727,0,0,0,3,904.613472429744,0,15.4
357.7543030075176,7.185073608089623,0,0,0,0,1220.1603935577377,0,24.1
295.47972972106913,3.820181641666208,0,0,0,19,248.74607681972338,0,18.8
372.28224217703934,36.04392508688018,0,0,0,0,855.0511875038462,0,21.8
33.42149042395246,18.375675840413372,0,0,1,10,1252.1502782725702,0,20.7
201.14031939674987,4.004075070335025,0,1,0,7,102.54808723340922,0,16.0
363.2866975828491,16.60042566172404,0,0,0,5,38.37276394176862,0,31.0
342.57648209098573,4.188440696562337,0,0,2,4,276.2018254105455,0,21.6
630.4242578789365,13.458006686522557,0,0,0,8,851.7594471546963,0,17.6
234.0980082022348,2.6451548539310337,0,0,1,23,995.1254526632229,0,16.6
293.7786141395627,2.5379504844095946,0,0,0,1,556.9052535804343,0,19.5
182.02537989552883,3.518398288063808,0,0,0,18,191.28119961530166,0,17.8
272.75362948188945,1.438422841105901,0,0,0,3,963.1797347069745,0,20.8
179.55385782569886,2.100507208814338,0,0,1,16,2190.0040499705274,0,20.0
78.18973328926423,7.2631824929447095,0,0,2,3,1284.6179802070767,0,18.0
251.55299352378464,1.3366638845748198,0,0,0,3,834.4241629607021,0,21.3
225.12610786971467,1.7973137839315059,1,0,0,22,1123.733253696901,0,14.8
90.37252932098778,15.43759767509564,0,0,1,23,582.1193312443525,0,11.2
148.17281964240635,2.314852750924067,0,0,2,23,181.69186889738685,0,20.8
287.8983167121373,4.110666385714632,0,0,0,5,530.0875376678465,0,21.3
8663.635714601623,1049.492299680993,0,0,5,0,404.71487778880345,1,99.8
250.09841765442323,0.2046257299445558,0,0,1,21,58.288262598764746,0,20.2
209.28418263079217,16.155247135288604,0,0,1,15,147.40288934340532,0,19.0
39.44894801146806,1.4984019216803244,0,0,0,11,627.122590054093,0,22.0
586.219907761545,14.998736866536793,0,0,2,12,1930.8848323510608,0,20.9
61.175737383116505,6.702540937815028,0,0,1,0,316.179588257682,1,22.0
45.095929395084426,5.730507321280123,0,0,0,19,1178.355673010075,0,17.7
670.1155573058859,24.817268706592216,0,0,0,4,166.6644274600231,0,15.9
423.19130022719884,6.538477532650116,0,0,0,19,390.247011527959,0,21.7
297.7996281206051,7.476905990918053,0,0,2,12,246.2348132541116,0,20.5
437.2014109164237,12.784424146758546,0,0,0,0,632.7359370828465,0,20.3
396.32535007405795,19.330435460502976,0,0,0,8,108.33030555976946,0,20.9
700.7268224717167,13.01175529091656,1,0,0,16,401.4909589465185,0,19.4
162.51138318823095,13.482584505355112,0,0,0,12,802.2327394653431,0,15.9
47.573290471677495,34.345550340719456,0,0,0,19,46.342680406183874,0,17.1
264.21914267005525,3.291109467793431,0,0,0,18,168.5542496477889,0,17.6
188.7654333043356,5.638454909541817,0,1,0,8,1459.416749537837,0,15.1
222.78139068075077,1.2829663336457344,0,0,2,14,1392.0619078895734,0,20.1
326.6260990616593,6.799473918756568,0,0,2,3,435.70459818770007,0,19.2
348.4888887532099,29.19633777503181,0,0,0,11,1021.3832224253796,0,18.6
269.8364003502405,15.413047574043212,0,0,0,2,176.16087992529418,0,15.5
350.0070516975261,1.6150322881707209,0,0,1,4,202.1106129555002,0,24.0
77.47853928355354,3.1215180924445183,0,0,0,23,35.94143129168589,0,17.4
167.93626251959506,4.36969593892808,0,0,0,13,424.8050647479074,0,22.5
452.5625765845478,11.293614417066307,0,0,1,3,424.15975266488067,0,21.8
230.8859233929336,4.156210779929026,1,0,0,13,594.4514533681805,0,17.9
157.64922676277638,16.702259924287603,0,0,0,15,1011.4075713292605,0,15.6
112.2327589690531,9.876717906445696,0,0,1,3,906.4446276608464,0,19.5
240.228509863861,5.457908809105714,0,1,0,9,33.771462697411245,0,28.9
552.6754662302061,15.304688351787078,0,0,1,21,1568.3008012765301,0,19.0
91.24606772925407,6.436697306195701,0,0,0,17,49.236327467539006,0,21.4
170.41314062410854,8.235745586990465,0,0,1,9,516.3162863208858,0,21.0
151.03760004031517,3.635565870172098,0,0,1,9,408.99647962127653,0,24.5
127.74035218499625,17.068609164610656,0,0,0,14,596.5894113259725,0,14.4
402.6962385568638,17.56013311185968,0,0,0,6,424.5933813691776,0,17.2
245.4945679966796,5.27007707761673,1,0,0,16,844.3361473168618,0,19.9
169.14290523087945,5.569263924045828,0,0,1,2,158.822498356941,0,24.4
339.9177024022036,10.428568943860224,0,0,1,2,2560.2365231333824,0,21.7
98.73464096408581,13.456132314070425,0,0,2,7,103.20093720154351,0,17.8
121.99996119979025,1.0292173499720467,0,0,2,8,845.7309471217148,0,20.4
154.4668812634106,16.084979090009544,0,0,1,19,2267.1713193001005,0,17.5
52.06997831284993,4.887548278293149,0,0,0,4,256.6233050888322,0,19.0
216.1214424247767,2.30874164479606,0,0,0,9,35.82014722054931,0,30.9
209.13165283773344,8.858308036828772,0,0,0,22,207.51368296960948,0,12.7
215.27652953633097,3.1752334418361197,0,0,2,10,286.42864634539967,0,24.0
340.1220583393777,7.341576624880129,0,0,1,12,373.7001928289159,0,24.7
286.3292490139492,13.78973320269445,0,0,1,12,620.7429708637655,0,19.6
83.96386999125833,9.806568638082618,1,0,0,10,545.1843764290911,0,19.4
298.945423827154,1.8779963453647273,0,0,0,12,322.69440086496087,0,20.6
270.2081100646443,18.328097783164978,0,0,0,12,1983.336876733816,0,13.5
305.7927267023373,12.098740350890916,0,0,1,21,1305.499617655082,0,19.1
135.64744481858563,21.53017136586322,1,0,1,12,83.1510647488211,0,28.9
394.894550539135,6.453145453611611,0,0,0,16,958.8843127242429,0,23.9
274.28184697591723,4.569562653006115,0,1,0,17,1243.864268886425,0,14.9
275.15468907325624,7.022675328818782,0,1,1,0,487.30192052579685,0,27.1
350.6022164076224,421.80541764903467,1,1,8,11,223.78650255349962,1,76.7
216.8756208682461,4.0147159351936486,0,0,1,15,910.5602095570438,0,24.2
276.0792406343715,6.326410478734272,0,1,0,15,1087.0567227902125,0,17.8
3988.178351611943,7.7168892309462604,1,1,0,4,11.441350790570981,1,41.3
181.04714885777292,3.5605916800988124,0,1,0,18,564.7943123371573,0,13.3
155.01682812520062,7.607812566144934,0,0,0,3,260.5764927639233,0,18.0
147.06309003995523,34.21479508424158,0,1,1,13,265.1947410322689,0,22.4
734.9273634840144,6.336211485465488,0,0,0,23,222.05788069482463,0,13.8
97.10352945874064,13.991010489570243,0,0,0,8,347.563811040318,0,14.5
25.940973046599325,18.630899201241533,0,0,2,16,480.7541962632706,0,21.7
99.05421903744462,9.155794122592905,0,0,1,13,213.37620113152852,0,20.1
115.78838031955357,14.776559954364131,0,0,1,15,631.5387329396314,0,16.8
158.51570933952965,6.204790219452322,0,0,0,1,1560.5953447833697,0,17.2
435.3028819046932,6.328460599326751,0,0,0,3,390.6115888296752,0,21.7
249.31019465053427,24.89081975735788,0,0,1,4,345.2345421421456,0,23.8
558.0889643369693,6.830419926388814,0,0,0,13,1009.2468332600481,0,23.7
198.62481433871247,7.864064207539533,0,1,0,1,586.7000885965546,0,20.6
367.78870833400407,5.931939036921762,1,0,2,11,644.2208127475394,0,15.1
152.58968555333288,2.3028358154689292,1,1,0,6,266.48691192454993,0,17.0
61.42153818634252,2.636004450778626,0,0,0,9,206.2937161832079,0,19.6
157.2688409527426,16.661089856804175,0,0,0,15,319.5933790397331,0,16.4
176.5247552634223,11.154506730178635,0,0,1,7,850.9303980637685,0,22.4
200.28118145448678,3.1175002884837872,0,0,0,7,1228.787818229131,0,20.4
540.7601506053286,9.610541774704888,0,0,0,12,1026.451047592366,0,23.9
309.87137185508004,9.066972781608213,0,0,0,15,226.87683831759642,0,17.7
234.30751473103012,16.719654389598052,0,1,2,1,745.4678704581187,0,19.4
170.25201408397794,8.144669892200211,0,1,1,11,3077.9041450348113,0,20.4
464.71314906159614,14.724734709945036,0,0,1,2,170.42211635889552,0,21.7
328.01289415569903,0.41243774545223755,0,0,0,10,1347.1285723320912,0,18.0
158.99079291920168,18.712124452134162,0,0,0,6,1038.5240544049825,0,16.3
247.14479633014727,2.19369906861553,0,0,0,11,529.6504435222403,0,20.8
545.0143564045878,3.8731452351243107,0,0,1,13,245.2043747653367,0,31.0
286.35624255028455,4.278294606261936,0,0,1,1,505.29496360705093,0,22.4
273.005061222649,4.842179777815097,0,0,0,15,1452.0359619526494,0,18.4
168.189274124962,4.897219484499009,0,0,0,10,46.670997268160676,0,26.5
70.31455685833278,16.76883206111593,0,1,0,12,163.05455732550286,0,12.5
281.88143394976936,10.583759412626756,0,0,2,9,873.3813230025621,0,19.6
133.1901248528579,4.845944663470142,0,1,1,21,43.6882684201116,0,20.2
383.9314631031648,12.941879237440796,0,1,0,18,286.6082407030205,0,18.2
214.40121436405633,7.10564916065864,0,0,2,19,1162.179251999224,0,21.7
260.17693182677164,7.289225734764963,0,0,0,2,4124.42633659099,0,16.0
208.65802924618336,12.997303637992905,0,0,0,10,124.78142742744791,0,13.9
40.310722014314514,18.73388659077367,0,0,0,19,166.40778933969708,0,15.7
440.36427616335055,14.490958628476161,1,0,1,5,1121.6134881129285,0,21.5
84.42990317571741,7.186546007054162,0,0,0,0,436.6302250220279,0,17.1
444.92637675342576,41.21893506210211,0,0,1,4,999.0029485130999,0,23.1
301.18687632302203,0.22672850281268853,0,0,1,4,214.40302204054166,0,19.3
108.77392944652532,0.9904093760011099,0,0,0,4,802.9906725395098,0,20.3
292.521538556862,35.9862886594737,0,0,0,22,1309.4525703563731,0,13.6
137.90276659932707,11.902484769269389,0,0,0,14,196.3397031444564,0,14.2
169.01659845863938,3.5670208415643128,0,0,0,18,1733.1863227333272,0,18.3
221.69708363848423,11.872428734736218,0,0,1,17,1052.714455232212,0,20.7
272.8451707533214,5.53592626928687,0,0,1,21,2315.5285206527847,0,18.3
336.58039180057295,5.566471876134465,0,0,0,10,902.3122997087528,0,21.4
344.27519236736777,2.7270304479120764,0,0,1,2,377.22202529351904,0,23.8
83.79681113429055,14.383078274818237,0,1,0,19,355.0502944349861,0,11.5
150.0810679811167,2.214438603092966,1,0,0,4,236.86717424969623,0,21.4
323.8249141629753,15.223003673786517,1,0,0,6,1694.317864346376,0,17.0
51.56666564607407,4.7275459965977165,1,0,3,1,1441.7195249755719,0,18.0
90.31528743501626,13.273559015344231,0,0,0,13,492.84846017313146,0,14.3
138.6308541674123,16.14210462368203,0,0,0,8,368.840304744714,0,15.2
95.90353370472899,15.464582870632496,0,0,0,3,668.6139113246606,0,13.2
68.20828114208116,7.189661380190406,0,1,1,0,86.02419703068222,0,21.1
278.8614443140051,11.164444375537837,0,0,0,17,507.8128751770437,0,15.8
176.1935455237856,4.916294027021046,1,1,0,7,125.47241135998195,0,16.1
376.83798595312356,4.026110374317833,0,0,0,19,35.488651947359,0,25.5
96.56513110306959,0.6575519598854863,1,1,0,4,2535.079738648559,0,16.2
443.8925695354716,8.803179908494922,0,0,1,14,1564.8655662864792,0,23.4
69.14236704241786,10.672103194685873,0,0,0,12,309.83610088060857,0,15.9
58.699556179253015,7.00338190186661,0,0,0,21,398.3797005507397,0,15.7
289.2892574602701,9.597269340177899,0,0,1,7,457.4853437603637,0,22.2
441.4448590538931,5.851676209740643,0,0,0,1,899.0133075400003,0,22.8
191.13979286452386,10.571820269003924,0,1,0,9,312.88993457298295,0,21.0
289.7961655257069,9.900956074042323,0,0,1,11,393.05276472755503,0,21.0
182.00975335288186,12.88932404018606,0,0,0,9,443.73901842015675,0,15.3
272.1839807506705,16.32153471159115,0,0,0,10,545.5548199096166,0,15.9
28.18688911883398,20.350746419168644,0,0,0,21,495.6051266969207,0,14.3
404.53667501115353,0.696381298836233,0,1,0,18,829.159135285033,0,15.7
180.4375648998361,8.500955183275622,0,0,0,13,800.068883412331,0,18.3
95.797216286614,12.825650256444758,1,0,1,22,892.3375552843873,0,15.7
34.745230478064315,13.726254456876307,0,0,0,16,144.0601537938383,0,14.9
171.85420301467528,6.463166335238152,0,0,0,1,2136.5492593378485,0,14.1
285.398337437376,0.9102046599913064,0,0,0,23,790.6609479987123,0,17.2
133.48881871838293,23.78602202280949,0,0,0,3,220.9477068934881,0,13.4
184.94139467393964,12.814303511059263,0,0,0,15,939.925884930796,0,15.0
206.1803185779008,10.183383522991546,0,0,1,7,524.7614037840916,0,20.3
200.26608862718,1.6988248147723126,0,0,1,20,262.12417115372784,0,21.7
41.823010853508855,10.727467911272445,0,0,1,2,88.92953092428161,0,22.5
228.458578372502,10.069056062626077,0,1,1,9,1651.7241629100865,0,25.1
271.28745734543463,8.79429568757236,1,0,0,1,577.4412041250114,0,15.8
51.11319717723387,13.325808305496366,1,0,1,0,404.12713635231574,0,15.0
435.3237792363312,9.253539010680951,0,1,0,10,591.4201169761128,0,21.1
326.01162572393235,8.637279327085691,0,0,1,6,779.9163193510298,0,23.5
496.6236557019736,3.567325308941106,0,0,1,16,332.4644401079587,0,26.5
553.6613578581423,7.003284156890239,0,1,1,14,2346.3193333504714,1,16.3
245.61767488073042,23.85033841252643,0,0,2,5,2012.8131870677557,0,18.7
7428.075794310867,902.7640452493533,0,1,6,1,161.9283025409602,1,99.7
283.7459657137083,10.51276192093842,0,0,1,9,1474.574766394082,0,21.4
111.29637945108611,0.5548014664351913,1,0,2,13,934.1570183411623,0,14.9
581.7973763169806,4.040719914455487,0,0,0,6,254.69111442312413,0,21.9
31.841514337730228,7.290823493062776,0,0,0,20,2451.0281356355476,0,14.6
232.40106815272406,1.815659002600176,0,1,2,9,394.4186479843849,0,13.9
391.0619817185128,12.92481922285796,0,0,0,18,620.3999138640844,0,18.9
79.17741580301762,3.662765723659885,0,0,0,8,1287.952506672871,0,20.4
390.75229919543494,2.171882425526903,0,0,1,0,641.5144734850015,0,24.4
479.633138694396,8.387985816658567,0,0,0,20,245.75119435918862,0,18.5
169.41810011037293,0.21570146059718653,0,0,0,11,759.2472355540473,0,20.4
213.8915109723143,2.1105107022371437,0,0,1,4,241.85624026843112,1,24.2
66.98924791519973,0.39673499746705,0,0,0,1,206.18015412958064,0,14.3
276.6865884283873,1.6262395470736928,1,0,1,8,2231.062473722924,0,18.6
248.77438916711145,28.37736913371788,1,0,0,8,1874.0069796963658,0,17.0
5023.963273003646,537.7505736883918,1,1,2,5,53.98955165582637,1,100.0
127.94033067248331,17.57128160148808,0,0,2,10,124.99827159088521,0,18.4
173.05273767345,12.19814324536156,0,1,1,9,406.00988121531276,0,24.1
204.936533433219,16.48854585269451,0,0,0,3,210.68403545727264,0,15.0
240.71999594628096,3.6664554815403823,0,0,0,21,178.29760778189402,0,16.5
74.69515808125293,2.474396419434015,0,0,1,14,1155.3751255287284,0,21.6
38.92590054527294,6.368937974220615,0,0,1,10,75.93197053121239,0,28.7
150.22200413921888,2.911814089235772,0,0,1,20,95.23422085936376,0,25.6
376.86599167451965,1.6868764525831386,0,0,0,5,764.1655782605776,0,23.6
137.86176444625644,15.476686088899093,0,0,1,23,1423.4636525116016,0,13.1
287.80798997511505,8.219480315168662,1,0,0,3,912.4245400829457,0,17.6
150.33309704637267,1.3731459538682937,0,0,0,4,128.59471603056477,0,19.7
299.34757064752245,7.349127311261645,0,0,0,11,966.5345287803681,0,20.6
112.98402226050527,11.560453827654324,0,1,0,7,2296.721035160327,0,12.1
137.08791758407673,17.162549437646096,0,0,0,0,1073.8417434743442,0,16.3
334.71260816860433,5.7062295130015235,0,0,0,9,363.24962683330443,0,21.3
364.7445799922327,3.6048224228350083,0,0,0,15,170.22242937808514,0,19.7
383.52292157936836,14.564589070677497,1,0,0,21,272.06586242876267,0,15.8
314.14376659803605,9.627883452928709,0,0,0,0,445.7438899734024,0,22.1
250.04379184742982,8.251940467708545,0,0,0,14,2033.8001637914017,0,15.8
161.83166534778545,4.525771898051277,0,1,0,13,1982.1171678403568,0,13.7
330.6692873312686,5.827806360259944,0,0,3,0,230.58393013942444,0,14.3
426.007330589839,6.279754290687249,0,0,3,18,785.8885715504604,0,18.2
653.2602238379955,19.39591608630755,0,0,0,11,486.5760959607622,0,17.2
143.06292006250345,7.603442780684858,0,0,0,7,715.3595110883548,0,16.8
144.19625276354222,6.16655166595402,0,0,1,14,403.7123250701523,0,22.4
119.2341685198481,6.688892542542316,0,1,1,7,237.43692008101237,0,20.6
28.872954220598718,8.985642303629756,0,0,2,8,514.854792073256,0,20.7
184.72956177509747,9.003610256102347,0,0,1,13,128.54069739043433,0,20.7
5993.209133211454,292.2025916173595,1,1,2,4,2.3936287346956933,1,99.9
240.65444091899545,15.00053291457487,1,0,1,1,247.38081658574018,0,18.6
33.80566334383885,5.015852017669301,0,1,0,6,715.4316007318723,0,15.0
188.9124552702251,4.340620758408795,0,0,0,4,817.9766867496761,0,20.7
251.18878799078792,28.777739503680362,0,1,0,11,89.21489286313954,0,19.3
484.54806453044165,8.587510405810313,0,0,0,0,1439.7349908663186,0,21.4
145.5435936154225,13.37496589910684,0,0,3,13,70.75697779932744,0,14.9
222.28572024726233,15.314624225389405,0,1,1,4,96.72870496945495,0,24.9
20.570046486558823,1.57239067320065,0,0,0,6,286.4460574554632,0,17.8
296.10470826345403,6.507952635271595,0,0,1,18,326.95660797047674,0,22.0
88.7835832117929,4.611521693843425,1,0,0,16,419.4335941959042,0,17.6
469.34918574526296,0.3795162883984658,0,0,0,1,1939.7787003377618,0,14.7
1776.9330259790577,772.6241053460111,1,1,3,22,541.4099515182814,1,99.7
309.11544071958167,13.639644950655239,0,0,0,14,95.25287080931899,0,16.9
143.30141782424897,1.3712909716080455,1,1,1,15,324.7024292798052,0,15.9
5445.353169740331,570.9229210951963,1,0,4,5,42.21393285233678,1,100.0
255.67227909984635,16.468695907377054,0,0,0,19,168.19421412603444,0,15.0
170.733920655996,9.620047093674032,0,0,0,3,741.6047613841429,0,16.7
985.173930648673,11.969231041771767,0,0,0,13,829.1465410552664,0,19.2
205.27736963965071,3.2731166830808354,0,0,1,3,358.4060805391589,0,26.0
206.00883877067082,36.28364903132835,1,0,1,9,367.02714396370055,0,24.2
437.4801297942276,6.533239796354055,0,0,1,13,572.7587645121658,0,24.1
442.2649603386067,1.8901377800238117,0,0,1,3,190.307118531393,0,22.6
45.681327942914244,1.316608627992313,1,0,2,16,178.35594676865432,0,20.2
5063.383346668929,1252.91942038938,0,1,3,4,292.053224262233,1,99.9
210.52042493376177,3.4238634036020734,0,0,0,6,423.78492140115594,0,21.5
51.63642932436165,15.542801370856553,0,0,0,23,1906.5191214545907,0,10.4
614.9139174812709,6.295245819627402,0,0,0,1,294.75852659810573,0,19.9
226.944654079712,12.281245560057599,0,0,0,8,1959.336987479088,0,13.7
268.5112173007633,3.509997405362502,0,0,0,10,1293.242856607664,0,21.1
118.63693389996924,2.285095379919625,0,0,2,15,1153.545854469412,0,18.3
272.82027356225626,1.790918806768686,0,0,0,0,1243.3449422589163,0,21.2
276.0260044950767,11.39827190819995,0,0,1,16,461.37349075864023,0,20.1
318.18969986766126,8.385156614732276,0,0,0,23,1702.91140376366,0,12.9
80.73891361508915,10.720357825058718,0,0,0,20,1353.1729151171157,0,14.3
440.10832225246133,5.208863035436602,0,0,1,19,514.0393834793244,0,21.9
64.39104429502935,7.95784568382557,0,0,0,16,259.1947466698265,0,16.7
143.08604241725018,12.377588387442074,0,1,0,23,867.8622543168351,0,12.6
208.43752491019856,5.331876657650121,0,0,1,4,486.97722406274937,0,23.5
61.69883425673841,24.86586971171299,0,0,0,15,65.95873161689778,0,21.3
96.88825939243297,6.249819533587689,0,0,2,20,1936.9748978827386,0,18.8
180.04942580029353,9.60213281299817,0,0,0,1,51.12073931952398,0,17.7
23.95820865839633,9.319396881776292,0,1,0,14,423.90206355174377,0,21.3
231.02111148017994,7.81798904630307,0,0,0,19,156.20599610696934,0,15.6
28.10019684280157,3.009531401744206,0,0,2,4,925.6880973505971,0,21.7
216.18898720117517,1.7934184429276319,1,0,0,6,230.51589435047805,0,22.7
75.43855354761294,1.369380761625619,0,0,1,13,1356.2743481976872,0,21.6
359.90120079622227,19.94559423728169,0,1,1,16,787.5152759103235,0,24.4
57.333390681069716,9.87304568480405,0,0,0,17,61.73514804695665,0,20.5
189.00946052843258,17.639092635988263,0,0,0,22,42.61459898303863,0,15.4
370.82646181122436,11.306116531477919,0,0,0,22,40.93119413999558,0,18.1
298.3181582512455,8.373965366171836,0,0,1,22,621.5773219072763,0,16.9
423.7281461158352,17.300269315127036,0,0,0,19,657.0002738233067,0,17.9
58.511198653021424,23.542158508645105,1,0,0,11,62.57851926239632,0,36.7
195.9277800304356,11.973395295191269,0,0,2,4,872.5697346341367,0,19.9
210.57254343776626,3.784719560704605,0,0,2,22,144.06080992700316,0,20.0
76.73092362264663,6.024508502424861,0,0,0,21,279.5451197549474,0,14.1
302.9684209633846,12.487758158799664,0,0,0,1,171.63098699937737,0,15.6
372.89501555978495,0.4060790580738984,0,0,0,2,185.73664978065125,0,16.6
143.88982230394612,9.87967116253938,0,0,0,10,504.94515672010607,0,16.0
210.4763540484453,0.5586634914913001,1,0,0,12,112.5937865660798,0,23.3
185.0192749700705,0.28703135951849523,0,0,0,23,309.70052125640694,0,16.2
5214.783320494694,422.6013423171693,1,0,3,1,279.97995047507317,1,99.9
24.073299119981925,38.988975509296,0,0,1,1,145.82737466638392,0,26.2
132.64798113683617,15.85768178990045,0,0,0,14,1442.422943078915,0,12.6
76.96533397389989,0.13071398679201204,0,0,0,17,238.12692209243576,0,15.3
121.8752229272007,5.674063191266009,0,0,0,19,656.2894231505499,0,18.0
318.6880188965893,19.44371251749183,0,0,1,2,309.18168182912916,0,26.0
43.688078905836136,20.923531038211717,0,0,0,12,246.3294400137574,0,17.3
53.1191334403319,2.1560178306749753,0,0,0,6,2101.27835565358,0,14.4
84.41042147320584,4.008335051369387,0,0,0,18,4634.725618387972,0,15.0
108.60929407831324,12.15688957040593,0,0,2,20,107.0914414558653,0,14.4
353.6472166070172,2.6281490439545614,0,0,0,10,491.76004312801757,0,20.9
153.9863262916401,4.054231201620184,0,0,0,6,161.9467518515597,0,19.9
137.4904963231311,12.818944142001477,0,0,1,0,32.640894189834924,0,25.1
181.20864199856626,3.458367795103438,0,0,0,6,508.31751198622106,0,20.6
160.41412708942866,0.41373342268338037,1,0,1,15,218.29994574510343,0,19.6
622.8493813255081,3.286687575163761,0,0,0,6,55.512409515484464,0,24.7
323.2330953693092,9.882535868522679,0,0,0,13,3298.85405244904,0,15.5
118.06380481803389,0.6372342357384512,0,0,0,1,105.65833433060438,0,16.7
169.20244516108673,5.218782463872391,0,1,0,5,1093.0572415228798,0,17.1
137.76908681235858,28.872839397394532,0,0,0,10,1040.8722976742297,0,14.0
99.64003396234435,9.864080739156783,0,0,0,2,1059.4123451277792,0,14.8
103.09700350935793,3.320384445742577,0,0,0,18,239.31689634574101,0,16.6
309.3104748898309,4.274084276509914,0,1,1,1,620.4254582885115,0,22.1
294.5009825851312,18.08190006287842,1,1,1,6,43.42660359301679,0,21.7
69.32816681600288,1.7477036134305755,0,0,1,22,223.10679330807417,0,21.8
89.69550572591557,11.836541166278469,1,0,1,7,83.17519071039817,0,21.5
130.40434352093692,22.183794804466388,0,0,0,8,613.0859166260831,0,14.9
134.72717890280973,4.492558986230202,0,0,1,3,340.62397185764996,0,23.4
225.94908046134051,26.13882174184822,0,0,0,11,1025.2735065083598,0,14.7
22.4684419487781,14.200548664416111,0,0,0,11,258.5476169204922,0,18.6
377.9002057754802,9.592422735505759,0,0,0,21,125.14163909782121,1,16.3
128.53392185825007,32.9283287400668,0,0,2,18,34.17085907967149,0,18.6
242.2797134724299,16.33221298158305,0,1,1,0,1258.0161220717805,0,29.1
188.99401008309866,27.030038621877452,0,0,1,8,1073.0389330964751,0,22.9
684.3001596680028,16.51441871469338,0,0,0,1,560.8303652688014,0,16.1
121.0248067523541,5.869765628477427,0,0,2,11,504.9286175881355,1,18.1
70.32906456055625,4.396816627510761,0,0,0,21,615.426252220255,0,16.5
223.81087722437724,17.335148981169993,0,0,1,11,65.63189108677355,0,24.5
618.2018692032407,7.475059681051992,1,0,0,15,444.97451029506425,0,21.0
114.32496180388917,3.2983826425728795,0,0,0,23,1110.5907064290022,0,15.3
171.19028055476878,5.168681098835359,0,1,1,19,185.31864317170667,0,17.7
57.22000736125642,6.784268696882798,0,0,0,3,633.583638692758,0,18.3
66.90750089150829,11.071815040174561,0,0,0,7,1237.388755722031,0,14.2
88.53856264721446,19.99429830863363,0,0,0,2,101.05292361720718,0,15.6
43.82636456905008,27.96690833483706,0,0,1,6,106.51480635652358,0,25.1
74.3735128359733,15.506286841117065,0,0,0,11,279.021811503187,0,14.0
76.46147585574668,4.199847486096395,0,1,0,15,842.5807601891763,0,12.1
79.30012805824555,9.37140048040997,0,0,1,1,811.4837641497046,0,19.9
523.247970402134,50.839260351244924,0,0,0,14,857.8989219043037,0,18.6
183.31903705034483,0.7480305465421861,0,0,0,23,711.9271387422741,0,18.1
208.79883707615727,27.512402825690067,0,0,0,2,194.78753093751646,0,15.7
184.23399337789306,0.8899733126592643,0,0,0,12,163.1417295973918,0,20.0
1017.7261644884298,266.6079924423484,1,0,2,3,92.06734833504271,1,96.8
480.52836215074467,7.68528358660107,0,0,1,1,366.66123680248785,0,22.2
197.08688459825163,3.3457420807857576,0,1,0,20,798.3499322472607,0,13.9
252.462547460127,0.8363884766963419,0,0,0,14,846.397886404123,0,23.1
94.31102224531682,6.771952422753678,0,0,0,16,673.0665804994804,0,17.5
266.1363959642818,9.941915607224864,1,0,1,6,1554.6534928313718,0,21.4
112.52110957320632,1.0304817414866683,0,0,1,9,1284.7412973136372,0,22.9
456.30068489042515,1.1553236244479792,0,1,0,13,1479.468519300526,0,15.7
139.4983841231213,0.6348143453472451,0,0,0,2,347.5331848196084,0,18.6
386.05587907309496,7.9861118578418475,0,1,0,4,1943.095419925182,0,20.1
178.3184556948063,32.080088102125686,0,0,0,16,171.589924806586,0,13.3
202.9436581655195,6.7796894033334905,0,0,1,19,230.6732154719137,0,23.0
260.02185425081217,16.57809395204949,0,0,0,5,503.267800854533,0,16.1
79.36407399883245,5.424290329848177,0,0,1,13,433.1230043156832,0,21.2
60.093656924946515,7.898285199740786,0,0,0,13,434.55473732225863,0,20.2
162.63726465396294,7.38197030726159,0,0,0,21,668.4613022512722,0,16.0
79.71078837484215,25.369337191888157,0,0,0,11,421.46752802699336,0,14.0
104.80398724098058,9.669392701768714,0,0,0,8,421.43852405754376,0,16.8
87.30833437842456,3.7116804467098934,0,0,0,18,142.45971632978507,0,16.4
374.73763169485767,8.171980341143977,0,0,1,17,348.18279636886916,0,24.2
69.18320560172315,9.144204413763994,0,0,0,5,321.5930670431821,0,16.4
206.95209431082745,0.9301680489460661,0,0,1,15,160.74029251180906,0,21.4
218.03098869185663,10.279213674570258,0,0,1,13,95.04434284013129,0,19.4
52.469053346795356,11.882797037525522,0,1,1,18,1580.6722914245518,0,20.0
38.24529075175474,9.581828976657928,0,0,1,1,111.49045345464027,0,22.6
218.91815566045852,6.293635251319118,0,0,1,9,173.02415658219522,0,22.7
58.533495905553664,12.851773971791372,0,0,0,7,86.76407261190761,0,16.5
183.27431067904175,4.942656952644092,1,0,0,20,1159.859801102318,0,15.7
277.3189516813368,26.425979156106038,1,0,2,19,517.6003755397912,0,14.6
173.99047743899033,2.204903933255161,0,0,0,19,257.92260964315267,0,16.9
50.712960335566734,3.3948614523775134,0,1,0,17,698.4610955813203,0,12.9
116.77007937445822,30.97910588651943,0,0,0,6,1379.0488810099664,0,12.0
377.537498292746,9.59081760851565,0,0,2,8,1435.1954565184321,0,21.9
188.83418164693933,8.74132359926208,0,0,0,1,728.8722233159752,0,17.2
80.71235371872281,40.095197656535646,0,0,0,21,1887.7601782597726,0,11.9
416.38514327982085,6.1073412181927065,1,0,1,20,652.6536203658137,0,15.9
266.2811190637417,23.56058032409974,0,0,0,16,2821.2209368746644,0,12.7
341.6521622907536,21.285048028591003,0,1,1,18,1107.8426723632633,0,24.5
140.87548062318606,3.138968254351544,0,0,1,11,1994.0749383454533,0,22.5
53.7249570709632,4.451307179177426,1,0,1,18,269.4268819016264,0,18.3
209.725580229648,5.231188404806359,0,1,0,5,470.02256931192517,0,16.8
560.4734119357607,1.0716712123461472,0,0,0,16,271.79120182455887,0,19.3
120.80392732873773,29.47154254160044,0,0,0,2,624.179928930781,0,13.3
54.8129991293547,4.750728400583564,0,0,0,4,1427.7265812195362,0,16.8
222.09879381958868,31.12817739806717,0,0,0,21,1209.0319034375786,0,13.1
342.87662532543123,3.8864937331212372,0,0,2,23,256.69014797616614,0,15.5
183.96496080890535,1.1635054155103426,0,0,0,17,814.3591729857027,0,20.3
119.86263705931381,4.03598238234791,0,0,1,10,285.60817508466965,0,24.8
205.60867739219674,14.914157190708897,0,1,0,13,2544.985848588616,0,12.2
128.92480766684258,5.596391634535548,0,0,0,18,600.4472267160505,0,17.7
286.46206996990077,8.85371866835279,0,0,0,16,826.5002440491684,0,19.0
109.9346021144621,11.485523991940969,0,0,1,3,1333.502655502672,0,19.1
287.0471265071513,4.8593543915225546,0,1,0,1,250.44769732098428,0,19.7
81.6883510246957,14.486550394896886,0,0,0,0,2838.566757727395,0,11.0
30.37002064820945,8.990918115428322,0,0,1,12,329.67826988079986,0,22.4
289.73577851884164,4.1442037689714,0,1,1,15,662.1458166325776,0,17.1
206.27736726105368,17.808301618983137,1,0,1,1,68.68481724321785,0,21.6
365.18001336908685,9.556481928342313,1,0,0,10,260.55829983728574,0,22.4
68.31908209381452,15.359842790806496,0,0,0,20,294.9406362873053,0,12.6
246.20142742939643,28.04789219501615,0,1,1,5,594.5325993360887,0,27.4
604.0273595868115,13.294001405226021,0,0,2,21,174.75269803416353,0,16.4
411.2468184555998,12.515853752392578,0,0,4,13,54.551464543443835,0,23.5
49.519267351931646,25.679807566894773,0,0,1,3,418.4231315785651,0,24.2
27.484717502605086,6.249049188098212,0,0,1,1,706.3996058282504,0,23.6
37.73213601595069,10.545423697612424,0,0,1,18,152.65181189991603,0,17.5
396.40248886583595,15.186071411759345,0,0,0,17,903.4786614688188,0,20.8
70.27430114247443,27.068791235711863,0,1,0,12,390.01384731954437,0,12.9
325.0343233407139,1.3359608357097439,0,0,0,12,3713.664439202164,0,15.9
380.6327328421454,1.924143165643215,0,0,0,0,398.9468958869351,0,22.1
177.18169581274466,5.670636547692858,0,1,1,4,874.9754131142353,0,21.7
137.2583548072755,1.9045342244056251,1,0,0,7,351.5190250975838,0,20.4
86.80586318591978,23.2849253319244,0,0,0,12,612.646957635589,0,14.7
250.19661803271563,0.6224879486260161,0,0,1,7,374.82363365531467,0,22.2
192.9873325045339,3.5076003655377552,0,0,0,12,262.5420838964473,0,20.9
285.80687807349227,3.8554796887309055,0,0,1,11,752.5437951274498,0,23.3
133.38696589925377,5.195501770104867,0,0,1,11,40.004903004769645,0,29.8
231.89889387612027,0.7482436183061745,0,0,1,16,158.86787721226727,0,20.4
333.8613509401379,1.8923090030927228,0,1,0,9,770.6083360324045,0,16.8
71.42534710323291,3.495885224804421,0,0,1,13,438.6130173365736,0,22.3
152.863932645454,4.541415639336896,0,0,0,7,1015.3441545783054,0,21.1
323.28087795959055,13.585920446178672,0,0,0,17,1319.1537294215784,0,18.3
113.91513394186993,2.989506125590497,0,0,0,0,907.3442835499507,0,19.5
203.59898208860062,11.949936987715947,0,0,0,8,806.3965605553914,0,15.8
97.7200242429661,11.96700809448802,0,0,1,20,593.4918510221809,0,16.0
361.12667667025397,0.67639248572693,1,0,0,21,82.9422975788704,0,24.9
59.78562829359311,9.463324018572312,0,0,1,2,437.54544908531,0,21.2
120.01658742587709,10.035988148540493,0,0,0,1,856.5782558934733,0,15.0
120.68632639412252,7.235859964219392,0,1,0,11,732.9279607471925,0,18.0
348.23453390641026,35.14864765860326,1,0,0,3,1733.412614913168,0,19.4
52.80244854283158,5.301256524428145,0,0,0,6,903.3040955255423,0,18.8
2296.385718798703,270.55549026246354,1,0,3,2,108.62729917841563,1,99.8
238.98263170453677,3.728093668164436,0,0,0,21,258.4383883320571,0,17.1
219.39481469277814,9.524816366860623,0,1,2,13,893.7461924275243,0,21.3
648.0340843382947,41.8066945670318,0,0,2,21,1116.466844168641,0,17.4
219.94375079352434,0.21569200709767195,0,0,0,20,637.7205938561345,0,17.6
189.2612174931185,1.7044490384361117,0,0,0,7,161.0780785501413,0,18.3
112.28330518805727,7.057448357365138,0,0,0,9,843.4559018247336,0,19.5
136.02726444023725,11.27559560322457,0,0,0,4,2674.8389946645348,0,10.8
198.16197905605267,7.4289123584605115,0,1,0,21,1005.7215351783491,0,16.1
170.53984263903791,22.68663982222337,0,0,2,9,593.7427529461146,0,16.5
25.822916233683056,2.8780666393283845,0,0,1,9,63.310933833479034,0,32.9
66.02504334784656,8.638893986452484,0,0,1,18,96.41907879883607,0,18.9
119.53458009124947,1.73735241795765,0,0,0,8,1811.902068853588,0,17.7
418.4911319445262,11.552784374152477,0,0,0,2,686.6905547426834,0,18.0
308.5861807622783,12.327898108486346,0,0,0,19,343.37349246354586,1,16.6
131.40877976465643,2.3997846204935542,1,0,0,23,793.7272157617417,0,13.1
301.97719142419913,21.5020889693423,0,0,0,1,610.4402857641128,0,16.4
663.4659539524544,5.501579479135198,0,0,0,23,240.7083155220933,0,14.7
444.5640198112415,7.939273672514682,0,0,1,2,861.5890756949782,0,23.0
116.68247709925964,4.889300968795057,0,0,1,18,204.6523890172091,0,21.9
3314.3294393593483,115.58556249588517,1,1,6,0,22.073196604023114,1,99.2
227.5535103403039,10.624557508203994,0,1,0,23,787.0248884140624,0,15.0
329.65412256869274,1.3451277149247978,0,0,0,22,438.1206593095968,0,16.3
100.61959242448945,4.903407173529083,1,0,0,0,152.0482631521528,0,15.6
233.37563760068298,4.645836632435682,0,0,1,8,908.8333954768724,0,25.0
458.5870355801098,0.649520584055452,0,0,0,16,1631.9969848951885,0,20.4
222.8765896823952,6.627416127066086,0,0,0,10,56.983823651351315,0,24.1
684.8501857014008,7.283966937760016,0,0,1,16,294.12202104128016,0,25.7
125.52701341821559,25.13621629875896,0,0,1,14,776.022666379176,0,18.1
113.54267130525942,19.77534685736277,0,0,0,7,698.5601938294868,0,14.2
141.76275263360557,16.391524623217812,0,0,2,23,334.91478895040865,0,11.8
144.50642301703132,1.336624609108074,0,0,0,1,589.3812857936324,0,18.2
238.85427600236054,21.238008343728684,0,0,0,4,474.01725572427705,0,15.3
61.52591022988683,3.5886938332754856,0,0,0,21,55.70172410996899,0,19.7
201.3694847719043,3.0717995277351458,0,1,2,12,2206.8086101771073,0,13.9
720.4264094834141,7.455045862006702,0,0,1,21,1967.7510544792292,0,21.1
73.00375186880727,0.8752863742154303,0,0,2,22,1230.1693704133725,0,17.2
181.0503531651274,16.230766758368166,0,0,0,19,328.5109434498862,0,14.5
213.39460581856594,3.2707237969514718,0,0,0,23,1257.4758177049205,0,15.6
299.5558925868581,7.760436020347011,0,0,0,2,558.8316001836808,0,18.6
257.0572732290291,5.4702864844140535,0,1,1,13,208.20682529631543,0,17.4
114.28129907237708,3.0721156588010685,0,1,0,15,805.7261322760072,0,13.6
40.911093324195264,22.557921178367923,0,0,0,15,935.2210911706401,0,17.0
200.66166207535537,4.595869597616216,0,0,0,0,851.3410151411459,0,20.7
439.8879489893519,10.63510376748376,0,0,0,10,241.46202977276715,0,16.9
44.448115040935136,5.790410434766428,0,0,1,8,542.7592658286648,0,24.0
185.61244167219186,27.774151952435492,0,0,1,21,2819.5428612722294,0,17.6
94.25209046817486,7.002709021256081,0,1,1,12,106.26874921242181,0,20.8
64.80063209697336,12.809383177578887,0,0,1,5,129.75671538787202,0,21.3
132.19123209082898,1.2352290921950295,0,0,1,21,333.4951610538979,0,20.0
342.48642686641733,26.267935013795604,0,0,0,22,423.17987930443553,0,12.8
197.61314899564465,3.492922800744737,0,0,0,3,412.56840369125973,0,21.4
267.6772840164584,2.0974716766055708,0,0,0,3,1627.3742341421353,0,17.5
105.85560111011682,2.875949798466269,0,1,0,6,850.3397101957205,0,14.9
95.94410732809418,10.904845454615524,0,0,1,4,803.8232299228772,0,19.4
60.82187539572273,11.153669514886875,0,0,0,3,401.47394920100606,0,14.9
103.21157992348532,10.668849812510189,0,0,0,0,496.98692212621813,0,14.6
356.0175912132654,0.21099683761593896,0,1,1,19,711.1166861739584,0,15.2
77.43982715218512,10.17271892710498,0,0,0,5,4370.253065520479,0,12.0
673.6339359309401,15.412393070708145,0,1,0,8,827.1637311506014,0,17.3
143.94776035579676,26.03361435028441,0,0,2,17,54.391880345008516,0,21.4
42.48886307701376,5.184960901872466,0,0,1,14,1439.5681787701858,0,23.5
216.82645037140364,0.725856302378651,0,0,0,23,340.5349556354913,0,17.0
192.02685656226348,2.073760488425579,0,0,1,8,136.28351358393695,0,24.9
325.5603798457603,4.426222466746334,0,0,1,7,475.73815852493476,0,24.7
68.22668062389717,23.575972471539995,1,0,1,17,401.7210008604737,0,21.1
191.8877414176932,0.7393097215847636,0,0,0,19,180.84920207898793,0,19.0
41.999221557223265,6.600000368011013,0,0,0,5,80.49849086171739,0,23.8
141.3989298395651,5.145278824305776,1,0,3,22,548.747290556172,0,11.4
251.2871515953649,27.66754700219349,0,0,1,10,393.0177068065606,0,20.3
293.385397738184,2.991839183054456,0,1,1,9,1090.872649983532,0,18.6
72.1488517215551,2.8449955858607807,0,0,0,21,76.55755721119678,0,19.3
219.76393061735726,6.1738223430793955,1,0,0,18,1856.4678844335592,0,13.3
359.2671596706007,4.512816202173366,0,1,0,14,718.9101902111825,0,16.4
101.37478332671357,5.072197028627298,0,0,0,15,282.9770870548522,0,17.3
92.2231125972517,11.719814933287598,0,0,2,23,330.7462569527136,0,10.9
109.25273121111799,1.3716743389045984,1,0,1,21,506.93349387247616,0,15.0
152.66535455787434,17.334527924899515,0,0,2,0,1918.8234657710962,0,18.8
136.66642890912186,2.333804722731629,0,0,0,9,193.60187034757172,0,19.8
132.84456202328948,5.855076009678105,0,0,1,13,95.28678988820212,0,26.6
178.02393312936195,8.586262667352722,0,0,0,21,527.1396134997979,0,14.6
223.77452339328786,3.375386515336626,0,0,0,3,439.54996951776786,0,20.9
365.26274063801316,25.14111548221316,0,0,1,0,641.8383690189063,0,28.7
545.914220225279,3.1539165625006627,0,0,0,17,1547.5899998453294,0,22.1
143.31149859260734,4.46699932907693,0,0,2,23,3704.3316873376107,0,17.0
219.60512344407405,5.148542828188359,0,0,0,21,39.10643483512576,0,18.5
333.8985744874098,6.283435570334566,0,1,0,14,1409.5733019886131,0,16.5
164.0288305887031,13.855499680942943,1,0,0,9,1135.187872755172,0,17.7
56.86750877724106,0.12181163864811159,0,0,0,0,828.8033338284165,0,15.4
174.0655199924375,2.9763997792809254,0,0,0,8,848.0385905707637,0,22.3
330.26784212531055,11.67676922599631,0,0,0,5,57.59925523843122,0,24.0
344.1372421449643,4.902092373394547,0,0,0,16,658.383765781823,0,21.5
208.41562838955838,12.756304630069183,0,0,0,1,1633.8539005293123,0,13.6
128.23330204691,10.364790037127495,0,0,0,2,73.77624770587909,0,16.7
104.44533169213145,7.8986961746354245,0,0,1,11,981.6267099492585,0,19.7
94.12354446143674,0.610159789357088,0,1,0,13,732.183313083488,0,15.4
216.16046284519052,5.410325313979442,0,0,3,6,1972.1885645022628,0,18.8
183.3907942704699,0.6425739099673007,0,0,0,8,53.44499041148099,0,24.0
81.28389809970733,6.6100410861192405,0,0,1,16,600.4844379934704,0,20.2
249.30407320316462,0.6594097357878267,0,1,1,14,1634.7150397635662,0,19.1
49.840601375643914,0.5606030775890203,0,1,0,3,1045.4254162150119,0,15.1
51.23218428592461,50.41180302081664,0,0,2,19,2390.926305130446,0,14.9
115.42214827632404,10.43043310266476,0,0,2,14,74.99833451943643,0,20.6
47.94622823533888,1.2847164664710442,0,0,0,10,54.79801707497379,0,24.1
403.8717589408026,3.8434719644445896,0,0,0,2,1370.110239137004,0,23.0
3807.8840596856667,334.50804369429443,1,1,1,18,150.87819537177094,1,99.9
221.2394653958067,4.234966367899539,0,0,0,22,678.5810624704995,0,17.5
302.1401156520925,14.993930420403716,0,0,0,4,885.5119264283258,0,16.9
508.5815596978545,10.475144376444332,0,0,0,3,1260.8879172449172,0,19.9
446.91083751849845,104.47435797012027,0,0,2,22,1058.4388789748457,0,54.7
239.6535375700105,3.7817058847720215,1,0,0,10,1710.0142456038607,0,15.5
152.26456627827866,1.8154295515737606,0,0,1,10,595.7443860735052,0,22.6
257.09365373443546,4.727748579156527,0,0,0,17,94.4678681226754,0,20.2
230.6942293149914,4.184082516835386,1,0,0,7,133.33713908581944,0,19.2
177.69611015957167,5.472836217207315,0,0,1,20,355.53437878954986,0,22.9
138.2904140613121,24.592525779970305,0,0,0,23,188.92463489278316,0,9.7
177.87317475735995,1.5185631608478118,0,0,1,17,252.65993729852684,0,23.2
286.2454772970814,1.5188613783187128,0,0,1,6,127.96163329450869,0,21.5
267.9989138329461,2.38902881582453,0,0,0,16,54.568946176838125,0,21.4
202.30144194308323,4.277565584213166,1,0,0,0,1079.5153777434662,0,15.6
153.5395298569069,7.844176884029106,0,0,0,18,2808.2616457749086,0,13.7
47.540048079713884,0.6024439995061001,0,0,1,23,251.52467698980487,0,19.4
135.670003685756,9.566636116909207,0,0,1,4,225.025394644452,0,22.2
287.7759066710566,8.945892989568632,0,1,0,13,51.68285349249463,0,19.0
57.45902421874812,6.914808583896144,0,0,0,12,371.65261190739517,0,22.4
174.6215342380503,12.260674693996439,0,0,1,19,323.5410387967602,0,19.8
279.06840064114493,3.469299610057628,0,0,0,19,313.8441601925644,0,19.9
438.1112983761083,13.959679373747765,0,0,1,13,244.00200635354423,0,18.4
684.8499988555488,19.058184087546348,0,0,0,7,100.36328831812611,0,18.8
253.51159102221857,42.59279852011375,0,0,0,3,768.6874116511495,0,14.9
25.056423680157987,12.16204656019067,0,0,1,19,576.8270065311565,0,19.9
90.47513542772347,18.17866637081084,0,0,2,20,435.4132274639975,0,14.3
213.62041312079936,14.204545983230505,0,0,0,19,433.39912306575746,0,15.0
402.84980905486174,4.07275289964827,0,0,1,14,198.83390657296601,0,24.2
2369.0612290192057,888.4892429990466,0,0,3,0,5.159493872029847,1,99.8
537.5153213008696,3.683677248543682,1,0,1,5,456.20102803987476,0,24.4
145.56607674496863,11.616042597996652,0,0,1,4,389.7132091584158,0,22.2
43.063275531754584,8.172366563484069,0,0,0,8,741.6372092439012,0,21.4
173.96930585118668,8.714504595900245,0,0,0,10,808.3336108748251,0,17.7
94.26282112096123,3.300239822533332,0,0,1,13,341.6654467775123,0,22.8
450.87841514616287,42.11463732022964,0,0,0,0,934.2285877118941,0,19.9
150.88391588121112,17.02638616887005,0,0,0,22,424.1668892502883,0,12.5
448.5420793160593,5.511918677931325,0,0,0,16,600.5843421262102,0,21.0
242.98601959609746,6.8190761172538785,0,0,1,4,636.364303017151,0,24.1
520.0338401711565,8.849957391308918,0,0,0,23,714.6600411034981,0,18.9
454.31529560307047,4.390090296265703,0,0,0,21,610.8143173026034,0,19.1
128.6561299536212,3.9665021009470514,1,0,0,18,96.30625888259097,0,18.2
48.091562131660176,12.384573012233965,0,0,1,9,209.85290258088594,0,21.2
162.08769448684495,0.8621814288892101,1,0,1,13,221.09192694811833,0,20.1
1500.1308014947901,488.07103097915575,1,1,3,2,54.530126547242475,1,100.0
264.79486805668694,2.4425627211085077,0,1,0,18,231.24022090572936,0,12.3
75.96271325399647,5.269936420283456,0,0,0,12,197.23638874504627,0,18.5
265.1993018239137,23.72697423006708,0,1,0,5,1103.935183939389,0,19.2
85.02763042740436,21.633072881884864,0,0,2,3,220.75965856083877,0,17.3
135.86197844316783,7.978667478858307,0,1,1,22,206.14627774301871,0,20.7
162.19497878731127,6.119908606015366,1,0,1,17,1980.5132364641952,0,22.0
89.43950929952885,5.877166356574142,0,0,1,2,106.61396019287156,0,21.6
25.394947639027798,7.3157924384206945,0,0,0,4,475.2785032024445,0,20.1
115.77866729735923,1.8389633072797618,0,1,0,6,36.37593152607858,0,16.3
127.13744722019214,0.1235300214407451,0,1,0,22,395.8122239474757,0,12.9
100.94669486532835,10.211247168364645,0,0,1,15,237.3794377834378,0,18.2
265.8490614114723,6.794567083303257,0,0,2,14,750.1246114027741,0,20.9
257.3142007361132,5.732787503249907,0,1,0,1,2610.9115910112914,0,16.3
429.57422471963525,9.024581896048865,0,0,1,14,49.821715961341965,0,21.6
110.29621879461499,23.2501283454364,0,0,1,17,940.971677968249,0,19.0
8685.23091627402,301.506314691507,1,0,0,1,74.94283176122501,1,99.0
326.14494819461635,3.7921299768438055,0,0,0,3,236.5695539579831,0,20.1
63.65656666525426,10.996555694738564,0,0,0,23,244.89163020221494,0,10.7
88.22443029289042,1.2841581859626683,0,0,0,6,195.07513409181584,0,18.3
166.02587061824696,1.7817335984767968,0,0,0,18,213.21459807637444,0,17.1
429.19455005507496,19.443781375789964,0,0,1,11,1158.305984144386,0,20.5
423.47425068962576,8.811986710602632,0,0,0,23,1167.3914495655706,0,16.3
253.24800978703243,0.5315751223809233,0,0,2,7,423.42885239025316,0,18.3
354.36373879266586,6.436847423259977,0,0,0,1,247.56405358175903,0,18.6
407.87209287760726,3.7401813187234896,0,0,0,14,207.39039651203143,0,20.6
252.22356809514082,19.15169632667912,0,0,0,22,990.7264225986104,0,14.2
371.8747628226181,10.875296257875775,0,1,0,1,885.1546052932083,0,25.6
198.1308627392191,5.730509518665698,0,0,1,12,1419.0376851278356,0,23.7
340.8196459908169,6.485321114597166,0,0,1,10,114.37458536043141,0,25.7
62.60670459384677,1.6788454581380756,0,1,1,7,111.41679289739416,0,17.6
8554.943140688001,163.89975877551677,0,1,2,1,92.524376658933,1,99.4
60.3032950618797,12.060102346347485,0,0,1,16,1867.429266560706,0,18.7
156.10329857073364,18.015143721522094,0,0,0,4,2183.3134464789086,0,13.0
194.77084982930458,19.54243613382731,0,0,2,17,1164.9543444771002,0,18.9
13.891073860961486,9.139984203970963,0,0,0,14,132.27967102446854,0,24.5
213.78904907892417,10.07788232918985,0,1,0,4,897.8043691491122,0,21.7
213.65648847980418,4.714026899132902,0,1,0,16,359.12724468173985,0,14.8
366.65471908762976,0.3174063979557136,0,0,0,10,92.82792899699112,0,22.9
188.65394866048794,1.4383931163055117,0,0,0,5,344.24051155278437,0,21.3
240.7313320875536,20.001186595139714,0,0,0,20,377.13336422348567,0,15.1
77.1021868626499,4.242987275414818,1,0,0,18,108.00451412234311,0,18.4
256.2588193870665,6.261906655321591,0,0,1,12,76.0721757539598,0,24.6
974.5619463428304,22.446046757879483,0,0,0,0,1572.7645550683753,0,28.3
470.5044350782368,44.829832398419555,0,0,0,11,1383.1320231336947,0,16.2
87.90223068243147,13.5011988355594,0,0,1,16,853.5632175314182,0,17.9
1601.5487037926785,637.4535847308199,1,1,2,4,381.13194789237883,1,99.9
72.30862660399241,8.393961714783511,0,0,3,5,38.48828154338382,0,20.5
65.4514246591801,7.165636725426334,0,1,1,22,35.709144058813685,0,19.6
254.75719618553592,12.549797048175357,0,0,1,8,809.1296417193951,0,22.1
135.496340247996,4.469282072169144,0,0,0,5,310.4142175452523,0,20.6
513.1250199810357,12.827441835214351,0,0,0,22,243.51664001848636,0,12.8
198.16935737464053,7.667724199037454,0,0,1,9,627.8995564935044,0,21.7
119.18718210823003,0.013357705055663992,1,0,1,11,180.38825590149793,0,23.0
141.92861334134585,3.2526940247408116,1,0,1,19,224.67901575411182,0,18.1
110.61618949309833,2.628377566433236,0,0,0,20,710.8876779946039,0,18.3
59.19587111425509,2.6107896075836066,0,0,1,17,109.88958823831199,0,25.1
147.56246881282203,13.181711031125863,0,0,0,5,393.2907789920162,0,14.7
8567.624374723637,278.54528709738815,1,1,3,11,75.62138989465643,1,100.0
182.18170214843298,14.377125141347115,0,0,1,20,74.57270662794784,0,17.3
261.8990963530396,33.46276799865201,0,0,2,6,97.32261142374665,0,19.8
177.18666498508713,8.577984534459496,0,0,1,18,1479.0449711188303,0,21.4
192.40240746375798,29.274381703014953,0,1,1,15,384.1419342512538,0,25.5
5692.024968546528,469.5937592577482,1,1,2,22,18.856115687155935,1,99.9
25.290837804102004,3.912986478548444,0,0,0,9,1340.830393772484,0,20.4
276.4617841856102,0.33130599723945536,0,0,2,3,1256.8352809613725,0,15.0
80.4771157913526,10.301129351969452,1,0,1,19,180.93930513288842,0,18.2
80.15277479798499,14.491035960469372,0,0,1,10,1167.0744672562962,0,17.9
45.77920408154615,8.242195872024059,1,0,0,1,85.23020449535981,0,17.3
198.7472445031483,16.603175048566538,0,1,2,21,1177.4150957592985,0,18.4
544.1367156934966,48.718317984602564,0,0,0,21,1006.4528756375323,0,18.7
157.25434533000941,3.0680281120331294,0,0,1,21,240.01637727275056,0,24.1
434.34243439762446,15.466408069904578,0,1,0,13,981.9679995537444,0,17.7
429.9216525288237,7.099231024560256,0,0,1,2,3384.492955383906,0,20.7
115.67889721040875,3.9449499092433786,1,1,1,13,426.00344107336264,0,15.2
298.985054863116,15.43189346172062,0,0,2,12,1773.7821309548526,0,18.9
135.41262468520998,11.468683941975128,0,0,0,7,507.04422684158004,0,13.5
249.43040173602517,3.1644617453023187,0,1,0,14,260.31507545615557,0,15.7
174.59011389143737,2.295689892468663,0,0,1,10,1009.7981061527518,1,24.5
72.96915896126151,4.727311029080424,0,0,0,5,2069.225658076009,0,15.0
152.38327095654012,10.525326861564238,1,0,0,19,239.5830072588089,0,16.3
133.96086875030298,12.71227333063196,0,0,0,13,127.43561268226073,0,14.7
436.02660738800733,5.780661319599054,1,0,0,13,1531.389578801243,0,18.3
41.834713001333874,8.717478850718825,0,1,2,12,292.80379477700546,0,22.6
66.04212850116856,20.88314860632089,0,0,2,16,182.66429841348773,0,19.6
27.588531107231,0.7938222821557908,0,0,0,14,477.2338231114387,0,21.9
193.43427279950487,0.24606160432610832,0,1,1,5,505.49750644650254,0,17.9
127.16464201360893,8.087690892535761,0,0,1,10,202.72168097873367,0,21.1
358.8144323993616,15.816836982779611,0,0,2,6,276.82479499401256,0,19.5
93.12744171632353,0.3638031585834317,0,0,1,18,143.90743070012033,0,18.9
96.60310429624822,13.584004287675707,1,0,0,4,608.6802622402449,0,15.5
82.53929557383508,1.4626761617866955,0,0,0,3,159.3158289449077,0,17.5
117.83212512617868,14.400467533824923,0,0,0,20,72.77325607596995,0,16.1
56.079047421464715,3.2762036330875395,0,1,0,0,494.9216407560606,0,14.6
81.63470377270745,9.952351429148099,0,1,0,22,472.9496663753658,0,11.5
440.8819509483283,18.37617432138538,0,1,1,23,750.7026622030129,0,17.9
131.66357756412566,4.471033012395203,0,1,1,8,499.28514500268403,0,17.4
308.6441786908655,14.917768170100098,0,0,0,10,480.21913138811874,0,16.8
37.38998761569807,7.371215954849837,0,1,1,3,550.2274337687816,0,18.3
190.98096378763154,3.834226927824564,0,1,1,13,390.0377118093625,0,18.6
234.46097429156882,10.949691053423575,0,0,2,8,1495.0137268496214,0,20.1
603.7678939767274,4.070538825018703,0,0,1,21,629.7195715612654,0,22.3
258.5964490648581,3.1108140996336435,0,0,1,1,1163.196932278651,0,24.1
105.21995386912968,7.061148152130658,0,0,1,10,255.39738629791333,0,23.3
93.88639882001735,9.877462867947171,0,0,2,21,156.64981115911672,0,14.2
139.5551980709734,14.39121595085723,0,0,0,13,196.09150731678932,0,14.8
80.51837194422382,18.66765698660178,0,1,1,9,235.98110331750513,0,19.7
144.5241930075224,2.9320490162999246,0,0,0,5,160.53817859916342,0,19.8
315.25562344053856,1.8778484211977278,0,1,0,20,2700.5567690211524,0,11.1
63.68888903318229,5.76104904605605,0,1,0,1,281.27828521271203,0,13.4
297.5317252189035,4.277965543829597,0,0,0,12,254.0937767463251,0,19.9
325.62302948115325,1.7585335334147905,0,1,2,12,770.4344998154475,0,13.9
149.78960429525296,16.48587604415082,1,0,1,22,487.9782879804666,0,13.2
80.18236256010684,16.64077667323018,0,0,1,7,372.1314952253532,0,19.2
77.00115234402021,9.980398540085583,1,1,0,5,80.5381425023788,0,15.6
236.0514534739139,13.549971975973964,0,1,1,12,414.82564859976736,0,25.1
167.54697371830397,6.5796238905353945,0,0,1,20,1360.0094263318522,0,24.8
445.8544277234123,22.476464411739254,0,0,0,20,1969.8482628964925,0,18.4
400.1502303160161,12.445417374638373,0,0,1,13,432.4747541302933,0,20.7
51.84772400372195,13.291454561605917,0,1,0,16,700.6911359757776,0,13.1
108.10421240138699,2.55008288881749,0,0,0,14,709.282507221502,0,20.8
191.14252975212304,4.258468074371045,0,0,0,3,583.2318699497378,0,20.2
295.01615942660237,17.9099069877288,0,0,0,22,2700.3517043287725,0,11.3
254.3821791463899,18.430808017661963,0,0,0,14,1420.534442355249,0,15.1
203.14173791890386,2.1365447065778875,0,1,0,10,247.674160559082,0,15.6
163.1147405584046,4.11957195875869,0,0,0,20,44.55719627441526,0,20.4
185.12286512339134,15.685609223600222,0,0,0,20,58.98595700962994,0,14.6
327.35788224549503,3.4247845620153234,0,0,1,13,41.66265763321293,0,28.3
495.0772245000381,7.118866475066532,0,0,2,14,258.92502819727645,0,24.8
412.2838408727213,20.431059133547077,0,0,1,22,199.54600653032534,0,14.8
68.43752596869976,59.304176254575395,0,0,0,4,3542.3710229632006,0,15.9
320.0733840186733,3.773388112723895,0,0,0,16,679.22875318426,0,21.0
422.78438620155066,12.34540207299423,0,0,2,14,1450.802514603977,0,18.0
260.17332236085616,15.23920500571926,0,0,0,15,1109.112529847921,0,16.6
30.713327934126866,10.646652132666716,1,0,2,11,1639.2850716248597,0,15.4
30.247185376701363,1.9796151905583177,0,0,1,11,1212.5929929258825,0,22.9
147.8830217897441,21.67637697894487,0,0,0,11,1617.1429022938996,0,13.0
167.82377505423412,0.5349689469600027,0,0,2,22,125.643205870209,0,18.7
62.73860817905452,16.296791109284715,0,1,0,15,62.021940959063706,0,14.4
187.49498658448243,19.111535000288033,0,1,0,13,380.9014230518769,0,17.0
386.7239807644608,7.14303768485035,0,0,0,3,306.726661747179,0,22.7
370.0168831467754,9.250330860494486,0,0,2,22,724.0403045171372,0,15.4
215.91800988666054,1.971053076959598,0,0,0,12,1638.6547962711784,0,18.7
5560.611547359406,485.78495350236466,1,0,2,3,40.037921109484174,1,99.9
380.8844525654042,39.495230420856856,0,0,0,13,1874.918751263295,0,16.4
226.7512590121997,17.406404898427265,0,0,0,15,1101.8464469902585,0,15.4
167.7698331939459,4.960410098331954,0,0,2,8,2001.0915415108464,0,24.4
587.8266141639261,19.412283919996867,0,0,1,7,422.8828306466677,0,20.2
21408.735587834937,1857.1383095368205,0,1,2,2,557.6318533222318,1,97.8
233.4173302229124,2.4168055820600447,0,0,0,22,367.9053949739674,0,16.3
68.44048704206095,20.111953372705216,1,0,1,18,971.6951375777048,0,19.3
101.86650850971246,11.297451643990243,1,1,0,0,755.2439774439196,0,15.2
497.22635619578415,9.536749098637367,0,0,0,11,742.3789630563116,0,25.3
376.561699101384,5.233621982666252,0,0,0,14,1801.6670679687252,0,19.8
95.05918512674587,11.84579944029862,0,0,0,13,256.8721003053089,0,14.1
73.21483872917666,13.899074337560725,0,0,0,9,273.16935785309545,0,13.1
156.17702699761253,16.16171310157588,0,0,0,17,534.0239825833071,0,15.3
31.04629228806282,3.5051048315165514,1,1,1,18,497.18749065759806,0,18.1
138.13675754850973,1.6395086238691026,0,1,0,0,1620.2677279990605,0,15.8
349.0685496079994,9.047962951202503,0,1,1,3,502.6452950922982,0,30.9
177.6698057900562,7.015199721092504,0,0,1,0,42.801882802705485,0,23.4
224.16615634925276,5.001404332805756,0,0,0,15,2439.0503359894265,0,14.8
243.11698598030858,2.960096555476722,0,0,1,2,266.18538006033884,0,23.2
582.3929271636157,45.239975442539155,1,0,0,12,817.9841506473775,0,24.9
214.7294767142722,7.393179693385254,0,0,0,8,149.5512493347124,0,18.3
456.00576801241624,9.856416733260765,0,0,1,17,1005.9264172855869,0,22.7
201.6495446132765,8.046933094056591,0,0,0,20,809.7488189617468,0,17.6
155.7850292644512,1.1386831091634009,0,1,2,15,230.95078580831157,0,17.5
118.06365445645883,3.045104368082166,0,0,1,2,63.65705300735916,0,27.0
108.92153874307147,20.861859208921242,0,0,0,18,903.6690179415053,0,14.1
517.5811606864606,1.5312304777583203,0,0,1,7,235.53285876081063,0,27.4
97.71387952924613,53.25261346858173,0,0,1,4,214.6744989066639,0,22.6
96.2594559353746,4.416479069318117,0,0,1,20,1606.708993605799,0,21.4
253.19884208694077,29.781932092719273,0,0,0,13,1803.9158680769103,0,13.1
39.994102234633495,43.540705531619736,0,0,1,6,273.0710420672111,0,22.6
283.4149254695672,17.00212180820995,0,0,0,21,927.5372412256429,0,14.6
41.90871391084897,5.192791164399383,0,0,0,20,1016.7628004989845,0,19.1
207.4203612028736,8.093344018903208,0,0,1,10,129.80485201593797,0,20.8
224.97467528809582,10.682511018953486,0,0,0,7,2069.761526040706,0,12.5
286.4713087185236,0.4341392357166201,0,0,0,0,1860.2080175917554,0,15.7
58.42597838843263,1.394726825441619,0,0,0,13,961.6133996807814,0,20.3
103.72532940046466,8.027412963075742,0,0,0,8,1225.7491738082106,0,17.0
275.01173951601976,2.4898005935242282,0,1,0,17,2191.589071734307,0,11.1
334.1630189089534,2.162143644897413,0,0,1,8,503.82920111268504,0,23.3
25.90457403650448,14.372341774504546,0,1,1,15,971.6421061938253,0,26.6
215.91241818696727,9.67106592733851,0,0,1,21,743.3965026954559,0,16.8
468.8792889686718,2.5362359375855887,0,0,1,23,1015.6674415174913,0,17.5
223.87414861761926,28.894246137072752,0,0,0,14,1022.8644067555475,0,14.3
71.91143817107319,7.7065967410507366,0,0,0,2,669.4789074290042,0,15.6
7664.579202774963,915.6744310279389,1,0,5,22,952.8635792243181,1,97.8
274.13414319481336,4.983102142533685,1,0,0,4,287.42101481154384,0,24.1
178.3499864982989,25.87323765912864,1,1,0,6,203.99141670498446,0,25.6
767.6157175486916,16.624871437893045,0,0,0,3,636.3070016214634,0,16.9
86.78421124183355,13.216670823037353,0,0,1,7,896.062187323856,0,19.4
212.88594970791962,1.3589871479466655,0,0,0,0,963.6805750612879,0,20.0
162.5071250424412,11.101771175861513,0,0,1,21,1956.5375232583442,0,18.2
348.94200262325575,4.860699305230429,0,0,3,9,407.8562555487197,0,17.9
137.37508663722113,2.235615512558992,0,0,0,12,674.1248582747392,0,20.3
338.9647483791921,12.885024806469815,0,0,0,7,159.85564510746127,0,15.6
412.28332405799756,4.278982715396932,0,0,0,13,51.60116237712225,0,27.2
248.37528528332618,6.6656213588304025,0,0,0,23,2480.8049889220433,0,11.8
363.4300425236492,14.360809255293299,0,0,0,10,75.54529064758441,0,21.3
101.92792562752882,15.58742243564957,0,0,0,17,158.3269804889703,0,13.8
135.76701473478667,7.167255037844469,0,0,0,15,451.45845146856476,0,18.1
141.50763283725038,4.207801575084392,0,0,1,10,1337.0442369577713,0,24.6
447.7915799890649,3.9211872493693973,0,0,1,5,660.2556593012021,0,24.5
369.4000517308701,10.606382743384344,0,0,2,20,249.2343142276407,0,16.9
222.38180057439058,6.145409429995001,1,0,0,11,88.73050598778232,0,19.4
117.14422176074889,22.895903481025016,0,0,0,11,1238.517770766018,0,13.0
130.38298505711865,18.692682854071844,0,0,0,3,1434.6310002284574,0,11.6
288.3910925936974,14.60032140339973,0,0,0,8,320.4571475977204,0,17.3
27.63923919458857,4.091260651832481,0,0,2,11,1688.061249837571,0,21.3
302.8484053171479,18.310415282593816,0,0,1,2,49.86165189647899,0,22.0
65.85825332110863,5.609086779407121,0,0,0,19,107.70734117453405,0,17.8
279.34703824748397,16.432301185925446,0,0,0,10,956.8254595376889,0,16.5
233.57523516555227,23.06284402770389,0,0,2,9,212.15500694326633,0,16.7
180.11209125028557,1.312857781186842,0,0,1,19,105.94350791461112,0,23.2
43.390122667386905,11.123635258659219,1,0,0,10,305.3829706277253,0,24.4
240.5561064849608,0.8693653948468733,0,1,2,18,38.344048474115546,0,17.2
351.2893076421417,8.956002043980417,0,0,0,4,1085.0207219430697,0,22.7
6105.481412533674,489.68608774597755,1,1,4,15,112.78413569190957,1,100.0
289.3687833663993,45.12884734882612,0,0,0,7,172.6364502608199,0,14.3
819.0563281785102,14.110044052928515,0,0,1,4,134.52832426929643,0,19.3
28.595466251822618,1.3331831208577156,0,0,1,12,1199.5668059366776,0,22.6
27.330376571932078,0.8598738485986318,0,0,1,1,874.1531631218057,0,25.6
119.25155042440838,0.7824210820846745,0,0,1,22,501.8670458656288,0,19.9
125.14282983689041,6.906853618504302,0,0,0,13,360.6826673966019,0,23.1
710.9970329624878,17.64649676130233,0,0,0,18,649.0396945257762,0,17.6
118.97791504620056,11.598590262905184,0,0,1,10,873.8582615299109,0,18.6
176.55984858659784,1.2272125519493682,0,1,0,22,144.1506326948747,0,12.5
253.1817883775378,3.9467439361351047,0,0,2,21,1666.9753016447316,0,21.0
105.39030525755832,11.80148299165189,1,0,2,4,212.95227689192507,0,15.7
41.52699076850766,17.483142112245325,1,1,0,1,32.433659080258856,1,17.6
1942.0018172403675,1104.7714223766109,1,1,3,9,7.25007576749689,1,99.9
215.62853079142332,2.333810270023896,0,0,0,9,147.7229731148718,0,19.7
88.1215367262817,34.73200011222419,0,0,0,5,649.2929290454077,0,13.3
91.78752177150952,6.82397817692269,0,1,0,3,560.6191349145945,0,14.4
215.2897617173777,3.228010986392381,0,0,0,6,31.818275167593967,0,40.4
207.78051306172918,9.34524398550078,0,0,0,23,591.5426388766746,0,11.3
173.07956671135938,0.6947627354411386,0,0,0,13,86.13653474840594,0,22.1
160.57542771564678,5.553055266272042,0,0,0,15,250.5155852860952,0,18.3
165.12096406250433,9.798447393716524,0,0,0,15,83.81820547381642,0,17.4
461.0414534554666,11.522623891728617,0,0,0,17,190.36291676200509,0,15.9
319.94756043212783,15.406180921104248,0,0,0,11,1915.5077571367276,0,16.3
235.2876293267666,0.600341109025988,0,0,0,18,181.24145755784332,0,17.2
201.92610971552054,4.085713476403223,0,0,0,19,316.2037533309262,0,19.6
58.55808729201248,0.02767852040888329,0,0,3,23,516.2688884334387,0,9.8
436.7981175631327,7.808712808311149,0,0,1,22,133.2534401728635,0,16.6
228.6026315572492,10.255753154873723,0,0,1,21,131.7988750872459,0,15.1
121.52584547233558,33.562837898210525,0,0,1,11,167.55900928892564,0,22.0
247.62332455403555,8.450368735253068,0,1,1,9,1358.3102767495793,0,23.5
284.5919639634741,2.0479599428183057,0,0,0,18,563.9481320897029,0,18.2
83.77756098942993,19.22692359864952,0,0,0,20,1386.9805115354566,0,13.7
519.6167200154015,4.214660237551637,0,1,1,13,53.06620263663496,0,24.3
170.58788945904143,15.194956449231007,0,0,1,18,1051.4853884226086,0,19.8
240.96390529061782,9.933865293832206,0,0,1,15,1046.3429368310412,0,20.9
138.22503152922212,2.8666173591055686,0,0,0,10,858.1779441302685,0,21.1
80.85227780222549,2.8779953928084896,0,0,2,2,131.839787478439,0,17.4
17.074702719699445,8.68067798832209,0,0,0,1,2316.789861016114,0,14.6
228.22946521463246,8.03952814783617,1,0,1,3,1292.991727349248,0,20.0
393.0048916550668,1.3124769950067832,0,0,2,10,350.14522065146286,0,17.7
106.63680301237235,2.8062213662500137,0,0,1,16,378.15819346626574,0,22.3
182.45356935105943,6.113326249260301,0,0,0,8,518.9073738582854,0,19.6
212.34089785184548,5.592947424352281,0,0,0,21,1093.8359545898975,0,18.2
267.1028145426761,2.9912106101829,0,0,0,11,787.1856670004381,0,22.3
223.38471727078576,30.02881259507946,0,0,2,22,64.08555523654827,0,20.0
114.37702589377706,1.851485081222851,0,0,2,9,1219.0550474423123,0,18.5
117.37643574264898,2.5410827800321085,0,0,1,18,1198.874252332126,0,21.4
345.027468954875,3.6654025397358247,0,0,0,21,861.3647625964943,0,19.9
367.9221395626482,5.268442095568634,0,0,1,19,720.6952437149512,0,23.8
220.30268261032774,3.3735958459082167,0,0,1,1,79.25670874047472,0,24.1
18.679254156681505,3.5518760771734956,0,0,0,14,38.29510926404954,0,22.5
351.40888795886616,7.1478664888629195,0,0,0,1,268.04701460499496,0,19.0
156.2222478839256,10.31678360458967,0,0,1,23,638.6232941262164,0,14.9
10688.757877736003,879.711371322481,0,1,3,13,130.93969761521458,1,99.7
378.7810366842922,8.27278628133841,0,0,1,6,1523.669627263772,0,25.3
122.45738272840593,4.6603570970987755,0,0,0,10,289.4431480401167,0,19.6
305.2583913305065,37.42555457567142,0,0,0,8,1305.2798442269852,1,15.7
1004.3475917056462,6.619996533638814,1,0,0,10,34.40009965822424,0,45.3
92.69933668704222,2.635545685697199,0,0,0,3,645.0288111963173,0,18.5
483.21806740273576,371.6593409369491,1,0,4,2,156.94354190055816,1,80.4
196.29122893370078,0.2754345579581419,0,0,1,23,1179.76639608149,0,17.7
225.37892799109315,18.475357053186137,0,0,1,5,396.4603082152483,0,22.9
138.77541531635816,2.6489588835108555,0,0,0,19,109.16186354360232,0,17.8
344.945902139453,15.776027238198115,1,0,1,4,608.4818593754648,0,19.4
199.33650484743612,2.7672941956122403,0,0,0,11,422.59037245141394,0,22.2
180.19048895054792,15.987722669399503,0,0,0,14,1217.0903572021161,0,14.5
329.918923184611,8.186488125731222,0,0,0,12,303.21955289716595,0,21.2
547.174791948851,1.4395580226416962,0,0,0,14,994.4046106325778,0,24.6
691.3542227410117,30.773014326813996,1,0,1,10,572.0935501036633,0,24.8
817.4716892952808,2.4032155356980573,0,0,0,5,792.5890328202746,0,22.7
150.30578280099004,10.098411762704705,0,1,0,16,2991.7940828037376,0,12.4
186.52607191922243,9.096958174898653,0,0,1,14,424.60864545626515,0,21.8
270.83858011658515,4.222967618089617,0,0,0,3,433.4635284808035,0,21.4
26.96299706671941,14.19302407732682,0,0,1,23,152.00134191747927,0,15.4
240.5495967491213,2.9428819098353647,0,0,0,7,219.53102298619422,0,19.3
72.12962246539783,2.923704155366141,0,0,1,20,627.8691069956667,0,20.2
356.51633910889853,6.763227190954505,0,0,0,4,260.6961503100009,0,21.9
38.65222379963688,10.432221459598676,0,0,0,7,374.8169712199745,0,20.3
182.65213619111864,2.8441351467871923,0,0,0,3,201.55006551136907,0,19.6
129.6764802384611,9.165899113799581,0,0,0,13,909.2622182339001,0,18.0
382.50921634389834,13.862065187570623,0,0,1,14,882.3274316793899,0,22.3
372.2621560931511,8.01713191512244,1,0,2,12,518.1106800672823,0,15.2
268.68764343650906,1.899255804870592,0,0,1,23,888.7719615330749,0,16.7
130.9662458966953,9.40526224819655,0,0,1,4,548.6915257429722,0,19.4
114.83128558230014,13.865670175218977,0,0,0,23,1108.6150007141403,0,10.2
329.5934334594858,1.9686367605218889,1,0,0,4,575.5052337560905,0,18.3
58.803330227766914,4.890069866966582,0,0,1,23,66.66738011605636,0,27.3
177.32099665593114,10.588679985347651,0,0,1,8,910.9564891716676,0,23.4
133.821973688901,0.8245454216992013,0,1,1,23,131.31628480809889,0,21.8
61.848758045076416,9.72439044423542,0,0,0,16,1416.6601354181594,0,16.0
353.1575248579991,4.988013812816079,0,0,1,6,1442.5438443259907,0,25.0
239.83864353916434,2.13033609331101,0,0,1,13,936.1812213178456,0,23.1
282.95402010641175,18.920121924295056,0,0,0,13,264.39473443634995,1,15.7
97.8005104852921,13.904610217255792,0,0,1,1,1027.3986114376812,0,19.8
227.6551714189557,5.431431784633732,0,1,0,13,755.1434935999462,0,16.6
208.77963925015982,6.266306499394671,0,0,0,0,48.991888423759235,0,21.2
494.1691368014222,16.32551553556781,0,1,0,15,460.8613654149451,0,18.4
55.1245486468953,3.064458393818223,0,0,1,23,56.098468230318346,0,23.8
97.55532425463642,2.1038377386704106,0,0,1,20,1023.9632925401738,0,20.7
226.54012309872928,13.04642047268984,0,0,0,1,552.8267211831302,0,15.0
135.214434272237,0.4819999129659242,0,0,1,0,747.0297720652783,1,19.2
218.98860212652167,9.602438045152653,0,0,0,9,587.6876050724327,0,18.1
111.08557227085113,5.709039096958564,0,0,0,14,229.31662748160173,0,18.8
210.0211936188585,32.250718099143306,0,0,0,19,763.8205858755274,0,14.7
216.07840109471323,34.00136834585132,0,0,0,17,722.0466596023715,0,15.4
485.00097381797815,7.638546203127761,0,1,1,5,781.0891257782357,0,21.9
36.479774812648785,4.187212957036215,0,0,0,11,259.2347804444854,0,21.3
235.49543787200824,14.025945441404966,0,0,2,5,337.3409194335703,0,17.7
143.44287917290538,7.629343420199714,0,0,2,22,665.0582192891328,0,15.1
141.85024906717442,6.185383113726753,0,1,1,0,806.4474478297917,0,20.8
105.37611760687022,7.465261650704802,0,0,1,22,500.0388750384673,0,17.1
119.92889157797686,4.263058647684223,0,0,1,13,1043.6225596331915,0,23.1
87.37044627577309,3.8965642091021118,0,1,0,15,721.8253826011373,0,12.0
174.94780774828786,1.1994605826736722,0,0,1,16,131.2644011066779,0,22.9
116.78641417421272,16.44824994990694,0,0,1,17,561.5736881437338,0,16.9
162.74899907680881,0.7812444557109725,0,1,1,21,496.5210042370637,0,17.6
136.16944352008474,2.3777669981102663,0,1,2,3,1213.4304574328864,0,13.2
636.1313832513971,4.921929331221282,0,0,1,6,729.1046878766533,0,26.2
142.20905753377713,3.6438631630242284,1,0,0,13,618.7330288153603,0,18.2
124.57808110013065,11.845555094211196,0,0,0,10,512.2470579396984,0,13.8
316.2555984711184,3.464754094627773,1,0,1,7,183.8735162757828,0,20.6
336.90026208862895,6.444439449153185,0,1,1,4,1322.1365516837295,0,23.6
194.25230032197345,8.482613401003707,0,0,1,18,1287.4701980091509,0,20.9
242.65112622164773,0.3488745258771273,0,1,0,2,507.1757847223868,0,15.9
136.94924317559793,5.729819925485168,0,0,2,21,241.2905611149287,0,17.3
1147.9755683946337,346.7431055650663,1,0,2,0,489.9599380271179,1,94.8
74.91476922901418,1.0492316912869675,0,0,0,8,299.79069044597736,0,20.4
52.65197117421157,0.1611036843219961,0,0,0,18,311.0893261191921,0,16.5
154.96931865983555,4.854684050460335,0,0,1,2,648.2198822254318,0,24.0
255.5525480643921,11.113497545961403,0,0,1,23,620.9305104758479,0,13.8
273.7482428932476,4.945379697144917,0,1,1,23,1011.7365181919015,0,15.7
152.75794927444412,18.317209376623893,0,0,1,10,804.7440000508349,0,20.7
430.12160284654243,8.886051629849815,1,0,1,18,1393.0972025954336,0,19.6
103.31028710185551,0.7857979051825139,0,0,0,21,739.4068786995897,0,19.4
398.30838977617356,12.145211424553143,0,0,0,9,461.47158631279086,0,17.7
210.9390812334766,7.217675066804642,0,0,1,5,100.62378109623181,0,25.0
69.20257695754364,8.544039645846269,0,0,1,5,340.3689716043566,0,21.1
414.64418493342606,21.15055386681189,0,0,1,20,534.2310675862276,0,18.8
29.30069607846381,3.93471098183361,0,0,0,7,538.066089188819,0,23.2
29.934416061620137,1.145875952850723,0,0,0,9,463.34922361669965,0,21.9
73.97162105984988,6.182226428115063,0,0,2,6,331.65434628882883,0,20.3
231.68228837140066,7.816910384634775,0,0,1,4,1440.722071813777,0,23.3
408.5001833061664,18.232579892835098,1,1,0,7,1426.8352711879425,0,20.7
142.7659278546077,17.681056753463576,0,0,2,14,1607.4993455300917,0,16.0
338.0325839823964,5.705825415483597,0,0,0,6,869.1619722044343,0,21.5
177.15044159120708,2.7648122870407543,0,0,0,17,853.4649665999284,0,19.7
347.96674483181806,11.423322040049625,1,0,0,1,700.449031201517,0,16.9
95.50471938708934,8.42876076140115,1,0,1,0,1972.3499589140392,0,17.0
40.073953237478634,2.258995621396204,1,0,1,14,418.58532247981077,0,19.5
31.141253702448214,5.058369692994158,0,0,0,16,356.59196526760036,0,21.3
92.90702418376728,10.825305026604807,0,0,0,6,2430.3821781205506,0,11.1
145.59407812924064,1.1335534397656633,0,1,0,8,79.04511715194585,0,17.3
260.2454300663578,23.441476399013933,0,0,3,15,270.2660269148481,0,13.9
785.4865072384786,719.9837268920011,1,1,5,8,246.30161469013544,1,92.2
449.6339229780153,25.092602111738664,0,0,1,16,1374.715633754102,0,21.3
327.7709883727806,1.1047395369086757,0,0,0,8,1183.0073674721548,0,21.1
176.18980703121528,1.9332093019286793,0,0,0,23,49.43155907275721,0,20.2
96.99412354290648,1.2588999075520786,0,0,0,5,471.8087948581695,0,19.3
460.5014365960489,8.686028388869861,1,0,0,6,512.2919210552129,0,18.9
320.2901846096214,22.21391900123952,0,0,0,12,1082.0020163089155,0,18.2
85.73148666724198,15.812513639996434,0,0,0,15,35.659589735306135,0,17.9
130.75456906845622,0.2206515569033441,0,0,0,22,1089.1306055181196,0,18.7
257.8941095167561,0.31770767695299534,0,0,1,4,252.5792398715291,0,19.5
533.5113795151609,24.018505729672295,0,0,2,14,527.0969485795588,0,19.7
2680.047526117286,183.3584419473194,1,0,2,19,654.4339745131095,1,95.3
46.92953700665285,8.20571129661231,0,0,0,15,129.3865329589078,0,19.5
306.7031062921493,7.270155835712316,0,0,0,11,216.00219100888518,0,20.0
83.97950300897007,0.7626727104829278,0,0,0,0,320.5239543052384,0,17.1
84.50239248355123,11.231581123195959,0,0,0,8,1747.452081155764,0,13.1
37.752509075145696,4.394940915133119,0,1,0,16,275.98789988576675,0,11.7
315.4136630402748,0.34901304158414026,0,0,0,6,2112.7613278901995,0,14.0
118.75815396035125,35.17315654992073,0,0,2,15,261.93426458539864,0,18.4
195.26558608695115,13.913315683691394,0,0,0,9,530.035062915134,0,14.7
673.1667082391173,2.0320345179916552,0,0,0,13,342.3375298057823,0,21.8
408.31562474677463,12.671278842982543,0,0,1,4,735.7632902137663,0,23.0
142.73200840265952,28.357044045940487,0,0,1,19,1706.5447196720577,0,19.8
105.57300382511372,0.770982902403869,0,1,1,20,203.47879075687376,0,17.2
143.54489487588205,12.96850086974024,0,0,1,0,2150.599878952913,0,19.1
324.0444643024686,21.979598902011276,0,0,0,16,246.13066823119817,0,16.2
104.65756358527035,19.441296902498603,0,0,0,5,417.2752197900066,0,14.4
402.2686426608518,3.421479605304157,0,0,1,5,38.11106564718004,0,27.0
395.0472290817262,33.4660623771615,0,0,1,5,287.23870924425347,0,24.4
306.5788073610442,5.677006469770121,0,1,1,7,193.34300578147565,0,20.4
416.1962159993311,3.2620390440435028,0,0,2,9,339.7563258329283,0,21.7
151.7060243529577,1.9038047371682387,0,0,0,5,256.53646589544394,0,20.4
262.7240519601262,4.183994658578702,0,0,0,5,94.12883477013959,0,23.5
198.96060410554065,3.383122365535253,0,0,1,5,226.8163941535878,0,26.8
70.77983032813586,4.847187786324044,0,0,1,11,63.249126196646294,0,34.0
187.09639503865057,2.412137185772589,1,0,0,22,890.1840773041722,0,13.9
257.0644746932657,3.0958716538126687,0,1,1,10,195.3391508475208,0,18.2
84.8644365866014,24.050309627705804,0,0,0,8,346.51521241625187,0,14.7
46.24707910680662,4.447754254023603,0,0,1,3,190.03366436145143,0,24.9
297.291288390505,4.333252262137211,0,0,1,19,802.1402477538777,0,23.5
443.32024518438783,2.24218134099571,0,0,0,7,33.33680511150154,0,32.1
171.72225036131732,9.867765785852495,0,0,0,22,320.64234554475274,0,13.1
105.7511374580797,1.7049900449033266,0,0,0,23,172.64750977040003,0,15.2
113.71139396492508,1.425174192043271,0,0,0,15,805.7219383979121,0,19.4
155.33938706880568,3.8770507682395015,0,0,0,21,259.74952696549,0,17.7
427.9080470296211,7.210030407906128,0,0,0,1,1871.9476821855956,0,19.6
199.07397403685073,3.0298488081802937,0,0,0,22,273.9126453129217,0,15.5
116.21028422236861,13.35122299076018,0,0,0,0,295.91509044781685,0,15.6
483.9627225205727,0.11988293659391841,0,1,0,4,203.82965395527637,0,21.4
714.5993236841789,10.526257118821848,0,0,0,3,1468.6789822852636,0,17.1
192.48711502055056,13.292217481661528,0,0,1,14,3546.60394995361,0,16.8
324.128428374616,6.997584192363661,0,0,0,3,880.5466165203028,0,21.8
339.9937567528232,6.005833280766698,0,0,0,12,242.80860798525603,0,19.7
650.8285238567369,15.899166670776381,1,0,1,0,141.41720860662844,0,27.1
155.0716048288132,13.98762252217837,0,0,0,22,238.90908169899322,0,11.8
278.8214065475238,2.0376280066671906,0,1,1,10,1571.0324351743816,0,17.0
159.02125387078067,37.27598759309262,0,0,3,10,114.414393996044,0,18.7
206.39193881818665,6.104813438622732,0,0,1,3,720.5313752748717,0,22.9
256.84424736570276,10.442371354231447,0,1,1,6,111.66037881005036,0,27.9
306.92428640741366,11.145961076902482,0,0,0,4,1889.0920751792014,0,15.7
35.514670290681195,24.94012390511431,0,0,0,7,756.0156585299237,0,18.9
143.86617798169854,5.305927613865837,0,0,2,10,393.83526739514303,0,20.2
118.90195710255671,21.803550770296862,0,0,0,13,2968.3464682971717,0,11.2
158.80019828116394,6.479302647914068,0,1,1,10,269.3771792727156,0,22.4
142.10699125815947,0.5858017142995939,0,1,0,3,411.65060361091435,0,19.1
151.50984423713908,21.676272315877288,0,0,0,9,90.75835245701316,0,18.8
263.81588905154535,40.295318890241646,0,0,1,1,3870.317509403936,0,21.5
118.78651468335539,24.473139633490263,0,0,1,1,198.22445470632948,0,22.9
475.5922106211257,3.5535243399501377,0,0,0,7,215.99885043304184,0,20.7
173.28008610130513,0.9181106579156261,0,1,2,8,42.154996795785806,0,18.2
16.83582930183897,1.4110862910825483,0,0,0,5,316.0165396435669,0,21.5
207.39046456913618,23.136426817194575,0,1,0,2,1135.04130945943,0,20.4
318.1451787641929,17.50374342228622,0,0,2,2,525.3296312894872,0,17.5
60.44877363099266,9.437151499817489,0,0,0,22,1875.9645704594932,0,13.2
34.76142017735555,4.799311622086831,0,0,0,6,654.3208154672573,0,23.3
525.3344117543819,4.0326529489371,0,0,0,23,252.43623138466674,0,18.2
87.5845218157402,6.160964886435147,0,0,0,10,394.0402436719367,0,18.9
248.75285962723373,10.591360590582127,0,0,0,6,396.70124874995776,0,16.5
300.5942079637163,0.6164686854200387,0,0,1,10,373.8589111661039,0,21.9
402.99589103853043,7.259419477728137,0,1,0,23,2807.222028494719,0,12.8
27.683152213359104,37.794752056895085,0,1,0,19,1632.9971509945312,0,17.1
211.03148508016895,13.816747145178628,0,0,0,12,2372.7085484700533,0,11.8
190.35039319139062,3.0243923984766035,1,0,0,4,873.6899611153203,0,17.5
233.69157326940623,17.57383024779296,0,0,0,3,1517.414010299553,0,14.0
3531.949086320757,188.70419600190903,1,1,3,16,94.5270775182828,1,99.9
498.1431503322483,6.678596777999168,0,0,0,18,2548.8555164060926,0,19.6
348.93606383900175,3.6196500818935737,0,0,0,13,156.00414797577054,0,20.8
211.73132431328054,7.155123241516033,0,0,1,22,1154.1277008491525,0,19.6
77.11988715468021,5.491130884237108,0,0,0,14,490.84206936756686,0,18.4
467.7588569743741,4.046823343632356,0,0,0,15,468.1813035021048,0,20.6
294.00257714222624,13.695228886997299,0,0,2,1,1062.7750630093115,0,18.0
647.6181382025245,9.124733081625262,1,1,1,2,263.5821510767315,0,25.3
450.30463487865046,6.718753239361346,0,0,1,6,159.05317488236219,0,24.4
508.3770175257034,14.015477600881065,0,0,0,17,643.5259353994956,0,20.9
636.110815108874,3.2800017066601215,0,0,3,0,160.65150321376885,0,21.5
129.18147896810373,33.48201238005933,0,0,0,23,931.0954353898912,0,9.7
420.5664421304816,4.709830521412082,0,1,1,11,512.3169742332525,0,16.7
189.30063570900379,19.37242320001025,0,0,2,13,178.31427639283172,0,17.9
87.97572881335992,57.601231279602445,0,0,1,15,540.5555492445019,0,19.7
211.17883348205117,2.03059772301041,0,0,1,22,1147.206169599831,0,21.9
259.17256726454247,36.85922465745329,0,0,0,1,1841.8145460251094,0,14.6
249.42622187090296,1.540842411789351,0,0,0,8,722.1085175145023,0,22.2
1729.160926274398,1211.6746710801656,1,1,6,10,108.57473427294211,1,99.9
76.1944854490508,0.10870802227750812,0,0,1,7,435.00816448242847,0,19.6
296.7281510618537,8.868874252292873,0,0,1,22,375.97261215397543,0,17.6
185.78857783042827,6.142133595221688,0,0,2,5,359.0059493589137,0,21.1
170.83875598918877,26.557810808147643,0,1,0,4,552.660975352863,0,18.2
319.6972556766115,9.392824489976366,0,0,1,15,2190.3896183203187,0,20.1
204.2682827708153,6.422820375240335,0,0,1,10,52.95311135154562,0,28.0
213.3101054671722,20.413756244676488,0,0,0,1,735.498947005379,0,15.7
258.12232424590974,13.449609366897512,0,0,0,23,1011.349152957353,0,11.2
306.46554646880026,1.4854294434133157,0,0,0,5,404.3334740683942,0,21.6
120.04317192321327,13.837122717056547,0,0,0,19,592.8493233964874,0,13.3
584.9786423470998,1.8474077433430947,0,1,1,2,772.6066887456604,0,18.4
236.9497981982003,9.570570128958005,0,0,0,12,778.6629743072764,0,18.8
